{
  "meta": {
    "data_version": "1.1.0",
    "created": "2023-03-16",
    "revision": 2
  },
  "info": {
    "balls_per_over": 6,
    "city": "Navi Mumbai",
    "dates": [
      "2023-03-15"
    ],
    "event": {
      "name": "Women's Premier League",
      "match_number": 13
    },
    "gender": "female",
    "match_type": "T20",
    "officials": {
      "match_referees": [
        "GS Lakshmi"
      ],
      "reserve_umpires": [
        "PG Pathak"
      ],
      "tv_umpires": [
        "N Pandit"
      ],
      "umpires": [
        "M Kuppuraj",
        "Sanjay Kumar Singh"
      ]
    },
    "outcome": {
      "winner": "Royal Challengers Bangalore",
      "by": {
        "wickets": 5
      }
    },
    "overs": 20,
    "player_of_match": [
      "KS Ahuja"
    ],
    "players": {
      "UP Warriorz": [
        "AJ Healy",
        "DP Vaidya",
        "KP Navgire",
        "TM McGrath",
        "GM Harris",
        "Simran Shaikh",
        "DB Sharma",
        "S Sehrawat",
        "S Ecclestone",
        "K Anjali Sarvani",
        "RS Gayakwad"
      ],
      "Royal Challengers Bangalore": [
        "SFM Devine",
        "S Mandhana",
        "EA Perry",
        "HC Knight",
        "KS Ahuja",
        "RM Ghosh",
        "SR Patil",
        "ML Schutt",
        "S Asha",
        "Renuka Singh",
        "DD Kasat"
      ]
    },
    "registry": {
      "people": {
        "AJ Healy": "321644de",
        "DB Sharma": "201fef33",
        "DD Kasat": "fc0155d9",
        "DP Vaidya": "f9ded29b",
        "EA Perry": "be150fc8",
        "GM Harris": "72166006",
        "GS Lakshmi": "ba8d5615",
        "HC Knight": "4ba0289e",
        "K Anjali Sarvani": "fa0bf9d9",
        "KP Navgire": "617a0b79",
        "KS Ahuja": "58593620",
        "M Kuppuraj": "aa4063d0",
        "ML Schutt": "17608a6f",
        "N Pandit": "4947c258",
        "PG Pathak": "9f772ec5",
        "RM Ghosh": "721e0199",
        "RS Gayakwad": "237ec05b",
        "Renuka Singh": "7298db76",
        "S Asha": "77143581",
        "S Ecclestone": "cdb82f1c",
        "S Mandhana": "5d2eda89",
        "S Sehrawat": "0e9d4094",
        "SFM Devine": "de69af96",
        "SR Patil": "33946d69",
        "Sanjay Kumar Singh": "ccb9d6a6",
        "Simran Shaikh": "4961601c",
        "TM McGrath": "ca5acfa4"
      }
    },
    "season": "2022/23",
    "team_type": "club",
    "teams": [
      "UP Warriorz",
      "Royal Challengers Bangalore"
    ],
    "toss": {
      "decision": "field",
      "winner": "Royal Challengers Bangalore"
    },
    "venue": "Dr DY Patil Sports Academy, Mumbai"
  },
  "innings": [
    {
      "team": "UP Warriorz",
      "overs": [
        {
          "over": 0,
          "deliveries": [
            {
              "batter": "AJ Healy",
              "bowler": "SFM Devine",
              "non_striker": "DP Vaidya",
              "runs": {
                "batter": 1,
                "extras": 0,
                "total": 1
              }
            },
            {
              "batter": "DP Vaidya",
              "bowler": "SFM Devine",
              "non_striker": "AJ Healy",
              "review": {
                "by": "UP Warriorz",
                "umpire": "Sanjay Kumar Singh",
                "batter": "DP Vaidya",
                "decision": "struck down",
                "umpires_call": true
              },
              "runs": {
                "batter": 0,
                "extras": 0,
                "total": 0
              },
              "wickets": [
                {
                  "player_out": "DP Vaidya",
                  "kind": "lbw"
                }
              ]
            },
            {
              "batter": "KP Navgire",
              "bowler": "SFM Devine",
              "non_striker": "AJ Healy",
              "runs": {
                "batter": 0,
                "extras": 0,
                "total": 0
              }
            },
            {
              "batter": "KP Navgire",
              "bowler": "SFM Devine",
              "non_striker": "AJ Healy",
              "runs": {
                "batter": 1,
                "extras": 0,
                "total": 1
              }
            },
            {
              "batter": "AJ Healy",
              "bowler": "SFM Devine",
              "non_striker": "KP Navgire",
              "runs": {
                "batter": 0,
                "extras": 0,
                "total": 0
              }
            },
            {
              "batter": "AJ Healy",
              "bowler": "SFM Devine",
              "non_striker": "KP Navgire",
              "runs": {
                "batter": 0,
                "extras": 0,
                "total": 0
              },
              "wickets": [
                {
                  "player_out": "AJ Healy",
                  "fielders": [
                    {
                      "name": "S Asha"
                    }
                  ],
                  "kind": "caught"
                }
              ]
            }
          ]
        },
        {
          "over": 1,
          "deliveries": [
            {
              "batter": "KP Navgire",
              "bowler": "ML Schutt",
              "non_striker": "TM McGrath",
              "runs": {
                "batter": 0,
                "extras": 0,
                "total": 0
              }
            },
            {
              "batter": "KP Navgire",
              "bowler": "ML Schutt",
              "non_striker": "TM McGrath",
              "runs": {
                "batter": 0,
                "extras": 0,
                "total": 0
              }
            },
            {
              "batter": "KP Navgire",
              "bowler": "ML Schutt",
              "non_striker": "TM McGrath",
              "runs": {
                "batter": 0,
                "extras": 0,
                "total": 0
              }
            },
            {
              "batter": "KP Navgire",
              "bowler": "ML Schutt",
              "non_striker": "TM McGrath",
              "runs": {
                "batter": 1,
                "extras": 0,
                "total": 1
              }
            },
            {
              "batter": "TM McGrath",
              "bowler": "ML Schutt",
              "non_striker": "KP Navgire",
              "runs": {
                "batter": 2,
                "extras": 0,
                "total": 2
              }
            },
            {
              "batter": "TM McGrath",
              "bowler": "ML Schutt",
              "non_striker": "KP Navgire",
              "runs": {
                "batter": 0,
                "extras": 0,
                "total": 0
              },
              "wickets": [
                {
                  "player_out": "TM McGrath",
                  "fielders": [
                    {
                      "name": "RM Ghosh"
                    }
                  ],
                  "kind": "caught"
                }
              ]
            }
          ]
        },
        {
          "over": 2,
          "deliveries": [
            {
              "batter": "KP Navgire",
              "bowler": "SFM Devine",
              "extras": {
                "wides": 1
              },
              "non_striker": "GM Harris",
              "runs": {
                "batter": 0,
                "extras": 1,
                "total": 1
              }
            },
            {
              "batter": "KP Navgire",
              "bowler": "SFM Devine",
              "non_striker": "GM Harris",
              "runs": {
                "batter": 0,
                "extras": 0,
                "total": 0
              }
            },
            {
              "batter": "KP Navgire",
              "bowler": "SFM Devine",
              "non_striker": "GM Harris",
              "runs": {
                "batter": 0,
                "extras": 0,
                "total": 0
              }
            },
            {
              "batter": "KP Navgire",
              "bowler": "SFM Devine",
              "non_striker": "GM Harris",
              "runs": {
                "batter": 4,
                "extras": 0,
                "total": 4
              }
            },
            {
              "batter": "KP Navgire",
              "bowler": "SFM Devine",
              "non_striker": "GM Harris",
              "runs": {
                "batter": 2,
                "extras": 0,
                "total": 2
              }
            },
            {
              "batter": "KP Navgire",
              "bowler": "SFM Devine",
              "non_striker": "GM Harris",
              "runs": {
                "batter": 0,
                "extras": 0,
                "total": 0
              }
            },
            {
              "batter": "KP Navgire",
              "bowler": "SFM Devine",
              "non_striker": "GM Harris",
              "runs": {
                "batter": 1,
                "extras": 0,
                "total": 1
              }
            }
          ]
        },
        {
          "over": 3,
          "deliveries": [
            {
              "batter": "KP Navgire",
              "bowler": "ML Schutt",
              "non_striker": "GM Harris",
              "runs": {
                "batter": 0,
                "extras": 0,
                "total": 0
              }
            },
            {
              "batter": "KP Navgire",
              "bowler": "ML Schutt",
              "non_striker": "GM Harris",
              "runs": {
                "batter": 0,
                "extras": 0,
                "total": 0
              }
            },
            {
              "batter": "KP Navgire",
              "bowler": "ML Schutt",
              "non_striker": "GM Harris",
              "runs": {
                "batter": 0,
                "extras": 0,
                "total": 0
              }
            },
            {
              "batter": "KP Navgire",
              "bowler": "ML Schutt",
              "non_striker": "GM Harris",
              "runs": {
                "batter": 0,
                "extras": 0,
                "total": 0
              }
            },
            {
              "batter": "KP Navgire",
              "bowler": "ML Schutt",
              "non_striker": "GM Harris",
              "runs": {
                "batter": 0,
                "extras": 0,
                "total": 0
              }
            },
            {
              "batter": "KP Navgire",
              "bowler": "ML Schutt",
              "non_striker": "GM Harris",
              "runs": {
                "batter": 4,
                "extras": 0,
                "total": 4
              }
            }
          ]
        },
        {
          "over": 4,
          "deliveries": [
            {
              "batter": "GM Harris",
              "bowler": "SFM Devine",
              "non_striker": "KP Navgire",
              "runs": {
                "batter": 0,
                "extras": 0,
                "total": 0
              }
            },
            {
              "batter": "GM Harris",
              "bowler": "SFM Devine",
              "extras": {
                "wides": 1
              },
              "non_striker": "KP Navgire",
              "runs": {
                "batter": 0,
                "extras": 1,
                "total": 1
              }
            },
            {
              "batter": "GM Harris",
              "bowler": "SFM Devine",
              "non_striker": "KP Navgire",
              "runs": {
                "batter": 0,
                "extras": 0,
                "total": 0
              }
            },
            {
              "batter": "GM Harris",
              "bowler": "SFM Devine",
              "non_striker": "KP Navgire",
              "runs": {
                "batter": 0,
                "extras": 0,
                "total": 0
              }
            },
            {
              "batter": "GM Harris",
              "bowler": "SFM Devine",
              "non_striker": "KP Navgire",
              "runs": {
                "batter": 1,
                "extras": 0,
                "total": 1
              }
            },
            {
              "batter": "KP Navgire",
              "bowler": "SFM Devine",
              "non_striker": "GM Harris",
              "runs": {
                "batter": 0,
                "extras": 0,
                "total": 0
              }
            },
            {
              "batter": "KP Navgire",
              "bowler": "SFM Devine",
              "non_striker": "GM Harris",
              "runs": {
                "batter": 1,
                "extras": 0,
                "total": 1
              }
            }
          ]
        },
        {
          "over": 5,
          "deliveries": [
            {
              "batter": "KP Navgire",
              "bowler": "Renuka Singh",
              "non_striker": "GM Harris",
              "runs": {
                "batter": 0,
                "extras": 0,
                "total": 0
              }
            },
            {
              "batter": "KP Navgire",
              "bowler": "Renuka Singh",
              "non_striker": "GM Harris",
              "runs": {
                "batter": 1,
                "extras": 0,
                "total": 1
              }
            },
            {
              "batter": "GM Harris",
              "bowler": "Renuka Singh",
              "non_striker": "KP Navgire",
              "runs": {
                "batter": 1,
                "extras": 0,
                "total": 1
              }
            },
            {
              "batter": "KP Navgire",
              "bowler": "Renuka Singh",
              "non_striker": "GM Harris",
              "runs": {
                "batter": 6,
                "extras": 0,
                "total": 6
              }
            },
            {
              "batter": "KP Navgire",
              "bowler": "Renuka Singh",
              "non_striker": "GM Harris",
              "runs": {
                "batter": 1,
                "extras": 0,
                "total": 1
              }
            },
            {
              "batter": "GM Harris",
              "bowler": "Renuka Singh",
              "non_striker": "KP Navgire",
              "runs": {
                "batter": 0,
                "extras": 0,
                "total": 0
              }
            }
          ]
        },
        {
          "over": 6,
          "deliveries": [
            {
              "batter": "KP Navgire",
              "bowler": "S Asha",
              "non_striker": "GM Harris",
              "runs": {
                "batter": 0,
                "extras": 0,
                "total": 0
              }
            },
            {
              "batter": "KP Navgire",
              "bowler": "S Asha",
              "non_striker": "GM Harris",
              "runs": {
                "batter": 0,
                "extras": 0,
                "total": 0
              },
              "wickets": [
                {
                  "player_out": "KP Navgire",
                  "fielders": [
                    {
                      "name": "RM Ghosh"
                    }
                  ],
                  "kind": "caught"
                }
              ]
            },
            {
              "batter": "Simran Shaikh",
              "bowler": "S Asha",
              "non_striker": "GM Harris",
              "runs": {
                "batter": 0,
                "extras": 0,
                "total": 0
              }
            },
            {
              "batter": "Simran Shaikh",
              "bowler": "S Asha",
              "non_striker": "GM Harris",
              "runs": {
                "batter": 0,
                "extras": 0,
                "total": 0
              }
            },
            {
              "batter": "Simran Shaikh",
              "bowler": "S Asha",
              "non_striker": "GM Harris",
              "runs": {
                "batter": 0,
                "extras": 0,
                "total": 0
              }
            },
            {
              "batter": "Simran Shaikh",
              "bowler": "S Asha",
              "non_striker": "GM Harris",
              "runs": {
                "batter": 1,
                "extras": 0,
                "total": 1
              }
            }
          ]
        },
        {
          "over": 7,
          "deliveries": [
            {
              "batter": "Simran Shaikh",
              "bowler": "EA Perry",
              "non_striker": "GM Harris",
              "runs": {
                "batter": 0,
                "extras": 0,
                "total": 0
              }
            },
            {
              "batter": "Simran Shaikh",
              "bowler": "EA Perry",
              "non_striker": "GM Harris",
              "runs": {
                "batter": 0,
                "extras": 0,
                "total": 0
              }
            },
            {
              "batter": "Simran Shaikh",
              "bowler": "EA Perry",
              "non_striker": "GM Harris",
              "runs": {
                "batter": 0,
                "extras": 0,
                "total": 0
              }
            },
            {
              "batter": "Simran Shaikh",
              "bowler": "EA Perry",
              "non_striker": "GM Harris",
              "runs": {
                "batter": 1,
                "extras": 0,
                "total": 1
              }
            },
            {
              "batter": "GM Harris",
              "bowler": "EA Perry",
              "non_striker": "Simran Shaikh",
              "runs": {
                "batter": 0,
                "extras": 0,
                "total": 0
              }
            },
            {
              "batter": "GM Harris",
              "bowler": "EA Perry",
              "non_striker": "Simran Shaikh",
              "runs": {
                "batter": 0,
                "extras": 0,
                "total": 0
              }
            }
          ]
        },
        {
          "over": 8,
          "deliveries": [
            {
              "batter": "Simran Shaikh",
              "bowler": "S Asha",
              "non_striker": "GM Harris",
              "runs": {
                "batter": 0,
                "extras": 0,
                "total": 0
              },
              "wickets": [
                {
                  "player_out": "Simran Shaikh",
                  "fielders": [
                    {
                      "name": "KS Ahuja"
                    }
                  ],
                  "kind": "caught"
                }
              ]
            },
            {
              "batter": "DB Sharma",
              "bowler": "S Asha",
              "non_striker": "GM Harris",
              "runs": {
                "batter": 0,
                "extras": 0,
                "total": 0
              }
            },
            {
              "batter": "DB Sharma",
              "bowler": "S Asha",
              "non_striker": "GM Harris",
              "runs": {
                "batter": 0,
                "extras": 0,
                "total": 0
              }
            },
            {
              "batter": "DB Sharma",
              "bowler": "S Asha",
              "non_striker": "GM Harris",
              "runs": {
                "batter": 4,
                "extras": 0,
                "total": 4
              }
            },
            {
              "batter": "DB Sharma",
              "bowler": "S Asha",
              "non_striker": "GM Harris",
              "runs": {
                "batter": 0,
                "extras": 0,
                "total": 0
              }
            },
            {
              "batter": "DB Sharma",
              "bowler": "S Asha",
              "non_striker": "GM Harris",
              "runs": {
                "batter": 1,
                "extras": 0,
                "total": 1
              }
            }
          ]
        },
        {
          "over": 9,
          "deliveries": [
            {
              "batter": "DB Sharma",
              "bowler": "EA Perry",
              "non_striker": "GM Harris",
              "runs": {
                "batter": 1,
                "extras": 0,
                "total": 1
              }
            },
            {
              "batter": "GM Harris",
              "bowler": "EA Perry",
              "extras": {
                "wides": 1
              },
              "non_striker": "DB Sharma",
              "runs": {
                "batter": 0,
                "extras": 1,
                "total": 1
              }
            },
            {
              "batter": "GM Harris",
              "bowler": "EA Perry",
              "non_striker": "DB Sharma",
              "runs": {
                "batter": 0,
                "extras": 0,
                "total": 0
              }
            },
            {
              "batter": "GM Harris",
              "bowler": "EA Perry",
              "non_striker": "DB Sharma",
              "runs": {
                "batter": 2,
                "extras": 0,
                "total": 2
              }
            },
            {
              "batter": "GM Harris",
              "bowler": "EA Perry",
              "non_striker": "DB Sharma",
              "runs": {
                "batter": 1,
                "extras": 0,
                "total": 1
              }
            },
            {
              "batter": "DB Sharma",
              "bowler": "EA Perry",
              "extras": {
                "byes": 1
              },
              "non_striker": "GM Harris",
              "runs": {
                "batter": 0,
                "extras": 1,
                "total": 1
              }
            },
            {
              "batter": "GM Harris",
              "bowler": "EA Perry",
              "non_striker": "DB Sharma",
              "runs": {
                "batter": 1,
                "extras": 0,
                "total": 1
              }
            }
          ]
        },
        {
          "over": 10,
          "deliveries": [
            {
              "batter": "GM Harris",
              "bowler": "S Asha",
              "non_striker": "DB Sharma",
              "runs": {
                "batter": 2,
                "extras": 0,
                "total": 2
              }
            },
            {
              "batter": "GM Harris",
              "bowler": "S Asha",
              "non_striker": "DB Sharma",
              "runs": {
                "batter": 1,
                "extras": 0,
                "total": 1
              }
            },
            {
              "batter": "DB Sharma",
              "bowler": "S Asha",
              "non_striker": "GM Harris",
              "runs": {
                "batter": 1,
                "extras": 0,
                "total": 1
              }
            },
            {
              "batter": "GM Harris",
              "bowler": "S Asha",
              "non_striker": "DB Sharma",
              "runs": {
                "batter": 0,
                "extras": 0,
                "total": 0
              }
            },
            {
              "batter": "GM Harris",
              "bowler": "S Asha",
              "non_striker": "DB Sharma",
              "runs": {
                "batter": 0,
                "extras": 0,
                "total": 0
              }
            },
            {
              "batter": "GM Harris",
              "bowler": "S Asha",
              "non_striker": "DB Sharma",
              "runs": {
                "batter": 1,
                "extras": 0,
                "total": 1
              }
            }
          ]
        },
        {
          "over": 11,
          "deliveries": [
            {
              "batter": "GM Harris",
              "bowler": "SR Patil",
              "non_striker": "DB Sharma",
              "runs": {
                "batter": 6,
                "extras": 0,
                "total": 6
              }
            },
            {
              "batter": "GM Harris",
              "bowler": "SR Patil",
              "non_striker": "DB Sharma",
              "runs": {
                "batter": 4,
                "extras": 0,
                "total": 4
              }
            },
            {
              "batter": "GM Harris",
              "bowler": "SR Patil",
              "non_striker": "DB Sharma",
              "runs": {
                "batter": 1,
                "extras": 0,
                "total": 1
              }
            },
            {
              "batter": "DB Sharma",
              "bowler": "SR Patil",
              "non_striker": "GM Harris",
              "runs": {
                "batter": 0,
                "extras": 0,
                "total": 0
              }
            },
            {
              "batter": "DB Sharma",
              "bowler": "SR Patil",
              "non_striker": "GM Harris",
              "runs": {
                "batter": 0,
                "extras": 0,
                "total": 0
              }
            },
            {
              "batter": "DB Sharma",
              "bowler": "SR Patil",
              "non_striker": "GM Harris",
              "runs": {
                "batter": 4,
                "extras": 0,
                "total": 4
              }
            }
          ]
        },
        {
          "over": 12,
          "deliveries": [
            {
              "batter": "GM Harris",
              "bowler": "S Asha",
              "non_striker": "DB Sharma",
              "runs": {
                "batter": 1,
                "extras": 0,
                "total": 1
              }
            },
            {
              "batter": "DB Sharma",
              "bowler": "S Asha",
              "non_striker": "GM Harris",
              "runs": {
                "batter": 1,
                "extras": 0,
                "total": 1
              }
            },
            {
              "batter": "GM Harris",
              "bowler": "S Asha",
              "non_striker": "DB Sharma",
              "runs": {
                "batter": 4,
                "extras": 0,
                "total": 4
              }
            },
            {
              "batter": "GM Harris",
              "bowler": "S Asha",
              "non_striker": "DB Sharma",
              "runs": {
                "batter": 0,
                "extras": 0,
                "total": 0
              }
            },
            {
              "batter": "GM Harris",
              "bowler": "S Asha",
              "non_striker": "DB Sharma",
              "runs": {
                "batter": 6,
                "extras": 0,
                "total": 6
              }
            },
            {
              "batter": "GM Harris",
              "bowler": "S Asha",
              "non_striker": "DB Sharma",
              "runs": {
                "batter": 4,
                "extras": 0,
                "total": 4
              }
            }
          ]
        },
        {
          "over": 13,
          "deliveries": [
            {
              "batter": "DB Sharma",
              "bowler": "SFM Devine",
              "non_striker": "GM Harris",
              "runs": {
                "batter": 1,
                "extras": 0,
                "total": 1
              }
            },
            {
              "batter": "GM Harris",
              "bowler": "SFM Devine",
              "non_striker": "DB Sharma",
              "runs": {
                "batter": 1,
                "extras": 0,
                "total": 1
              }
            },
            {
              "batter": "DB Sharma",
              "bowler": "SFM Devine",
              "non_striker": "GM Harris",
              "runs": {
                "batter": 4,
                "extras": 0,
                "total": 4
              }
            },
            {
              "batter": "DB Sharma",
              "bowler": "SFM Devine",
              "non_striker": "GM Harris",
              "runs": {
                "batter": 4,
                "extras": 0,
                "total": 4
              }
            },
            {
              "batter": "DB Sharma",
              "bowler": "SFM Devine",
              "non_striker": "GM Harris",
              "runs": {
                "batter": 0,
                "extras": 0,
                "total": 0
              }
            },
            {
              "batter": "DB Sharma",
              "bowler": "SFM Devine",
              "non_striker": "GM Harris",
              "runs": {
                "batter": 0,
                "extras": 0,
                "total": 0
              }
            }
          ]
        },
        {
          "over": 14,
          "deliveries": [
            {
              "batter": "GM Harris",
              "bowler": "Renuka Singh",
              "extras": {
                "wides": 1
              },
              "non_striker": "DB Sharma",
              "runs": {
                "batter": 0,
                "extras": 1,
                "total": 1
              }
            },
            {
              "batter": "GM Harris",
              "bowler": "Renuka Singh",
              "non_striker": "DB Sharma",
              "runs": {
                "batter": 4,
                "extras": 0,
                "total": 4
              }
            },
            {
              "batter": "GM Harris",
              "bowler": "Renuka Singh",
              "non_striker": "DB Sharma",
              "runs": {
                "batter": 1,
                "extras": 0,
                "total": 1
              }
            },
            {
              "batter": "DB Sharma",
              "bowler": "Renuka Singh",
              "non_striker": "GM Harris",
              "runs": {
                "batter": 1,
                "extras": 0,
                "total": 1
              }
            },
            {
              "batter": "GM Harris",
              "bowler": "Renuka Singh",
              "non_striker": "DB Sharma",
              "runs": {
                "batter": 0,
                "extras": 0,
                "total": 0
              }
            },
            {
              "batter": "GM Harris",
              "bowler": "Renuka Singh",
              "non_striker": "DB Sharma",
              "runs": {
                "batter": 4,
                "extras": 0,
                "total": 4
              }
            },
            {
              "batter": "GM Harris",
              "bowler": "Renuka Singh",
              "non_striker": "DB Sharma",
              "runs": {
                "batter": 0,
                "extras": 0,
                "total": 0
              }
            }
          ]
        },
        {
          "over": 15,
          "deliveries": [
            {
              "batter": "DB Sharma",
              "bowler": "EA Perry",
              "non_striker": "GM Harris",
              "runs": {
                "batter": 0,
                "extras": 0,
                "total": 0
              },
              "wickets": [
                {
                  "player_out": "DB Sharma",
                  "fielders": [
                    {
                      "name": "SR Patil"
                    }
                  ],
                  "kind": "caught"
                }
              ]
            },
            {
              "batter": "S Sehrawat",
              "bowler": "EA Perry",
              "non_striker": "GM Harris",
              "runs": {
                "batter": 1,
                "extras": 0,
                "total": 1
              }
            },
            {
              "batter": "GM Harris",
              "bowler": "EA Perry",
              "non_striker": "S Sehrawat",
              "runs": {
                "batter": 0,
                "extras": 0,
                "total": 0
              },
              "wickets": [
                {
                  "player_out": "GM Harris",
                  "fielders": [
                    {
                      "name": "RM Ghosh"
                    }
                  ],
                  "kind": "caught"
                }
              ]
            },
            {
              "batter": "S Ecclestone",
              "bowler": "EA Perry",
              "non_striker": "S Sehrawat",
              "runs": {
                "batter": 0,
                "extras": 0,
                "total": 0
              }
            },
            {
              "batter": "S Ecclestone",
              "bowler": "EA Perry",
              "non_striker": "S Sehrawat",
              "runs": {
                "batter": 2,
                "extras": 0,
                "total": 2
              }
            },
            {
              "batter": "S Ecclestone",
              "bowler": "EA Perry",
              "non_striker": "S Sehrawat",
              "runs": {
                "batter": 0,
                "extras": 0,
                "total": 0
              }
            }
          ]
        },
        {
          "over": 16,
          "deliveries": [
            {
              "batter": "S Sehrawat",
              "bowler": "ML Schutt",
              "non_striker": "S Ecclestone",
              "runs": {
                "batter": 0,
                "extras": 0,
                "total": 0
              }
            },
            {
              "batter": "S Sehrawat",
              "bowler": "ML Schutt",
              "non_striker": "S Ecclestone",
              "review": {
                "by": "UP Warriorz",
                "umpire": "Sanjay Kumar Singh",
                "batter": "S Sehrawat",
                "decision": "upheld"
              },
              "runs": {
                "batter": 0,
                "extras": 0,
                "total": 0
              }
            },
            {
              "batter": "S Sehrawat",
              "bowler": "ML Schutt",
              "non_striker": "S Ecclestone",
              "runs": {
                "batter": 1,
                "extras": 0,
                "total": 1
              }
            },
            {
              "batter": "S Ecclestone",
              "bowler": "ML Schutt",
              "non_striker": "S Sehrawat",
              "runs": {
                "batter": 4,
                "extras": 0,
                "total": 4
              }
            },
            {
              "batter": "S Ecclestone",
              "bowler": "ML Schutt",
              "non_striker": "S Sehrawat",
              "runs": {
                "batter": 0,
                "extras": 0,
                "total": 0
              }
            },
            {
              "batter": "S Ecclestone",
              "bowler": "ML Schutt",
              "non_striker": "S Sehrawat",
              "runs": {
                "batter": 0,
                "extras": 0,
                "total": 0
              }
            }
          ]
        },
        {
          "over": 17,
          "deliveries": [
            {
              "batter": "S Sehrawat",
              "bowler": "EA Perry",
              "non_striker": "S Ecclestone",
              "runs": {
                "batter": 4,
                "extras": 0,
                "total": 4
              }
            },
            {
              "batter": "S Sehrawat",
              "bowler": "EA Perry",
              "non_striker": "S Ecclestone",
              "runs": {
                "batter": 0,
                "extras": 0,
                "total": 0
              },
              "wickets": [
                {
                  "player_out": "S Sehrawat",
                  "kind": "bowled"
                }
              ]
            },
            {
              "batter": "K Anjali Sarvani",
              "bowler": "EA Perry",
              "extras": {
                "legbyes": 4
              },
              "non_striker": "S Ecclestone",
              "runs": {
                "batter": 0,
                "extras": 4,
                "total": 4
              }
            },
            {
              "batter": "K Anjali Sarvani",
              "bowler": "EA Perry",
              "extras": {
                "legbyes": 1
              },
              "non_striker": "S Ecclestone",
              "runs": {
                "batter": 0,
                "extras": 1,
                "total": 1
              }
            },
            {
              "batter": "S Ecclestone",
              "bowler": "EA Perry",
              "non_striker": "K Anjali Sarvani",
              "runs": {
                "batter": 1,
                "extras": 0,
                "total": 1
              }
            },
            {
              "batter": "K Anjali Sarvani",
              "bowler": "EA Perry",
              "extras": {
                "wides": 1
              },
              "non_striker": "S Ecclestone",
              "runs": {
                "batter": 0,
                "extras": 1,
                "total": 1
              }
            },
            {
              "batter": "K Anjali Sarvani",
              "bowler": "EA Perry",
              "extras": {
                "legbyes": 1
              },
              "non_striker": "S Ecclestone",
              "runs": {
                "batter": 0,
                "extras": 1,
                "total": 1
              }
            }
          ]
        },
        {
          "over": 18,
          "deliveries": [
            {
              "batter": "K Anjali Sarvani",
              "bowler": "ML Schutt",
              "non_striker": "S Ecclestone",
              "runs": {
                "batter": 0,
                "extras": 0,
                "total": 0
              }
            },
            {
              "batter": "K Anjali Sarvani",
              "bowler": "ML Schutt",
              "non_striker": "S Ecclestone",
              "runs": {
                "batter": 1,
                "extras": 0,
                "total": 1
              }
            },
            {
              "batter": "S Ecclestone",
              "bowler": "ML Schutt",
              "non_striker": "K Anjali Sarvani",
              "runs": {
                "batter": 1,
                "extras": 0,
                "total": 1
              }
            },
            {
              "batter": "K Anjali Sarvani",
              "bowler": "ML Schutt",
              "non_striker": "S Ecclestone",
              "runs": {
                "batter": 2,
                "extras": 0,
                "total": 2
              }
            },
            {
              "batter": "K Anjali Sarvani",
              "bowler": "ML Schutt",
              "non_striker": "S Ecclestone",
              "runs": {
                "batter": 1,
                "extras": 0,
                "total": 1
              }
            },
            {
              "batter": "S Ecclestone",
              "bowler": "ML Schutt",
              "non_striker": "K Anjali Sarvani",
              "runs": {
                "batter": 4,
                "extras": 0,
                "total": 4
              }
            }
          ]
        },
        {
          "over": 19,
          "deliveries": [
            {
              "batter": "K Anjali Sarvani",
              "bowler": "SR Patil",
              "non_striker": "S Ecclestone",
              "runs": {
                "batter": 4,
                "extras": 0,
                "total": 4
              }
            },
            {
              "batter": "K Anjali Sarvani",
              "bowler": "SR Patil",
              "non_striker": "S Ecclestone",
              "runs": {
                "batter": 0,
                "extras": 0,
                "total": 0
              },
              "wickets": [
                {
                  "player_out": "K Anjali Sarvani",
                  "fielders": [
                    {
                      "name": "KS Ahuja"
                    }
                  ],
                  "kind": "caught"
                }
              ]
            },
            {
              "batter": "RS Gayakwad",
              "bowler": "SR Patil",
              "non_striker": "S Ecclestone",
              "runs": {
                "batter": 2,
                "extras": 0,
                "total": 2
              },
              "wickets": [
                {
                  "player_out": "S Ecclestone",
                  "fielders": [
                    {
                      "name": "RM Ghosh"
                    },
                    {
                      "name": "SR Patil"
                    },
                    {
                      "name": "DD Kasat"
                    }
                  ],
                  "kind": "run out"
                }
              ]
            }
          ]
        }
      ],
      "powerplays": [
        {
          "from": 0.1,
          "to": 5.6,
          "type": "mandatory"
        }
      ]
    },
    {
      "team": "Royal Challengers Bangalore",
      "overs": [
        {
          "over": 0,
          "deliveries": [
            {
              "batter": "SFM Devine",
              "bowler": "GM Harris",
              "non_striker": "S Mandhana",
              "runs": {
                "batter": 4,
                "extras": 0,
                "total": 4
              }
            },
            {
              "batter": "SFM Devine",
              "bowler": "GM Harris",
              "non_striker": "S Mandhana",
              "runs": {
                "batter": 0,
                "extras": 0,
                "total": 0
              }
            },
            {
              "batter": "SFM Devine",
              "bowler": "GM Harris",
              "non_striker": "S Mandhana",
              "runs": {
                "batter": 6,
                "extras": 0,
                "total": 6
              }
            },
            {
              "batter": "SFM Devine",
              "bowler": "GM Harris",
              "non_striker": "S Mandhana",
              "runs": {
                "batter": 4,
                "extras": 0,
                "total": 4
              }
            },
            {
              "batter": "SFM Devine",
              "bowler": "GM Harris",
              "non_striker": "S Mandhana",
              "runs": {
                "batter": 0,
                "extras": 0,
                "total": 0
              }
            },
            {
              "batter": "SFM Devine",
              "bowler": "GM Harris",
              "non_striker": "S Mandhana",
              "runs": {
                "batter": 0,
                "extras": 0,
                "total": 0
              },
              "wickets": [
                {
                  "player_out": "SFM Devine",
                  "fielders": [
                    {
                      "name": "TM McGrath"
                    }
                  ],
                  "kind": "caught"
                }
              ]
            }
          ]
        },
        {
          "over": 1,
          "deliveries": [
            {
              "batter": "S Mandhana",
              "bowler": "DB Sharma",
              "non_striker": "EA Perry",
              "runs": {
                "batter": 0,
                "extras": 0,
                "total": 0
              }
            },
            {
              "batter": "S Mandhana",
              "bowler": "DB Sharma",
              "non_striker": "EA Perry",
              "runs": {
                "batter": 0,
                "extras": 0,
                "total": 0
              }
            },
            {
              "batter": "S Mandhana",
              "bowler": "DB Sharma",
              "non_striker": "EA Perry",
              "runs": {
                "batter": 0,
                "extras": 0,
                "total": 0
              },
              "wickets": [
                {
                  "player_out": "S Mandhana",
                  "kind": "bowled"
                }
              ]
            },
            {
              "batter": "HC Knight",
              "bowler": "DB Sharma",
              "non_striker": "EA Perry",
              "runs": {
                "batter": 0,
                "extras": 0,
                "total": 0
              }
            },
            {
              "batter": "HC Knight",
              "bowler": "DB Sharma",
              "non_striker": "EA Perry",
              "runs": {
                "batter": 4,
                "extras": 0,
                "total": 4
              }
            },
            {
              "batter": "HC Knight",
              "bowler": "DB Sharma",
              "non_striker": "EA Perry",
              "runs": {
                "batter": 0,
                "extras": 0,
                "total": 0
              }
            }
          ]
        },
        {
          "over": 2,
          "deliveries": [
            {
              "batter": "EA Perry",
              "bowler": "RS Gayakwad",
              "non_striker": "HC Knight",
              "runs": {
                "batter": 1,
                "extras": 0,
                "total": 1
              }
            },
            {
              "batter": "HC Knight",
              "bowler": "RS Gayakwad",
              "non_striker": "EA Perry",
              "runs": {
                "batter": 4,
                "extras": 0,
                "total": 4
              }
            },
            {
              "batter": "HC Knight",
              "bowler": "RS Gayakwad",
              "non_striker": "EA Perry",
              "runs": {
                "batter": 0,
                "extras": 0,
                "total": 0
              }
            },
            {
              "batter": "HC Knight",
              "bowler": "RS Gayakwad",
              "non_striker": "EA Perry",
              "runs": {
                "batter": 4,
                "extras": 0,
                "total": 4
              }
            },
            {
              "batter": "HC Knight",
              "bowler": "RS Gayakwad",
              "non_striker": "EA Perry",
              "runs": {
                "batter": 0,
                "extras": 0,
                "total": 0
              }
            },
            {
              "batter": "HC Knight",
              "bowler": "RS Gayakwad",
              "non_striker": "EA Perry",
              "runs": {
                "batter": 0,
                "extras": 0,
                "total": 0
              }
            }
          ]
        },
        {
          "over": 3,
          "deliveries": [
            {
              "batter": "EA Perry",
              "bowler": "S Ecclestone",
              "non_striker": "HC Knight",
              "runs": {
                "batter": 4,
                "extras": 0,
                "total": 4
              }
            },
            {
              "batter": "EA Perry",
              "bowler": "S Ecclestone",
              "non_striker": "HC Knight",
              "runs": {
                "batter": 0,
                "extras": 0,
                "total": 0
              }
            },
            {
              "batter": "EA Perry",
              "bowler": "S Ecclestone",
              "non_striker": "HC Knight",
              "runs": {
                "batter": 1,
                "extras": 0,
                "total": 1
              }
            },
            {
              "batter": "HC Knight",
              "bowler": "S Ecclestone",
              "non_striker": "EA Perry",
              "runs": {
                "batter": 0,
                "extras": 0,
                "total": 0
              }
            },
            {
              "batter": "HC Knight",
              "bowler": "S Ecclestone",
              "non_striker": "EA Perry",
              "runs": {
                "batter": 0,
                "extras": 0,
                "total": 0
              }
            },
            {
              "batter": "HC Knight",
              "bowler": "S Ecclestone",
              "non_striker": "EA Perry",
              "runs": {
                "batter": 0,
                "extras": 0,
                "total": 0
              }
            }
          ]
        },
        {
          "over": 4,
          "deliveries": [
            {
              "batter": "EA Perry",
              "bowler": "K Anjali Sarvani",
              "non_striker": "HC Knight",
              "runs": {
                "batter": 0,
                "extras": 0,
                "total": 0
              }
            },
            {
              "batter": "EA Perry",
              "bowler": "K Anjali Sarvani",
              "non_striker": "HC Knight",
              "runs": {
                "batter": 0,
                "extras": 0,
                "total": 0
              }
            },
            {
              "batter": "EA Perry",
              "bowler": "K Anjali Sarvani",
              "non_striker": "HC Knight",
              "runs": {
                "batter": 1,
                "extras": 0,
                "total": 1
              }
            },
            {
              "batter": "HC Knight",
              "bowler": "K Anjali Sarvani",
              "non_striker": "EA Perry",
              "runs": {
                "batter": 1,
                "extras": 0,
                "total": 1
              }
            },
            {
              "batter": "EA Perry",
              "bowler": "K Anjali Sarvani",
              "non_striker": "HC Knight",
              "runs": {
                "batter": 0,
                "extras": 0,
                "total": 0
              }
            },
            {
              "batter": "EA Perry",
              "bowler": "K Anjali Sarvani",
              "extras": {
                "wides": 1
              },
              "non_striker": "HC Knight",
              "runs": {
                "batter": 0,
                "extras": 1,
                "total": 1
              }
            },
            {
              "batter": "EA Perry",
              "bowler": "K Anjali Sarvani",
              "non_striker": "HC Knight",
              "runs": {
                "batter": 1,
                "extras": 0,
                "total": 1
              }
            }
          ]
        },
        {
          "over": 5,
          "deliveries": [
            {
              "batter": "EA Perry",
              "bowler": "RS Gayakwad",
              "non_striker": "HC Knight",
              "runs": {
                "batter": 0,
                "extras": 0,
                "total": 0
              }
            },
            {
              "batter": "EA Perry",
              "bowler": "RS Gayakwad",
              "non_striker": "HC Knight",
              "runs": {
                "batter": 1,
                "extras": 0,
                "total": 1
              }
            },
            {
              "batter": "HC Knight",
              "bowler": "RS Gayakwad",
              "non_striker": "EA Perry",
              "runs": {
                "batter": 1,
                "extras": 0,
                "total": 1
              }
            },
            {
              "batter": "EA Perry",
              "bowler": "RS Gayakwad",
              "non_striker": "HC Knight",
              "runs": {
                "batter": 1,
                "extras": 0,
                "total": 1
              }
            },
            {
              "batter": "HC Knight",
              "bowler": "RS Gayakwad",
              "non_striker": "EA Perry",
              "runs": {
                "batter": 4,
                "extras": 0,
                "total": 4
              }
            },
            {
              "batter": "HC Knight",
              "bowler": "RS Gayakwad",
              "non_striker": "EA Perry",
              "runs": {
                "batter": 0,
                "extras": 0,
                "total": 0
              }
            }
          ]
        },
        {
          "over": 6,
          "deliveries": [
            {
              "batter": "EA Perry",
              "bowler": "DP Vaidya",
              "non_striker": "HC Knight",
              "runs": {
                "batter": 0,
                "extras": 0,
                "total": 0
              },
              "wickets": [
                {
                  "player_out": "EA Perry",
                  "fielders": [
                    {
                      "name": "S Ecclestone"
                    }
                  ],
                  "kind": "caught"
                }
              ]
            },
            {
              "batter": "KS Ahuja",
              "bowler": "DP Vaidya",
              "non_striker": "HC Knight",
              "runs": {
                "batter": 4,
                "extras": 0,
                "total": 4
              }
            },
            {
              "batter": "KS Ahuja",
              "bowler": "DP Vaidya",
              "non_striker": "HC Knight",
              "runs": {
                "batter": 0,
                "extras": 0,
                "total": 0
              }
            },
            {
              "batter": "KS Ahuja",
              "bowler": "DP Vaidya",
              "non_striker": "HC Knight",
              "runs": {
                "batter": 1,
                "extras": 0,
                "total": 1
              }
            },
            {
              "batter": "HC Knight",
              "bowler": "DP Vaidya",
              "non_striker": "KS Ahuja",
              "runs": {
                "batter": 0,
                "extras": 0,
                "total": 0
              }
            },
            {
              "batter": "HC Knight",
              "bowler": "DP Vaidya",
              "non_striker": "KS Ahuja",
              "runs": {
                "batter": 1,
                "extras": 0,
                "total": 1
              }
            }
          ]
        },
        {
          "over": 7,
          "deliveries": [
            {
              "batter": "HC Knight",
              "bowler": "RS Gayakwad",
              "non_striker": "KS Ahuja",
              "runs": {
                "batter": 1,
                "extras": 0,
                "total": 1
              }
            },
            {
              "batter": "KS Ahuja",
              "bowler": "RS Gayakwad",
              "non_striker": "HC Knight",
              "runs": {
                "batter": 0,
                "extras": 0,
                "total": 0
              }
            },
            {
              "batter": "KS Ahuja",
              "bowler": "RS Gayakwad",
              "non_striker": "HC Knight",
              "runs": {
                "batter": 0,
                "extras": 0,
                "total": 0
              }
            },
            {
              "batter": "KS Ahuja",
              "bowler": "RS Gayakwad",
              "non_striker": "HC Knight",
              "runs": {
                "batter": 1,
                "extras": 0,
                "total": 1
              }
            },
            {
              "batter": "HC Knight",
              "bowler": "RS Gayakwad",
              "non_striker": "KS Ahuja",
              "runs": {
                "batter": 0,
                "extras": 0,
                "total": 0
              }
            },
            {
              "batter": "HC Knight",
              "bowler": "RS Gayakwad",
              "non_striker": "KS Ahuja",
              "runs": {
                "batter": 4,
                "extras": 0,
                "total": 4
              }
            }
          ]
        },
        {
          "over": 8,
          "deliveries": [
            {
              "batter": "KS Ahuja",
              "bowler": "DB Sharma",
              "non_striker": "HC Knight",
              "runs": {
                "batter": 0,
                "extras": 0,
                "total": 0
              }
            },
            {
              "batter": "KS Ahuja",
              "bowler": "DB Sharma",
              "non_striker": "HC Knight",
              "runs": {
                "batter": 4,
                "extras": 0,
                "total": 4
              }
            },
            {
              "batter": "KS Ahuja",
              "bowler": "DB Sharma",
              "non_striker": "HC Knight",
              "runs": {
                "batter": 0,
                "extras": 0,
                "total": 0
              }
            },
            {
              "batter": "KS Ahuja",
              "bowler": "DB Sharma",
              "non_striker": "HC Knight",
              "runs": {
                "batter": 0,
                "extras": 0,
                "total": 0
              }
            },
            {
              "batter": "KS Ahuja",
              "bowler": "DB Sharma",
              "non_striker": "HC Knight",
              "runs": {
                "batter": 1,
                "extras": 0,
                "total": 1
              }
            },
            {
              "batter": "HC Knight",
              "bowler": "DB Sharma",
              "non_striker": "KS Ahuja",
              "runs": {
                "batter": 0,
                "extras": 0,
                "total": 0
              },
              "wickets": [
                {
                  "player_out": "HC Knight",
                  "fielders": [
                    {
                      "name": "KP Navgire"
                    }
                  ],
                  "kind": "caught"
                }
              ]
            }
          ]
        },
        {
          "over": 9,
          "deliveries": [
            {
              "batter": "KS Ahuja",
              "bowler": "S Ecclestone",
              "non_striker": "RM Ghosh",
              "runs": {
                "batter": 1,
                "extras": 0,
                "total": 1
              }
            },
            {
              "batter": "RM Ghosh",
              "bowler": "S Ecclestone",
              "non_striker": "KS Ahuja",
              "runs": {
                "batter": 0,
                "extras": 0,
                "total": 0
              }
            },
            {
              "batter": "RM Ghosh",
              "bowler": "S Ecclestone",
              "non_striker": "KS Ahuja",
              "runs": {
                "batter": 0,
                "extras": 0,
                "total": 0
              }
            },
            {
              "batter": "RM Ghosh",
              "bowler": "S Ecclestone",
              "non_striker": "KS Ahuja",
              "runs": {
                "batter": 0,
                "extras": 0,
                "total": 0
              }
            },
            {
              "batter": "RM Ghosh",
              "bowler": "S Ecclestone",
              "non_striker": "KS Ahuja",
              "runs": {
                "batter": 1,
                "extras": 0,
                "total": 1
              }
            },
            {
              "batter": "KS Ahuja",
              "bowler": "S Ecclestone",
              "non_striker": "RM Ghosh",
              "runs": {
                "batter": 4,
                "extras": 0,
                "total": 4
              }
            }
          ]
        },
        {
          "over": 10,
          "deliveries": [
            {
              "batter": "RM Ghosh",
              "bowler": "GM Harris",
              "non_striker": "KS Ahuja",
              "runs": {
                "batter": 0,
                "extras": 0,
                "total": 0
              }
            },
            {
              "batter": "RM Ghosh",
              "bowler": "GM Harris",
              "non_striker": "KS Ahuja",
              "runs": {
                "batter": 0,
                "extras": 0,
                "total": 0
              }
            },
            {
              "batter": "RM Ghosh",
              "bowler": "GM Harris",
              "non_striker": "KS Ahuja",
              "runs": {
                "batter": 1,
                "extras": 0,
                "total": 1
              }
            },
            {
              "batter": "KS Ahuja",
              "bowler": "GM Harris",
              "non_striker": "RM Ghosh",
              "runs": {
                "batter": 4,
                "extras": 0,
                "total": 4
              }
            },
            {
              "batter": "KS Ahuja",
              "bowler": "GM Harris",
              "non_striker": "RM Ghosh",
              "runs": {
                "batter": 4,
                "extras": 0,
                "total": 4
              }
            },
            {
              "batter": "KS Ahuja",
              "bowler": "GM Harris",
              "non_striker": "RM Ghosh",
              "runs": {
                "batter": 0,
                "extras": 0,
                "total": 0
              }
            }
          ]
        },
        {
          "over": 11,
          "deliveries": [
            {
              "batter": "RM Ghosh",
              "bowler": "RS Gayakwad",
              "non_striker": "KS Ahuja",
              "runs": {
                "batter": 1,
                "extras": 0,
                "total": 1
              }
            },
            {
              "batter": "KS Ahuja",
              "bowler": "RS Gayakwad",
              "non_striker": "RM Ghosh",
              "runs": {
                "batter": 0,
                "extras": 0,
                "total": 0
              }
            },
            {
              "batter": "KS Ahuja",
              "bowler": "RS Gayakwad",
              "non_striker": "RM Ghosh",
              "runs": {
                "batter": 4,
                "extras": 0,
                "total": 4
              }
            },
            {
              "batter": "KS Ahuja",
              "bowler": "RS Gayakwad",
              "non_striker": "RM Ghosh",
              "runs": {
                "batter": 0,
                "extras": 0,
                "total": 0
              }
            },
            {
              "batter": "KS Ahuja",
              "bowler": "RS Gayakwad",
              "non_striker": "RM Ghosh",
              "runs": {
                "batter": 4,
                "extras": 0,
                "total": 4
              }
            },
            {
              "batter": "KS Ahuja",
              "bowler": "RS Gayakwad",
              "non_striker": "RM Ghosh",
              "runs": {
                "batter": 4,
                "extras": 0,
                "total": 4
              }
            }
          ]
        },
        {
          "over": 12,
          "deliveries": [
            {
              "batter": "RM Ghosh",
              "bowler": "DP Vaidya",
              "non_striker": "KS Ahuja",
              "runs": {
                "batter": 1,
                "extras": 0,
                "total": 1
              }
            },
            {
              "batter": "KS Ahuja",
              "bowler": "DP Vaidya",
              "non_striker": "RM Ghosh",
              "runs": {
                "batter": 6,
                "extras": 0,
                "total": 6
              }
            },
            {
              "batter": "KS Ahuja",
              "bowler": "DP Vaidya",
              "non_striker": "RM Ghosh",
              "runs": {
                "batter": 1,
                "extras": 0,
                "total": 1
              }
            },
            {
              "batter": "RM Ghosh",
              "bowler": "DP Vaidya",
              "extras": {
                "wides": 1
              },
              "non_striker": "KS Ahuja",
              "runs": {
                "batter": 0,
                "extras": 1,
                "total": 1
              }
            },
            {
              "batter": "RM Ghosh",
              "bowler": "DP Vaidya",
              "non_striker": "KS Ahuja",
              "runs": {
                "batter": 0,
                "extras": 0,
                "total": 0
              }
            },
            {
              "batter": "RM Ghosh",
              "bowler": "DP Vaidya",
              "non_striker": "KS Ahuja",
              "runs": {
                "batter": 0,
                "extras": 0,
                "total": 0
              }
            },
            {
              "batter": "RM Ghosh",
              "bowler": "DP Vaidya",
              "non_striker": "KS Ahuja",
              "runs": {
                "batter": 4,
                "extras": 0,
                "total": 4
              }
            }
          ]
        },
        {
          "over": 13,
          "deliveries": [
            {
              "batter": "KS Ahuja",
              "bowler": "S Ecclestone",
              "non_striker": "RM Ghosh",
              "runs": {
                "batter": 1,
                "extras": 0,
                "total": 1
              }
            },
            {
              "batter": "RM Ghosh",
              "bowler": "S Ecclestone",
              "non_striker": "KS Ahuja",
              "runs": {
                "batter": 0,
                "extras": 0,
                "total": 0
              }
            },
            {
              "batter": "RM Ghosh",
              "bowler": "S Ecclestone",
              "non_striker": "KS Ahuja",
              "runs": {
                "batter": 2,
                "extras": 0,
                "total": 2
              }
            },
            {
              "batter": "RM Ghosh",
              "bowler": "S Ecclestone",
              "non_striker": "KS Ahuja",
              "runs": {
                "batter": 1,
                "extras": 0,
                "total": 1
              }
            },
            {
              "batter": "KS Ahuja",
              "bowler": "S Ecclestone",
              "non_striker": "RM Ghosh",
              "runs": {
                "batter": 0,
                "extras": 0,
                "total": 0
              }
            },
            {
              "batter": "KS Ahuja",
              "bowler": "S Ecclestone",
              "non_striker": "RM Ghosh",
              "runs": {
                "batter": 0,
                "extras": 0,
                "total": 0
              }
            }
          ]
        },
        {
          "over": 14,
          "deliveries": [
            {
              "batter": "RM Ghosh",
              "bowler": "GM Harris",
              "non_striker": "KS Ahuja",
              "runs": {
                "batter": 0,
                "extras": 0,
                "total": 0
              }
            },
            {
              "batter": "RM Ghosh",
              "bowler": "GM Harris",
              "non_striker": "KS Ahuja",
              "runs": {
                "batter": 0,
                "extras": 0,
                "total": 0
              }
            },
            {
              "batter": "RM Ghosh",
              "bowler": "GM Harris",
              "extras": {
                "byes": 4
              },
              "non_striker": "KS Ahuja",
              "runs": {
                "batter": 0,
                "extras": 4,
                "total": 4
              }
            },
            {
              "batter": "RM Ghosh",
              "bowler": "GM Harris",
              "non_striker": "KS Ahuja",
              "runs": {
                "batter": 4,
                "extras": 0,
                "total": 4
              }
            },
            {
              "batter": "RM Ghosh",
              "bowler": "GM Harris",
              "non_striker": "KS Ahuja",
              "runs": {
                "batter": 0,
                "extras": 0,
                "total": 0
              }
            },
            {
              "batter": "RM Ghosh",
              "bowler": "GM Harris",
              "non_striker": "KS Ahuja",
              "runs": {
                "batter": 1,
                "extras": 0,
                "total": 1
              }
            }
          ]
        },
        {
          "over": 15,
          "deliveries": [
            {
              "batter": "RM Ghosh",
              "bowler": "DB Sharma",
              "non_striker": "KS Ahuja",
              "runs": {
                "batter": 1,
                "extras": 0,
                "total": 1
              }
            },
            {
              "batter": "KS Ahuja",
              "bowler": "DB Sharma",
              "non_striker": "RM Ghosh",
              "runs": {
                "batter": 1,
                "extras": 0,
                "total": 1
              }
            },
            {
              "batter": "RM Ghosh",
              "bowler": "DB Sharma",
              "non_striker": "KS Ahuja",
              "runs": {
                "batter": 1,
                "extras": 0,
                "total": 1
              }
            },
            {
              "batter": "KS Ahuja",
              "bowler": "DB Sharma",
              "non_striker": "RM Ghosh",
              "runs": {
                "batter": 0,
                "extras": 0,
                "total": 0
              }
            },
            {
              "batter": "KS Ahuja",
              "bowler": "DB Sharma",
              "non_striker": "RM Ghosh",
              "runs": {
                "batter": 1,
                "extras": 0,
                "total": 1
              }
            },
            {
              "batter": "RM Ghosh",
              "bowler": "DB Sharma",
              "non_striker": "KS Ahuja",
              "runs": {
                "batter": 1,
                "extras": 0,
                "total": 1
              }
            }
          ]
        },
        {
          "over": 16,
          "deliveries": [
            {
              "batter": "RM Ghosh",
              "bowler": "S Ecclestone",
              "non_striker": "KS Ahuja",
              "runs": {
                "batter": 0,
                "extras": 0,
                "total": 0
              }
            },
            {
              "batter": "RM Ghosh",
              "bowler": "S Ecclestone",
              "non_striker": "KS Ahuja",
              "runs": {
                "batter": 0,
                "extras": 0,
                "total": 0
              }
            },
            {
              "batter": "RM Ghosh",
              "bowler": "S Ecclestone",
              "non_striker": "KS Ahuja",
              "runs": {
                "batter": 1,
                "extras": 0,
                "total": 1
              }
            },
            {
              "batter": "KS Ahuja",
              "bowler": "S Ecclestone",
              "non_striker": "RM Ghosh",
              "runs": {
                "batter": 0,
                "extras": 0,
                "total": 0
              },
              "wickets": [
                {
                  "player_out": "KS Ahuja",
                  "kind": "bowled"
                }
              ]
            },
            {
              "batter": "SR Patil",
              "bowler": "S Ecclestone",
              "non_striker": "RM Ghosh",
              "runs": {
                "batter": 0,
                "extras": 0,
                "total": 0
              }
            },
            {
              "batter": "SR Patil",
              "bowler": "S Ecclestone",
              "non_striker": "RM Ghosh",
              "runs": {
                "batter": 4,
                "extras": 0,
                "total": 4
              }
            }
          ]
        },
        {
          "over": 17,
          "deliveries": [
            {
              "batter": "RM Ghosh",
              "bowler": "DB Sharma",
              "non_striker": "SR Patil",
              "runs": {
                "batter": 6,
                "extras": 0,
                "total": 6
              }
            },
            {
              "batter": "RM Ghosh",
              "bowler": "DB Sharma",
              "non_striker": "SR Patil",
              "runs": {
                "batter": 4,
                "extras": 0,
                "total": 4
              }
            },
            {
              "batter": "RM Ghosh",
              "bowler": "DB Sharma",
              "non_striker": "SR Patil",
              "runs": {
                "batter": 0,
                "extras": 0,
                "total": 0
              }
            },
            {
              "batter": "RM Ghosh",
              "bowler": "DB Sharma",
              "non_striker": "SR Patil",
              "runs": {
                "batter": 0,
                "extras": 0,
                "total": 0
              }
            },
            {
              "batter": "RM Ghosh",
              "bowler": "DB Sharma",
              "non_striker": "SR Patil",
              "runs": {
                "batter": 1,
                "extras": 0,
                "total": 1
              }
            },
            {
              "batter": "SR Patil",
              "bowler": "DB Sharma",
              "non_striker": "RM Ghosh",
              "runs": {
                "batter": 1,
                "extras": 0,
                "total": 1
              }
            }
          ]
        }
      ],
      "powerplays": [
        {
          "from": 0.1,
          "to": 5.6,
          "type": "mandatory"
        }
      ],
      "target": {
        "overs": 20,
        "runs": 136
      }
    }
  ]
}