{
  "meta": {
    "data_version": "1.1.0",
    "created": "2023-03-30",
    "revision": 2
  },
  "info": {
    "balls_per_over": 6,
    "city": "Navi Mumbai",
    "dates": [
      "2023-03-24"
    ],
    "event": {
      "name": "Women's Premier League",
      "stage": "Eliminator"
    },
    "gender": "female",
    "match_type": "T20",
    "officials": {
      "match_referees": [
        "RB Kalita"
      ],
      "reserve_umpires": [
        "Gayathri Venugopal"
      ],
      "tv_umpires": [
        "Ranjeev Sharma"
      ],
      "umpires": [
        "N Pandit",
        "Saurabh Dhote"
      ]
    },
    "outcome": {
      "winner": "Mumbai Indians",
      "by": {
        "runs": 72
      }
    },
    "overs": 20,
    "player_of_match": [
      "NR Sciver-Brunt"
    ],
    "players": {
      "Mumbai Indians": [
        "YH Bhatia",
        "HK Matthews",
        "NR Sciver-Brunt",
        "H Kaur",
        "AC Kerr",
        "P Vastrakar",
        "HY Kazi",
        "AB Kaur",
        "IECM Wong",
        "JN Kalita",
        "S Ishaque"
      ],
      "UP Warriorz": [
        "AJ Healy",
        "S Sehrawat",
        "TM McGrath",
        "KP Navgire",
        "GM Harris",
        "DB Sharma",
        "Simran Shaikh",
        "S Ecclestone",
        "K Anjali Sarvani",
        "RS Gayakwad",
        "PG Chopra"
      ]
    },
    "registry": {
      "people": {
        "AB Kaur": "9565fda6",
        "AC Kerr": "7673c908",
        "AJ Healy": "321644de",
        "DB Sharma": "201fef33",
        "GM Harris": "72166006",
        "Gayathri Venugopal": "20e3ae99",
        "H Kaur": "53cd8da6",
        "HK Matthews": "d32cf49a",
        "HY Kazi": "16954a36",
        "IECM Wong": "e5b17517",
        "JN Kalita": "4c3bbf03",
        "K Anjali Sarvani": "fa0bf9d9",
        "KP Navgire": "617a0b79",
        "N Pandit": "4947c258",
        "NR Sciver-Brunt": "f3a18a0c",
        "P Vastrakar": "8026ea72",
        "PG Chopra": "0dc28b3f",
        "RB Kalita": "8d7ad5a6",
        "RS Gayakwad": "237ec05b",
        "Ranjeev Sharma": "d334aee7",
        "S Ecclestone": "cdb82f1c",
        "S Ishaque": "f2c1f0e5",
        "S Sehrawat": "0e9d4094",
        "Saurabh Dhote": "afe4ec5a",
        "Simran Shaikh": "4961601c",
        "TM McGrath": "ca5acfa4",
        "YH Bhatia": "9c3d4e8a"
      }
    },
    "season": "2022/23",
    "team_type": "club",
    "teams": [
      "Mumbai Indians",
      "UP Warriorz"
    ],
    "toss": {
      "decision": "field",
      "winner": "UP Warriorz"
    },
    "venue": "Dr DY Patil Sports Academy, Mumbai"
  },
  "innings": [
    {
      "team": "Mumbai Indians",
      "overs": [
        {
          "over": 0,
          "deliveries": [
            {
              "batter": "YH Bhatia",
              "bowler": "GM Harris",
              "non_striker": "HK Matthews",
              "runs": {
                "batter": 4,
                "extras": 0,
                "total": 4
              }
            },
            {
              "batter": "YH Bhatia",
              "bowler": "GM Harris",
              "non_striker": "HK Matthews",
              "runs": {
                "batter": 1,
                "extras": 0,
                "total": 1
              }
            },
            {
              "batter": "HK Matthews",
              "bowler": "GM Harris",
              "non_striker": "YH Bhatia",
              "runs": {
                "batter": 1,
                "extras": 0,
                "total": 1
              }
            },
            {
              "batter": "YH Bhatia",
              "bowler": "GM Harris",
              "non_striker": "HK Matthews",
              "runs": {
                "batter": 0,
                "extras": 0,
                "total": 0
              }
            },
            {
              "batter": "YH Bhatia",
              "bowler": "GM Harris",
              "non_striker": "HK Matthews",
              "runs": {
                "batter": 0,
                "extras": 0,
                "total": 0
              }
            },
            {
              "batter": "YH Bhatia",
              "bowler": "GM Harris",
              "non_striker": "HK Matthews",
              "runs": {
                "batter": 0,
                "extras": 0,
                "total": 0
              }
            }
          ]
        },
        {
          "over": 1,
          "deliveries": [
            {
              "batter": "HK Matthews",
              "bowler": "K Anjali Sarvani",
              "non_striker": "YH Bhatia",
              "runs": {
                "batter": 0,
                "extras": 0,
                "total": 0
              }
            },
            {
              "batter": "HK Matthews",
              "bowler": "K Anjali Sarvani",
              "non_striker": "YH Bhatia",
              "runs": {
                "batter": 0,
                "extras": 0,
                "total": 0
              }
            },
            {
              "batter": "HK Matthews",
              "bowler": "K Anjali Sarvani",
              "non_striker": "YH Bhatia",
              "runs": {
                "batter": 1,
                "extras": 0,
                "total": 1
              }
            },
            {
              "batter": "YH Bhatia",
              "bowler": "K Anjali Sarvani",
              "non_striker": "HK Matthews",
              "runs": {
                "batter": 4,
                "extras": 0,
                "total": 4
              }
            },
            {
              "batter": "YH Bhatia",
              "bowler": "K Anjali Sarvani",
              "non_striker": "HK Matthews",
              "runs": {
                "batter": 0,
                "extras": 0,
                "total": 0
              }
            },
            {
              "batter": "YH Bhatia",
              "bowler": "K Anjali Sarvani",
              "non_striker": "HK Matthews",
              "runs": {
                "batter": 1,
                "extras": 0,
                "total": 1
              }
            }
          ]
        },
        {
          "over": 2,
          "deliveries": [
            {
              "batter": "YH Bhatia",
              "bowler": "RS Gayakwad",
              "non_striker": "HK Matthews",
              "runs": {
                "batter": 4,
                "extras": 0,
                "total": 4
              }
            },
            {
              "batter": "YH Bhatia",
              "bowler": "RS Gayakwad",
              "non_striker": "HK Matthews",
              "runs": {
                "batter": 1,
                "extras": 0,
                "total": 1
              }
            },
            {
              "batter": "HK Matthews",
              "bowler": "RS Gayakwad",
              "non_striker": "YH Bhatia",
              "runs": {
                "batter": 0,
                "extras": 0,
                "total": 0
              }
            },
            {
              "batter": "HK Matthews",
              "bowler": "RS Gayakwad",
              "non_striker": "YH Bhatia",
              "runs": {
                "batter": 1,
                "extras": 0,
                "total": 1
              }
            },
            {
              "batter": "YH Bhatia",
              "bowler": "RS Gayakwad",
              "non_striker": "HK Matthews",
              "runs": {
                "batter": 4,
                "extras": 0,
                "total": 4
              }
            },
            {
              "batter": "YH Bhatia",
              "bowler": "RS Gayakwad",
              "non_striker": "HK Matthews",
              "runs": {
                "batter": 1,
                "extras": 0,
                "total": 1
              }
            }
          ]
        },
        {
          "over": 3,
          "deliveries": [
            {
              "batter": "YH Bhatia",
              "bowler": "GM Harris",
              "non_striker": "HK Matthews",
              "runs": {
                "batter": 0,
                "extras": 0,
                "total": 0
              }
            },
            {
              "batter": "YH Bhatia",
              "bowler": "GM Harris",
              "non_striker": "HK Matthews",
              "runs": {
                "batter": 0,
                "extras": 0,
                "total": 0
              }
            },
            {
              "batter": "YH Bhatia",
              "bowler": "GM Harris",
              "non_striker": "HK Matthews",
              "runs": {
                "batter": 0,
                "extras": 0,
                "total": 0
              }
            },
            {
              "batter": "YH Bhatia",
              "bowler": "GM Harris",
              "non_striker": "HK Matthews",
              "runs": {
                "batter": 1,
                "extras": 0,
                "total": 1
              }
            },
            {
              "batter": "HK Matthews",
              "bowler": "GM Harris",
              "non_striker": "YH Bhatia",
              "runs": {
                "batter": 0,
                "extras": 0,
                "total": 0
              }
            },
            {
              "batter": "HK Matthews",
              "bowler": "GM Harris",
              "non_striker": "YH Bhatia",
              "runs": {
                "batter": 6,
                "extras": 0,
                "total": 6
              }
            }
          ]
        },
        {
          "over": 4,
          "deliveries": [
            {
              "batter": "YH Bhatia",
              "bowler": "K Anjali Sarvani",
              "non_striker": "HK Matthews",
              "runs": {
                "batter": 0,
                "extras": 0,
                "total": 0
              }
            },
            {
              "batter": "YH Bhatia",
              "bowler": "K Anjali Sarvani",
              "extras": {
                "wides": 1
              },
              "non_striker": "HK Matthews",
              "runs": {
                "batter": 0,
                "extras": 1,
                "total": 1
              }
            },
            {
              "batter": "YH Bhatia",
              "bowler": "K Anjali Sarvani",
              "non_striker": "HK Matthews",
              "runs": {
                "batter": 0,
                "extras": 0,
                "total": 0
              },
              "wickets": [
                {
                  "player_out": "YH Bhatia",
                  "fielders": [
                    {
                      "name": "KP Navgire"
                    }
                  ],
                  "kind": "caught"
                }
              ]
            },
            {
              "batter": "NR Sciver-Brunt",
              "bowler": "K Anjali Sarvani",
              "non_striker": "HK Matthews",
              "runs": {
                "batter": 1,
                "extras": 0,
                "total": 1
              }
            },
            {
              "batter": "HK Matthews",
              "bowler": "K Anjali Sarvani",
              "non_striker": "NR Sciver-Brunt",
              "runs": {
                "batter": 0,
                "extras": 0,
                "total": 0
              }
            },
            {
              "batter": "HK Matthews",
              "bowler": "K Anjali Sarvani",
              "non_striker": "NR Sciver-Brunt",
              "runs": {
                "batter": 1,
                "extras": 0,
                "total": 1
              }
            },
            {
              "batter": "NR Sciver-Brunt",
              "bowler": "K Anjali Sarvani",
              "non_striker": "HK Matthews",
              "runs": {
                "batter": 4,
                "extras": 0,
                "total": 4
              }
            }
          ]
        },
        {
          "over": 5,
          "deliveries": [
            {
              "batter": "HK Matthews",
              "bowler": "RS Gayakwad",
              "non_striker": "NR Sciver-Brunt",
              "runs": {
                "batter": 1,
                "extras": 0,
                "total": 1
              }
            },
            {
              "batter": "NR Sciver-Brunt",
              "bowler": "RS Gayakwad",
              "non_striker": "HK Matthews",
              "runs": {
                "batter": 1,
                "extras": 0,
                "total": 1
              }
            },
            {
              "batter": "HK Matthews",
              "bowler": "RS Gayakwad",
              "non_striker": "NR Sciver-Brunt",
              "runs": {
                "batter": 4,
                "extras": 0,
                "total": 4
              }
            },
            {
              "batter": "HK Matthews",
              "bowler": "RS Gayakwad",
              "extras": {
                "wides": 1
              },
              "non_striker": "NR Sciver-Brunt",
              "runs": {
                "batter": 0,
                "extras": 1,
                "total": 1
              }
            },
            {
              "batter": "HK Matthews",
              "bowler": "RS Gayakwad",
              "non_striker": "NR Sciver-Brunt",
              "runs": {
                "batter": 0,
                "extras": 0,
                "total": 0
              }
            },
            {
              "batter": "HK Matthews",
              "bowler": "RS Gayakwad",
              "non_striker": "NR Sciver-Brunt",
              "runs": {
                "batter": 1,
                "extras": 0,
                "total": 1
              }
            },
            {
              "batter": "NR Sciver-Brunt",
              "bowler": "RS Gayakwad",
              "non_striker": "HK Matthews",
              "runs": {
                "batter": 1,
                "extras": 0,
                "total": 1
              }
            }
          ]
        },
        {
          "over": 6,
          "deliveries": [
            {
              "batter": "NR Sciver-Brunt",
              "bowler": "S Ecclestone",
              "non_striker": "HK Matthews",
              "runs": {
                "batter": 1,
                "extras": 0,
                "total": 1
              }
            },
            {
              "batter": "HK Matthews",
              "bowler": "S Ecclestone",
              "non_striker": "NR Sciver-Brunt",
              "runs": {
                "batter": 0,
                "extras": 0,
                "total": 0
              }
            },
            {
              "batter": "HK Matthews",
              "bowler": "S Ecclestone",
              "non_striker": "NR Sciver-Brunt",
              "runs": {
                "batter": 1,
                "extras": 0,
                "total": 1
              }
            },
            {
              "batter": "NR Sciver-Brunt",
              "bowler": "S Ecclestone",
              "non_striker": "HK Matthews",
              "runs": {
                "batter": 4,
                "extras": 0,
                "total": 4
              }
            },
            {
              "batter": "NR Sciver-Brunt",
              "bowler": "S Ecclestone",
              "non_striker": "HK Matthews",
              "runs": {
                "batter": 0,
                "extras": 0,
                "total": 0
              }
            },
            {
              "batter": "NR Sciver-Brunt",
              "bowler": "S Ecclestone",
              "non_striker": "HK Matthews",
              "runs": {
                "batter": 1,
                "extras": 0,
                "total": 1
              }
            }
          ]
        },
        {
          "over": 7,
          "deliveries": [
            {
              "batter": "NR Sciver-Brunt",
              "bowler": "K Anjali Sarvani",
              "non_striker": "HK Matthews",
              "runs": {
                "batter": 1,
                "extras": 0,
                "total": 1
              }
            },
            {
              "batter": "HK Matthews",
              "bowler": "K Anjali Sarvani",
              "non_striker": "NR Sciver-Brunt",
              "runs": {
                "batter": 0,
                "extras": 0,
                "total": 0
              }
            },
            {
              "batter": "HK Matthews",
              "bowler": "K Anjali Sarvani",
              "non_striker": "NR Sciver-Brunt",
              "runs": {
                "batter": 1,
                "extras": 0,
                "total": 1
              }
            },
            {
              "batter": "NR Sciver-Brunt",
              "bowler": "K Anjali Sarvani",
              "non_striker": "HK Matthews",
              "runs": {
                "batter": 1,
                "extras": 0,
                "total": 1
              }
            },
            {
              "batter": "HK Matthews",
              "bowler": "K Anjali Sarvani",
              "non_striker": "NR Sciver-Brunt",
              "runs": {
                "batter": 1,
                "extras": 0,
                "total": 1
              }
            },
            {
              "batter": "NR Sciver-Brunt",
              "bowler": "K Anjali Sarvani",
              "extras": {
                "legbyes": 4
              },
              "non_striker": "HK Matthews",
              "runs": {
                "batter": 0,
                "extras": 4,
                "total": 4
              }
            }
          ]
        },
        {
          "over": 8,
          "deliveries": [
            {
              "batter": "HK Matthews",
              "bowler": "DB Sharma",
              "extras": {
                "wides": 1
              },
              "non_striker": "NR Sciver-Brunt",
              "runs": {
                "batter": 0,
                "extras": 1,
                "total": 1
              }
            },
            {
              "batter": "HK Matthews",
              "bowler": "DB Sharma",
              "non_striker": "NR Sciver-Brunt",
              "runs": {
                "batter": 0,
                "extras": 0,
                "total": 0
              }
            },
            {
              "batter": "HK Matthews",
              "bowler": "DB Sharma",
              "non_striker": "NR Sciver-Brunt",
              "runs": {
                "batter": 0,
                "extras": 0,
                "total": 0
              }
            },
            {
              "batter": "HK Matthews",
              "bowler": "DB Sharma",
              "non_striker": "NR Sciver-Brunt",
              "runs": {
                "batter": 2,
                "extras": 0,
                "total": 2
              }
            },
            {
              "batter": "HK Matthews",
              "bowler": "DB Sharma",
              "non_striker": "NR Sciver-Brunt",
              "runs": {
                "batter": 4,
                "extras": 0,
                "total": 4
              }
            },
            {
              "batter": "HK Matthews",
              "bowler": "DB Sharma",
              "non_striker": "NR Sciver-Brunt",
              "runs": {
                "batter": 0,
                "extras": 0,
                "total": 0
              }
            },
            {
              "batter": "HK Matthews",
              "bowler": "DB Sharma",
              "non_striker": "NR Sciver-Brunt",
              "runs": {
                "batter": 1,
                "extras": 0,
                "total": 1
              }
            }
          ]
        },
        {
          "over": 9,
          "deliveries": [
            {
              "batter": "HK Matthews",
              "bowler": "PG Chopra",
              "non_striker": "NR Sciver-Brunt",
              "runs": {
                "batter": 0,
                "extras": 0,
                "total": 0
              },
              "wickets": [
                {
                  "player_out": "HK Matthews",
                  "fielders": [
                    {
                      "name": "KP Navgire"
                    }
                  ],
                  "kind": "caught"
                }
              ]
            },
            {
              "batter": "H Kaur",
              "bowler": "PG Chopra",
              "non_striker": "NR Sciver-Brunt",
              "runs": {
                "batter": 2,
                "extras": 0,
                "total": 2
              }
            },
            {
              "batter": "H Kaur",
              "bowler": "PG Chopra",
              "non_striker": "NR Sciver-Brunt",
              "runs": {
                "batter": 2,
                "extras": 0,
                "total": 2
              }
            },
            {
              "batter": "H Kaur",
              "bowler": "PG Chopra",
              "non_striker": "NR Sciver-Brunt",
              "review": {
                "by": "Mumbai Indians",
                "umpire": "N Pandit",
                "batter": "H Kaur",
                "decision": "upheld"
              },
              "runs": {
                "batter": 0,
                "extras": 0,
                "total": 0
              }
            },
            {
              "batter": "H Kaur",
              "bowler": "PG Chopra",
              "non_striker": "NR Sciver-Brunt",
              "runs": {
                "batter": 1,
                "extras": 0,
                "total": 1
              }
            },
            {
              "batter": "NR Sciver-Brunt",
              "bowler": "PG Chopra",
              "non_striker": "H Kaur",
              "runs": {
                "batter": 4,
                "extras": 0,
                "total": 4
              }
            }
          ]
        },
        {
          "over": 10,
          "deliveries": [
            {
              "batter": "H Kaur",
              "bowler": "DB Sharma",
              "non_striker": "NR Sciver-Brunt",
              "runs": {
                "batter": 1,
                "extras": 0,
                "total": 1
              }
            },
            {
              "batter": "NR Sciver-Brunt",
              "bowler": "DB Sharma",
              "non_striker": "H Kaur",
              "runs": {
                "batter": 1,
                "extras": 0,
                "total": 1
              }
            },
            {
              "batter": "H Kaur",
              "bowler": "DB Sharma",
              "non_striker": "NR Sciver-Brunt",
              "runs": {
                "batter": 0,
                "extras": 0,
                "total": 0
              }
            },
            {
              "batter": "H Kaur",
              "bowler": "DB Sharma",
              "non_striker": "NR Sciver-Brunt",
              "runs": {
                "batter": 0,
                "extras": 0,
                "total": 0
              }
            },
            {
              "batter": "H Kaur",
              "bowler": "DB Sharma",
              "non_striker": "NR Sciver-Brunt",
              "runs": {
                "batter": 2,
                "extras": 0,
                "total": 2
              }
            },
            {
              "batter": "H Kaur",
              "bowler": "DB Sharma",
              "non_striker": "NR Sciver-Brunt",
              "runs": {
                "batter": 0,
                "extras": 0,
                "total": 0
              }
            }
          ]
        },
        {
          "over": 11,
          "deliveries": [
            {
              "batter": "NR Sciver-Brunt",
              "bowler": "PG Chopra",
              "non_striker": "H Kaur",
              "runs": {
                "batter": 4,
                "extras": 0,
                "total": 4
              }
            },
            {
              "batter": "NR Sciver-Brunt",
              "bowler": "PG Chopra",
              "non_striker": "H Kaur",
              "runs": {
                "batter": 6,
                "extras": 0,
                "total": 6
              }
            },
            {
              "batter": "NR Sciver-Brunt",
              "bowler": "PG Chopra",
              "non_striker": "H Kaur",
              "runs": {
                "batter": 4,
                "extras": 0,
                "total": 4
              }
            },
            {
              "batter": "NR Sciver-Brunt",
              "bowler": "PG Chopra",
              "non_striker": "H Kaur",
              "runs": {
                "batter": 1,
                "extras": 0,
                "total": 1
              }
            },
            {
              "batter": "H Kaur",
              "bowler": "PG Chopra",
              "non_striker": "NR Sciver-Brunt",
              "runs": {
                "batter": 0,
                "extras": 0,
                "total": 0
              }
            },
            {
              "batter": "H Kaur",
              "bowler": "PG Chopra",
              "non_striker": "NR Sciver-Brunt",
              "runs": {
                "batter": 1,
                "extras": 0,
                "total": 1
              }
            }
          ]
        },
        {
          "over": 12,
          "deliveries": [
            {
              "batter": "H Kaur",
              "bowler": "S Ecclestone",
              "non_striker": "NR Sciver-Brunt",
              "runs": {
                "batter": 1,
                "extras": 0,
                "total": 1
              }
            },
            {
              "batter": "NR Sciver-Brunt",
              "bowler": "S Ecclestone",
              "non_striker": "H Kaur",
              "runs": {
                "batter": 1,
                "extras": 0,
                "total": 1
              }
            },
            {
              "batter": "H Kaur",
              "bowler": "S Ecclestone",
              "non_striker": "NR Sciver-Brunt",
              "runs": {
                "batter": 4,
                "extras": 0,
                "total": 4
              }
            },
            {
              "batter": "H Kaur",
              "bowler": "S Ecclestone",
              "non_striker": "NR Sciver-Brunt",
              "runs": {
                "batter": 0,
                "extras": 0,
                "total": 0
              }
            },
            {
              "batter": "H Kaur",
              "bowler": "S Ecclestone",
              "non_striker": "NR Sciver-Brunt",
              "runs": {
                "batter": 0,
                "extras": 0,
                "total": 0
              },
              "wickets": [
                {
                  "player_out": "H Kaur",
                  "kind": "bowled"
                }
              ]
            },
            {
              "batter": "AC Kerr",
              "bowler": "S Ecclestone",
              "non_striker": "NR Sciver-Brunt",
              "review": {
                "by": "UP Warriorz",
                "umpire": "Saurabh Dhote",
                "batter": "AC Kerr",
                "decision": "struck down"
              },
              "runs": {
                "batter": 0,
                "extras": 0,
                "total": 0
              }
            }
          ]
        },
        {
          "over": 13,
          "deliveries": [
            {
              "batter": "NR Sciver-Brunt",
              "bowler": "RS Gayakwad",
              "non_striker": "AC Kerr",
              "runs": {
                "batter": 1,
                "extras": 0,
                "total": 1
              }
            },
            {
              "batter": "AC Kerr",
              "bowler": "RS Gayakwad",
              "non_striker": "NR Sciver-Brunt",
              "runs": {
                "batter": 0,
                "extras": 0,
                "total": 0
              }
            },
            {
              "batter": "AC Kerr",
              "bowler": "RS Gayakwad",
              "non_striker": "NR Sciver-Brunt",
              "runs": {
                "batter": 1,
                "extras": 0,
                "total": 1
              }
            },
            {
              "batter": "NR Sciver-Brunt",
              "bowler": "RS Gayakwad",
              "non_striker": "AC Kerr",
              "runs": {
                "batter": 1,
                "extras": 0,
                "total": 1
              }
            },
            {
              "batter": "AC Kerr",
              "bowler": "RS Gayakwad",
              "non_striker": "NR Sciver-Brunt",
              "runs": {
                "batter": 1,
                "extras": 0,
                "total": 1
              }
            },
            {
              "batter": "NR Sciver-Brunt",
              "bowler": "RS Gayakwad",
              "non_striker": "AC Kerr",
              "runs": {
                "batter": 1,
                "extras": 0,
                "total": 1
              }
            }
          ]
        },
        {
          "over": 14,
          "deliveries": [
            {
              "batter": "NR Sciver-Brunt",
              "bowler": "GM Harris",
              "non_striker": "AC Kerr",
              "runs": {
                "batter": 4,
                "extras": 0,
                "total": 4
              }
            },
            {
              "batter": "NR Sciver-Brunt",
              "bowler": "GM Harris",
              "non_striker": "AC Kerr",
              "runs": {
                "batter": 1,
                "extras": 0,
                "total": 1
              }
            },
            {
              "batter": "AC Kerr",
              "bowler": "GM Harris",
              "non_striker": "NR Sciver-Brunt",
              "runs": {
                "batter": 0,
                "extras": 0,
                "total": 0
              }
            },
            {
              "batter": "AC Kerr",
              "bowler": "GM Harris",
              "non_striker": "NR Sciver-Brunt",
              "runs": {
                "batter": 0,
                "extras": 0,
                "total": 0
              }
            },
            {
              "batter": "AC Kerr",
              "bowler": "GM Harris",
              "non_striker": "NR Sciver-Brunt",
              "runs": {
                "batter": 1,
                "extras": 0,
                "total": 1
              }
            },
            {
              "batter": "NR Sciver-Brunt",
              "bowler": "GM Harris",
              "non_striker": "AC Kerr",
              "runs": {
                "batter": 1,
                "extras": 0,
                "total": 1
              }
            }
          ]
        },
        {
          "over": 15,
          "deliveries": [
            {
              "batter": "NR Sciver-Brunt",
              "bowler": "S Ecclestone",
              "non_striker": "AC Kerr",
              "runs": {
                "batter": 1,
                "extras": 0,
                "total": 1
              }
            },
            {
              "batter": "AC Kerr",
              "bowler": "S Ecclestone",
              "non_striker": "NR Sciver-Brunt",
              "runs": {
                "batter": 4,
                "extras": 0,
                "total": 4
              }
            },
            {
              "batter": "AC Kerr",
              "bowler": "S Ecclestone",
              "non_striker": "NR Sciver-Brunt",
              "runs": {
                "batter": 1,
                "extras": 0,
                "total": 1
              }
            },
            {
              "batter": "NR Sciver-Brunt",
              "bowler": "S Ecclestone",
              "non_striker": "AC Kerr",
              "runs": {
                "batter": 4,
                "extras": 0,
                "total": 4
              }
            },
            {
              "batter": "NR Sciver-Brunt",
              "bowler": "S Ecclestone",
              "non_striker": "AC Kerr",
              "runs": {
                "batter": 1,
                "extras": 0,
                "total": 1
              }
            },
            {
              "batter": "AC Kerr",
              "bowler": "S Ecclestone",
              "non_striker": "NR Sciver-Brunt",
              "runs": {
                "batter": 1,
                "extras": 0,
                "total": 1
              }
            }
          ]
        },
        {
          "over": 16,
          "deliveries": [
            {
              "batter": "AC Kerr",
              "bowler": "RS Gayakwad",
              "non_striker": "NR Sciver-Brunt",
              "runs": {
                "batter": 1,
                "extras": 0,
                "total": 1
              }
            },
            {
              "batter": "NR Sciver-Brunt",
              "bowler": "RS Gayakwad",
              "extras": {
                "byes": 2
              },
              "non_striker": "AC Kerr",
              "runs": {
                "batter": 0,
                "extras": 2,
                "total": 2
              }
            },
            {
              "batter": "NR Sciver-Brunt",
              "bowler": "RS Gayakwad",
              "non_striker": "AC Kerr",
              "runs": {
                "batter": 4,
                "extras": 0,
                "total": 4
              }
            },
            {
              "batter": "NR Sciver-Brunt",
              "bowler": "RS Gayakwad",
              "non_striker": "AC Kerr",
              "runs": {
                "batter": 4,
                "extras": 0,
                "total": 4
              }
            },
            {
              "batter": "NR Sciver-Brunt",
              "bowler": "RS Gayakwad",
              "non_striker": "AC Kerr",
              "runs": {
                "batter": 0,
                "extras": 0,
                "total": 0
              }
            },
            {
              "batter": "NR Sciver-Brunt",
              "bowler": "RS Gayakwad",
              "non_striker": "AC Kerr",
              "runs": {
                "batter": 2,
                "extras": 0,
                "total": 2
              }
            }
          ]
        },
        {
          "over": 17,
          "deliveries": [
            {
              "batter": "AC Kerr",
              "bowler": "DB Sharma",
              "non_striker": "NR Sciver-Brunt",
              "runs": {
                "batter": 1,
                "extras": 0,
                "total": 1
              }
            },
            {
              "batter": "NR Sciver-Brunt",
              "bowler": "DB Sharma",
              "non_striker": "AC Kerr",
              "runs": {
                "batter": 0,
                "extras": 0,
                "total": 0
              }
            },
            {
              "batter": "NR Sciver-Brunt",
              "bowler": "DB Sharma",
              "non_striker": "AC Kerr",
              "runs": {
                "batter": 2,
                "extras": 0,
                "total": 2
              }
            },
            {
              "batter": "NR Sciver-Brunt",
              "bowler": "DB Sharma",
              "non_striker": "AC Kerr",
              "runs": {
                "batter": 1,
                "extras": 0,
                "total": 1
              }
            },
            {
              "batter": "AC Kerr",
              "bowler": "DB Sharma",
              "non_striker": "NR Sciver-Brunt",
              "runs": {
                "batter": 4,
                "extras": 0,
                "total": 4
              }
            },
            {
              "batter": "AC Kerr",
              "bowler": "DB Sharma",
              "non_striker": "NR Sciver-Brunt",
              "runs": {
                "batter": 1,
                "extras": 0,
                "total": 1
              }
            }
          ]
        },
        {
          "over": 18,
          "deliveries": [
            {
              "batter": "AC Kerr",
              "bowler": "S Ecclestone",
              "non_striker": "NR Sciver-Brunt",
              "runs": {
                "batter": 1,
                "extras": 0,
                "total": 1
              }
            },
            {
              "batter": "NR Sciver-Brunt",
              "bowler": "S Ecclestone",
              "non_striker": "AC Kerr",
              "runs": {
                "batter": 1,
                "extras": 0,
                "total": 1
              }
            },
            {
              "batter": "AC Kerr",
              "bowler": "S Ecclestone",
              "non_striker": "NR Sciver-Brunt",
              "runs": {
                "batter": 4,
                "extras": 0,
                "total": 4
              }
            },
            {
              "batter": "AC Kerr",
              "bowler": "S Ecclestone",
              "non_striker": "NR Sciver-Brunt",
              "runs": {
                "batter": 4,
                "extras": 0,
                "total": 4
              }
            },
            {
              "batter": "AC Kerr",
              "bowler": "S Ecclestone",
              "non_striker": "NR Sciver-Brunt",
              "runs": {
                "batter": 4,
                "extras": 0,
                "total": 4
              }
            },
            {
              "batter": "AC Kerr",
              "bowler": "S Ecclestone",
              "non_striker": "NR Sciver-Brunt",
              "runs": {
                "batter": 0,
                "extras": 0,
                "total": 0
              },
              "wickets": [
                {
                  "player_out": "AC Kerr",
                  "fielders": [
                    {
                      "name": "K Anjali Sarvani"
                    }
                  ],
                  "kind": "caught"
                }
              ]
            }
          ]
        },
        {
          "over": 19,
          "deliveries": [
            {
              "batter": "NR Sciver-Brunt",
              "bowler": "DB Sharma",
              "non_striker": "P Vastrakar",
              "runs": {
                "batter": 1,
                "extras": 0,
                "total": 1
              }
            },
            {
              "batter": "P Vastrakar",
              "bowler": "DB Sharma",
              "non_striker": "NR Sciver-Brunt",
              "runs": {
                "batter": 4,
                "extras": 0,
                "total": 4
              }
            },
            {
              "batter": "P Vastrakar",
              "bowler": "DB Sharma",
              "non_striker": "NR Sciver-Brunt",
              "runs": {
                "batter": 6,
                "extras": 0,
                "total": 6
              }
            },
            {
              "batter": "P Vastrakar",
              "bowler": "DB Sharma",
              "non_striker": "NR Sciver-Brunt",
              "runs": {
                "batter": 0,
                "extras": 0,
                "total": 0
              }
            },
            {
              "batter": "P Vastrakar",
              "bowler": "DB Sharma",
              "non_striker": "NR Sciver-Brunt",
              "runs": {
                "batter": 1,
                "extras": 0,
                "total": 1
              }
            },
            {
              "batter": "NR Sciver-Brunt",
              "bowler": "DB Sharma",
              "non_striker": "P Vastrakar",
              "runs": {
                "batter": 6,
                "extras": 0,
                "total": 6
              }
            }
          ]
        }
      ],
      "powerplays": [
        {
          "from": 0.1,
          "to": 5.7,
          "type": "mandatory"
        }
      ]
    },
    {
      "team": "UP Warriorz",
      "overs": [
        {
          "over": 0,
          "deliveries": [
            {
              "batter": "AJ Healy",
              "bowler": "NR Sciver-Brunt",
              "non_striker": "S Sehrawat",
              "runs": {
                "batter": 2,
                "extras": 0,
                "total": 2
              }
            },
            {
              "batter": "AJ Healy",
              "bowler": "NR Sciver-Brunt",
              "non_striker": "S Sehrawat",
              "runs": {
                "batter": 1,
                "extras": 0,
                "total": 1
              }
            },
            {
              "batter": "S Sehrawat",
              "bowler": "NR Sciver-Brunt",
              "non_striker": "AJ Healy",
              "runs": {
                "batter": 0,
                "extras": 0,
                "total": 0
              }
            },
            {
              "batter": "S Sehrawat",
              "bowler": "NR Sciver-Brunt",
              "non_striker": "AJ Healy",
              "runs": {
                "batter": 1,
                "extras": 0,
                "total": 1
              }
            },
            {
              "batter": "AJ Healy",
              "bowler": "NR Sciver-Brunt",
              "non_striker": "S Sehrawat",
              "runs": {
                "batter": 4,
                "extras": 0,
                "total": 4
              }
            },
            {
              "batter": "AJ Healy",
              "bowler": "NR Sciver-Brunt",
              "non_striker": "S Sehrawat",
              "runs": {
                "batter": 0,
                "extras": 0,
                "total": 0
              }
            }
          ]
        },
        {
          "over": 1,
          "deliveries": [
            {
              "batter": "S Sehrawat",
              "bowler": "S Ishaque",
              "non_striker": "AJ Healy",
              "runs": {
                "batter": 0,
                "extras": 0,
                "total": 0
              }
            },
            {
              "batter": "S Sehrawat",
              "bowler": "S Ishaque",
              "non_striker": "AJ Healy",
              "runs": {
                "batter": 0,
                "extras": 0,
                "total": 0
              }
            },
            {
              "batter": "S Sehrawat",
              "bowler": "S Ishaque",
              "non_striker": "AJ Healy",
              "runs": {
                "batter": 0,
                "extras": 0,
                "total": 0
              }
            },
            {
              "batter": "S Sehrawat",
              "bowler": "S Ishaque",
              "non_striker": "AJ Healy",
              "runs": {
                "batter": 0,
                "extras": 0,
                "total": 0
              }
            },
            {
              "batter": "S Sehrawat",
              "bowler": "S Ishaque",
              "non_striker": "AJ Healy",
              "runs": {
                "batter": 0,
                "extras": 0,
                "total": 0
              }
            },
            {
              "batter": "S Sehrawat",
              "bowler": "S Ishaque",
              "non_striker": "AJ Healy",
              "runs": {
                "batter": 0,
                "extras": 0,
                "total": 0
              },
              "wickets": [
                {
                  "player_out": "S Sehrawat",
                  "fielders": [
                    {
                      "name": "HK Matthews"
                    }
                  ],
                  "kind": "caught"
                }
              ]
            }
          ]
        },
        {
          "over": 2,
          "deliveries": [
            {
              "batter": "AJ Healy",
              "bowler": "IECM Wong",
              "non_striker": "KP Navgire",
              "runs": {
                "batter": 4,
                "extras": 0,
                "total": 4
              }
            },
            {
              "batter": "AJ Healy",
              "bowler": "IECM Wong",
              "non_striker": "KP Navgire",
              "runs": {
                "batter": 0,
                "extras": 0,
                "total": 0
              },
              "wickets": [
                {
                  "player_out": "AJ Healy",
                  "fielders": [
                    {
                      "name": "H Kaur"
                    }
                  ],
                  "kind": "caught"
                }
              ]
            },
            {
              "batter": "TM McGrath",
              "bowler": "IECM Wong",
              "non_striker": "KP Navgire",
              "runs": {
                "batter": 0,
                "extras": 0,
                "total": 0
              }
            },
            {
              "batter": "TM McGrath",
              "bowler": "IECM Wong",
              "non_striker": "KP Navgire",
              "runs": {
                "batter": 0,
                "extras": 0,
                "total": 0
              }
            },
            {
              "batter": "TM McGrath",
              "bowler": "IECM Wong",
              "non_striker": "KP Navgire",
              "runs": {
                "batter": 0,
                "extras": 0,
                "total": 0
              }
            },
            {
              "batter": "TM McGrath",
              "bowler": "IECM Wong",
              "non_striker": "KP Navgire",
              "runs": {
                "batter": 2,
                "extras": 0,
                "total": 2
              }
            }
          ]
        },
        {
          "over": 3,
          "deliveries": [
            {
              "batter": "KP Navgire",
              "bowler": "NR Sciver-Brunt",
              "non_striker": "TM McGrath",
              "runs": {
                "batter": 1,
                "extras": 0,
                "total": 1
              }
            },
            {
              "batter": "TM McGrath",
              "bowler": "NR Sciver-Brunt",
              "non_striker": "KP Navgire",
              "runs": {
                "batter": 1,
                "extras": 0,
                "total": 1
              }
            },
            {
              "batter": "KP Navgire",
              "bowler": "NR Sciver-Brunt",
              "non_striker": "TM McGrath",
              "runs": {
                "batter": 0,
                "extras": 0,
                "total": 0
              }
            },
            {
              "batter": "KP Navgire",
              "bowler": "NR Sciver-Brunt",
              "non_striker": "TM McGrath",
              "runs": {
                "batter": 0,
                "extras": 0,
                "total": 0
              }
            },
            {
              "batter": "KP Navgire",
              "bowler": "NR Sciver-Brunt",
              "non_striker": "TM McGrath",
              "runs": {
                "batter": 1,
                "extras": 0,
                "total": 1
              }
            },
            {
              "batter": "TM McGrath",
              "bowler": "NR Sciver-Brunt",
              "non_striker": "KP Navgire",
              "runs": {
                "batter": 4,
                "extras": 0,
                "total": 4
              }
            }
          ]
        },
        {
          "over": 4,
          "deliveries": [
            {
              "batter": "KP Navgire",
              "bowler": "IECM Wong",
              "non_striker": "TM McGrath",
              "runs": {
                "batter": 0,
                "extras": 0,
                "total": 0
              },
              "wickets": [
                {
                  "player_out": "TM McGrath",
                  "fielders": [
                    {
                      "name": "YH Bhatia"
                    },
                    {
                      "name": "AB Kaur"
                    }
                  ],
                  "kind": "run out"
                }
              ]
            },
            {
              "batter": "GM Harris",
              "bowler": "IECM Wong",
              "non_striker": "KP Navgire",
              "runs": {
                "batter": 0,
                "extras": 0,
                "total": 0
              }
            },
            {
              "batter": "GM Harris",
              "bowler": "IECM Wong",
              "non_striker": "KP Navgire",
              "runs": {
                "batter": 1,
                "extras": 0,
                "total": 1
              }
            },
            {
              "batter": "KP Navgire",
              "bowler": "IECM Wong",
              "non_striker": "GM Harris",
              "runs": {
                "batter": 0,
                "extras": 0,
                "total": 0
              }
            },
            {
              "batter": "KP Navgire",
              "bowler": "IECM Wong",
              "non_striker": "GM Harris",
              "runs": {
                "batter": 4,
                "extras": 0,
                "total": 4
              }
            },
            {
              "batter": "KP Navgire",
              "bowler": "IECM Wong",
              "non_striker": "GM Harris",
              "runs": {
                "batter": 0,
                "extras": 0,
                "total": 0
              }
            }
          ]
        },
        {
          "over": 5,
          "deliveries": [
            {
              "batter": "GM Harris",
              "bowler": "S Ishaque",
              "non_striker": "KP Navgire",
              "runs": {
                "batter": 4,
                "extras": 0,
                "total": 4
              }
            },
            {
              "batter": "GM Harris",
              "bowler": "S Ishaque",
              "non_striker": "KP Navgire",
              "runs": {
                "batter": 1,
                "extras": 0,
                "total": 1
              }
            },
            {
              "batter": "KP Navgire",
              "bowler": "S Ishaque",
              "non_striker": "GM Harris",
              "runs": {
                "batter": 4,
                "extras": 0,
                "total": 4
              }
            },
            {
              "batter": "KP Navgire",
              "bowler": "S Ishaque",
              "non_striker": "GM Harris",
              "runs": {
                "batter": 4,
                "extras": 0,
                "total": 4
              }
            },
            {
              "batter": "KP Navgire",
              "bowler": "S Ishaque",
              "non_striker": "GM Harris",
              "runs": {
                "batter": 6,
                "extras": 0,
                "total": 6
              }
            },
            {
              "batter": "KP Navgire",
              "bowler": "S Ishaque",
              "non_striker": "GM Harris",
              "runs": {
                "batter": 1,
                "extras": 0,
                "total": 1
              }
            }
          ]
        },
        {
          "over": 6,
          "deliveries": [
            {
              "batter": "KP Navgire",
              "bowler": "AC Kerr",
              "non_striker": "GM Harris",
              "runs": {
                "batter": 0,
                "extras": 0,
                "total": 0
              }
            },
            {
              "batter": "KP Navgire",
              "bowler": "AC Kerr",
              "non_striker": "GM Harris",
              "runs": {
                "batter": 1,
                "extras": 0,
                "total": 1
              }
            },
            {
              "batter": "GM Harris",
              "bowler": "AC Kerr",
              "non_striker": "KP Navgire",
              "runs": {
                "batter": 0,
                "extras": 0,
                "total": 0
              }
            },
            {
              "batter": "GM Harris",
              "bowler": "AC Kerr",
              "non_striker": "KP Navgire",
              "runs": {
                "batter": 4,
                "extras": 0,
                "total": 4
              }
            },
            {
              "batter": "GM Harris",
              "bowler": "AC Kerr",
              "non_striker": "KP Navgire",
              "runs": {
                "batter": 0,
                "extras": 0,
                "total": 0
              }
            },
            {
              "batter": "GM Harris",
              "bowler": "AC Kerr",
              "non_striker": "KP Navgire",
              "runs": {
                "batter": 0,
                "extras": 0,
                "total": 0
              }
            }
          ]
        },
        {
          "over": 7,
          "deliveries": [
            {
              "batter": "KP Navgire",
              "bowler": "NR Sciver-Brunt",
              "non_striker": "GM Harris",
              "runs": {
                "batter": 1,
                "extras": 0,
                "total": 1
              }
            },
            {
              "batter": "GM Harris",
              "bowler": "NR Sciver-Brunt",
              "non_striker": "KP Navgire",
              "runs": {
                "batter": 0,
                "extras": 0,
                "total": 0
              }
            },
            {
              "batter": "GM Harris",
              "bowler": "NR Sciver-Brunt",
              "non_striker": "KP Navgire",
              "runs": {
                "batter": 4,
                "extras": 0,
                "total": 4
              }
            },
            {
              "batter": "GM Harris",
              "bowler": "NR Sciver-Brunt",
              "non_striker": "KP Navgire",
              "runs": {
                "batter": 0,
                "extras": 0,
                "total": 0
              }
            },
            {
              "batter": "GM Harris",
              "bowler": "NR Sciver-Brunt",
              "non_striker": "KP Navgire",
              "runs": {
                "batter": 0,
                "extras": 0,
                "total": 0
              },
              "wickets": [
                {
                  "player_out": "GM Harris",
                  "fielders": [
                    {
                      "name": "IECM Wong"
                    }
                  ],
                  "kind": "caught"
                }
              ]
            },
            {
              "batter": "DB Sharma",
              "bowler": "NR Sciver-Brunt",
              "non_striker": "KP Navgire",
              "runs": {
                "batter": 1,
                "extras": 0,
                "total": 1
              }
            }
          ]
        },
        {
          "over": 8,
          "deliveries": [
            {
              "batter": "DB Sharma",
              "bowler": "AC Kerr",
              "non_striker": "KP Navgire",
              "runs": {
                "batter": 0,
                "extras": 0,
                "total": 0
              }
            },
            {
              "batter": "DB Sharma",
              "bowler": "AC Kerr",
              "non_striker": "KP Navgire",
              "runs": {
                "batter": 0,
                "extras": 0,
                "total": 0
              }
            },
            {
              "batter": "DB Sharma",
              "bowler": "AC Kerr",
              "non_striker": "KP Navgire",
              "runs": {
                "batter": 0,
                "extras": 0,
                "total": 0
              }
            },
            {
              "batter": "DB Sharma",
              "bowler": "AC Kerr",
              "non_striker": "KP Navgire",
              "runs": {
                "batter": 0,
                "extras": 0,
                "total": 0
              }
            },
            {
              "batter": "DB Sharma",
              "bowler": "AC Kerr",
              "non_striker": "KP Navgire",
              "runs": {
                "batter": 0,
                "extras": 0,
                "total": 0
              }
            },
            {
              "batter": "DB Sharma",
              "bowler": "AC Kerr",
              "non_striker": "KP Navgire",
              "runs": {
                "batter": 1,
                "extras": 0,
                "total": 1
              }
            }
          ]
        },
        {
          "over": 9,
          "deliveries": [
            {
              "batter": "DB Sharma",
              "bowler": "HK Matthews",
              "non_striker": "KP Navgire",
              "runs": {
                "batter": 0,
                "extras": 0,
                "total": 0
              }
            },
            {
              "batter": "DB Sharma",
              "bowler": "HK Matthews",
              "non_striker": "KP Navgire",
              "runs": {
                "batter": 0,
                "extras": 0,
                "total": 0
              }
            },
            {
              "batter": "DB Sharma",
              "bowler": "HK Matthews",
              "non_striker": "KP Navgire",
              "runs": {
                "batter": 0,
                "extras": 0,
                "total": 0
              }
            },
            {
              "batter": "DB Sharma",
              "bowler": "HK Matthews",
              "non_striker": "KP Navgire",
              "runs": {
                "batter": 1,
                "extras": 0,
                "total": 1
              }
            },
            {
              "batter": "KP Navgire",
              "bowler": "HK Matthews",
              "non_striker": "DB Sharma",
              "runs": {
                "batter": 4,
                "extras": 0,
                "total": 4
              }
            },
            {
              "batter": "KP Navgire",
              "bowler": "HK Matthews",
              "non_striker": "DB Sharma",
              "runs": {
                "batter": 0,
                "extras": 0,
                "total": 0
              }
            }
          ]
        },
        {
          "over": 10,
          "deliveries": [
            {
              "batter": "DB Sharma",
              "bowler": "AB Kaur",
              "non_striker": "KP Navgire",
              "runs": {
                "batter": 1,
                "extras": 0,
                "total": 1
              }
            },
            {
              "batter": "KP Navgire",
              "bowler": "AB Kaur",
              "non_striker": "DB Sharma",
              "runs": {
                "batter": 0,
                "extras": 0,
                "total": 0
              }
            },
            {
              "batter": "KP Navgire",
              "bowler": "AB Kaur",
              "non_striker": "DB Sharma",
              "runs": {
                "batter": 0,
                "extras": 0,
                "total": 0
              }
            },
            {
              "batter": "KP Navgire",
              "bowler": "AB Kaur",
              "non_striker": "DB Sharma",
              "runs": {
                "batter": 0,
                "extras": 0,
                "total": 0
              }
            },
            {
              "batter": "KP Navgire",
              "bowler": "AB Kaur",
              "non_striker": "DB Sharma",
              "runs": {
                "batter": 1,
                "extras": 0,
                "total": 1
              }
            },
            {
              "batter": "DB Sharma",
              "bowler": "AB Kaur",
              "non_striker": "KP Navgire",
              "runs": {
                "batter": 0,
                "extras": 0,
                "total": 0
              }
            }
          ]
        },
        {
          "over": 11,
          "deliveries": [
            {
              "batter": "KP Navgire",
              "bowler": "AC Kerr",
              "non_striker": "DB Sharma",
              "runs": {
                "batter": 6,
                "extras": 0,
                "total": 6
              }
            },
            {
              "batter": "KP Navgire",
              "bowler": "AC Kerr",
              "non_striker": "DB Sharma",
              "runs": {
                "batter": 6,
                "extras": 0,
                "total": 6
              }
            },
            {
              "batter": "KP Navgire",
              "bowler": "AC Kerr",
              "non_striker": "DB Sharma",
              "runs": {
                "batter": 2,
                "extras": 0,
                "total": 2
              }
            },
            {
              "batter": "KP Navgire",
              "bowler": "AC Kerr",
              "non_striker": "DB Sharma",
              "runs": {
                "batter": 1,
                "extras": 0,
                "total": 1
              }
            },
            {
              "batter": "DB Sharma",
              "bowler": "AC Kerr",
              "non_striker": "KP Navgire",
              "runs": {
                "batter": 4,
                "extras": 0,
                "total": 4
              }
            },
            {
              "batter": "DB Sharma",
              "bowler": "AC Kerr",
              "non_striker": "KP Navgire",
              "runs": {
                "batter": 0,
                "extras": 0,
                "total": 0
              }
            }
          ]
        },
        {
          "over": 12,
          "deliveries": [
            {
              "batter": "KP Navgire",
              "bowler": "IECM Wong",
              "non_striker": "DB Sharma",
              "runs": {
                "batter": 0,
                "extras": 0,
                "total": 0
              }
            },
            {
              "batter": "KP Navgire",
              "bowler": "IECM Wong",
              "non_striker": "DB Sharma",
              "runs": {
                "batter": 0,
                "extras": 0,
                "total": 0
              },
              "wickets": [
                {
                  "player_out": "KP Navgire",
                  "fielders": [
                    {
                      "name": "NR Sciver-Brunt"
                    }
                  ],
                  "kind": "caught"
                }
              ]
            },
            {
              "batter": "Simran Shaikh",
              "bowler": "IECM Wong",
              "non_striker": "DB Sharma",
              "runs": {
                "batter": 0,
                "extras": 0,
                "total": 0
              },
              "wickets": [
                {
                  "player_out": "Simran Shaikh",
                  "kind": "bowled"
                }
              ]
            },
            {
              "batter": "S Ecclestone",
              "bowler": "IECM Wong",
              "non_striker": "DB Sharma",
              "runs": {
                "batter": 0,
                "extras": 0,
                "total": 0
              },
              "wickets": [
                {
                  "player_out": "S Ecclestone",
                  "kind": "bowled"
                }
              ]
            },
            {
              "batter": "K Anjali Sarvani",
              "bowler": "IECM Wong",
              "non_striker": "DB Sharma",
              "runs": {
                "batter": 2,
                "extras": 0,
                "total": 2
              }
            },
            {
              "batter": "K Anjali Sarvani",
              "bowler": "IECM Wong",
              "non_striker": "DB Sharma",
              "runs": {
                "batter": 0,
                "extras": 0,
                "total": 0
              }
            }
          ]
        },
        {
          "over": 13,
          "deliveries": [
            {
              "batter": "DB Sharma",
              "bowler": "HK Matthews",
              "non_striker": "K Anjali Sarvani",
              "runs": {
                "batter": 4,
                "extras": 0,
                "total": 4
              }
            },
            {
              "batter": "DB Sharma",
              "bowler": "HK Matthews",
              "non_striker": "K Anjali Sarvani",
              "runs": {
                "batter": 0,
                "extras": 0,
                "total": 0
              }
            },
            {
              "batter": "DB Sharma",
              "bowler": "HK Matthews",
              "non_striker": "K Anjali Sarvani",
              "runs": {
                "batter": 4,
                "extras": 0,
                "total": 4
              }
            },
            {
              "batter": "DB Sharma",
              "bowler": "HK Matthews",
              "non_striker": "K Anjali Sarvani",
              "runs": {
                "batter": 0,
                "extras": 0,
                "total": 0
              }
            },
            {
              "batter": "DB Sharma",
              "bowler": "HK Matthews",
              "non_striker": "K Anjali Sarvani",
              "runs": {
                "batter": 0,
                "extras": 0,
                "total": 0
              },
              "wickets": [
                {
                  "player_out": "DB Sharma",
                  "fielders": [
                    {
                      "name": "JN Kalita"
                    }
                  ],
                  "kind": "caught"
                }
              ]
            },
            {
              "batter": "RS Gayakwad",
              "bowler": "HK Matthews",
              "non_striker": "K Anjali Sarvani",
              "runs": {
                "batter": 0,
                "extras": 0,
                "total": 0
              }
            }
          ]
        },
        {
          "over": 14,
          "deliveries": [
            {
              "batter": "K Anjali Sarvani",
              "bowler": "IECM Wong",
              "non_striker": "RS Gayakwad",
              "runs": {
                "batter": 0,
                "extras": 0,
                "total": 0
              }
            },
            {
              "batter": "K Anjali Sarvani",
              "bowler": "IECM Wong",
              "non_striker": "RS Gayakwad",
              "runs": {
                "batter": 0,
                "extras": 0,
                "total": 0
              }
            },
            {
              "batter": "K Anjali Sarvani",
              "bowler": "IECM Wong",
              "non_striker": "RS Gayakwad",
              "runs": {
                "batter": 1,
                "extras": 0,
                "total": 1
              }
            },
            {
              "batter": "RS Gayakwad",
              "bowler": "IECM Wong",
              "extras": {
                "wides": 1
              },
              "non_striker": "K Anjali Sarvani",
              "runs": {
                "batter": 0,
                "extras": 1,
                "total": 1
              }
            },
            {
              "batter": "RS Gayakwad",
              "bowler": "IECM Wong",
              "non_striker": "K Anjali Sarvani",
              "runs": {
                "batter": 0,
                "extras": 0,
                "total": 0
              }
            },
            {
              "batter": "RS Gayakwad",
              "bowler": "IECM Wong",
              "non_striker": "K Anjali Sarvani",
              "runs": {
                "batter": 0,
                "extras": 0,
                "total": 0
              }
            },
            {
              "batter": "RS Gayakwad",
              "bowler": "IECM Wong",
              "non_striker": "K Anjali Sarvani",
              "runs": {
                "batter": 0,
                "extras": 0,
                "total": 0
              }
            }
          ]
        },
        {
          "over": 15,
          "deliveries": [
            {
              "batter": "K Anjali Sarvani",
              "bowler": "HK Matthews",
              "non_striker": "RS Gayakwad",
              "runs": {
                "batter": 0,
                "extras": 0,
                "total": 0
              }
            },
            {
              "batter": "K Anjali Sarvani",
              "bowler": "HK Matthews",
              "non_striker": "RS Gayakwad",
              "runs": {
                "batter": 0,
                "extras": 0,
                "total": 0
              }
            },
            {
              "batter": "K Anjali Sarvani",
              "bowler": "HK Matthews",
              "non_striker": "RS Gayakwad",
              "runs": {
                "batter": 1,
                "extras": 0,
                "total": 1
              }
            },
            {
              "batter": "RS Gayakwad",
              "bowler": "HK Matthews",
              "non_striker": "K Anjali Sarvani",
              "runs": {
                "batter": 1,
                "extras": 0,
                "total": 1
              }
            },
            {
              "batter": "K Anjali Sarvani",
              "bowler": "HK Matthews",
              "non_striker": "RS Gayakwad",
              "runs": {
                "batter": 0,
                "extras": 0,
                "total": 0
              }
            },
            {
              "batter": "K Anjali Sarvani",
              "bowler": "HK Matthews",
              "extras": {
                "wides": 5
              },
              "non_striker": "RS Gayakwad",
              "runs": {
                "batter": 0,
                "extras": 5,
                "total": 5
              }
            },
            {
              "batter": "K Anjali Sarvani",
              "bowler": "HK Matthews",
              "non_striker": "RS Gayakwad",
              "runs": {
                "batter": 1,
                "extras": 0,
                "total": 1
              }
            }
          ]
        },
        {
          "over": 16,
          "deliveries": [
            {
              "batter": "K Anjali Sarvani",
              "bowler": "JN Kalita",
              "non_striker": "RS Gayakwad",
              "runs": {
                "batter": 0,
                "extras": 0,
                "total": 0
              },
              "wickets": [
                {
                  "player_out": "K Anjali Sarvani",
                  "kind": "bowled"
                }
              ]
            },
            {
              "batter": "PG Chopra",
              "bowler": "JN Kalita",
              "non_striker": "RS Gayakwad",
              "runs": {
                "batter": 0,
                "extras": 0,
                "total": 0
              }
            },
            {
              "batter": "PG Chopra",
              "bowler": "JN Kalita",
              "extras": {
                "wides": 1
              },
              "non_striker": "RS Gayakwad",
              "runs": {
                "batter": 0,
                "extras": 1,
                "total": 1
              }
            },
            {
              "batter": "PG Chopra",
              "bowler": "JN Kalita",
              "non_striker": "RS Gayakwad",
              "runs": {
                "batter": 0,
                "extras": 0,
                "total": 0
              }
            },
            {
              "batter": "PG Chopra",
              "bowler": "JN Kalita",
              "extras": {
                "wides": 1
              },
              "non_striker": "RS Gayakwad",
              "runs": {
                "batter": 0,
                "extras": 1,
                "total": 1
              }
            },
            {
              "batter": "PG Chopra",
              "bowler": "JN Kalita",
              "non_striker": "RS Gayakwad",
              "runs": {
                "batter": 0,
                "extras": 0,
                "total": 0
              }
            },
            {
              "batter": "PG Chopra",
              "bowler": "JN Kalita",
              "non_striker": "RS Gayakwad",
              "runs": {
                "batter": 0,
                "extras": 0,
                "total": 0
              }
            },
            {
              "batter": "PG Chopra",
              "bowler": "JN Kalita",
              "non_striker": "RS Gayakwad",
              "runs": {
                "batter": 0,
                "extras": 0,
                "total": 0
              }
            }
          ]
        },
        {
          "over": 17,
          "deliveries": [
            {
              "batter": "RS Gayakwad",
              "bowler": "S Ishaque",
              "non_striker": "PG Chopra",
              "runs": {
                "batter": 4,
                "extras": 0,
                "total": 4
              }
            },
            {
              "batter": "RS Gayakwad",
              "bowler": "S Ishaque",
              "non_striker": "PG Chopra",
              "runs": {
                "batter": 0,
                "extras": 0,
                "total": 0
              }
            },
            {
              "batter": "RS Gayakwad",
              "bowler": "S Ishaque",
              "non_striker": "PG Chopra",
              "runs": {
                "batter": 0,
                "extras": 0,
                "total": 0
              }
            },
            {
              "batter": "RS Gayakwad",
              "bowler": "S Ishaque",
              "non_striker": "PG Chopra",
              "runs": {
                "batter": 0,
                "extras": 0,
                "total": 0
              },
              "wickets": [
                {
                  "player_out": "RS Gayakwad",
                  "kind": "lbw"
                }
              ]
            }
          ]
        }
      ],
      "powerplays": [
        {
          "from": 0.1,
          "to": 5.6,
          "type": "mandatory"
        }
      ],
      "target": {
        "overs": 20,
        "runs": 183
      }
    }
  ]
}