{
  "meta": {
    "data_version": "1.1.0",
    "created": "2023-03-23",
    "revision": 2
  },
  "info": {
    "balls_per_over": 6,
    "city": "Navi Mumbai",
    "dates": [
      "2023-03-20"
    ],
    "event": {
      "name": "Women's Premier League",
      "match_number": 18
    },
    "gender": "female",
    "match_type": "T20",
    "officials": {
      "match_referees": [
        "RB Kalita"
      ],
      "reserve_umpires": [
        "VG Rathi"
      ],
      "tv_umpires": [
        "Gayathri Venugopal"
      ],
      "umpires": [
        "Chirra Ravikanthreddy",
        "Ranjeev Sharma"
      ]
    },
    "outcome": {
      "winner": "Delhi Capitals",
      "by": {
        "wickets": 9
      }
    },
    "overs": 20,
    "player_of_match": [
      "M Kapp"
    ],
    "players": {
      "Mumbai Indians": [
        "YH Bhatia",
        "HK Matthews",
        "NR Sciver-Brunt",
        "H Kaur",
        "AC Kerr",
        "P Vastrakar",
        "IECM Wong",
        "AB Kaur",
        "HY Kazi",
        "JN Kalita",
        "S Ishaque"
      ],
      "Delhi Capitals": [
        "MM Lanning",
        "Shafali Verma",
        "A Capsey",
        "JI Rodrigues",
        "M Kapp",
        "JL Jonassen",
        "T Bhatia",
        "A Reddy",
        "RP Yadav",
        "S Pandey",
        "Poonam Yadav"
      ]
    },
    "registry": {
      "people": {
        "A Capsey": "910dd54e",
        "A Reddy": "eadc8924",
        "AB Kaur": "9565fda6",
        "AC Kerr": "7673c908",
        "Chirra Ravikanthreddy": "8b680f55",
        "Gayathri Venugopal": "20e3ae99",
        "H Kaur": "53cd8da6",
        "HK Matthews": "d32cf49a",
        "HY Kazi": "16954a36",
        "IECM Wong": "e5b17517",
        "JI Rodrigues": "cb08b611",
        "JL Jonassen": "0475a86b",
        "JN Kalita": "4c3bbf03",
        "M Kapp": "63e3b6b3",
        "MM Lanning": "27e003ce",
        "NR Sciver-Brunt": "f3a18a0c",
        "P Vastrakar": "8026ea72",
        "Poonam Yadav": "d0bb40b8",
        "RB Kalita": "8d7ad5a6",
        "RP Yadav": "6c3aef71",
        "Ranjeev Sharma": "d334aee7",
        "S Ishaque": "f2c1f0e5",
        "S Pandey": "5463cb7a",
        "Shafali Verma": "d8f59089",
        "T Bhatia": "211dc1ce",
        "VG Rathi": "144e5b16",
        "YH Bhatia": "9c3d4e8a"
      }
    },
    "season": "2022/23",
    "team_type": "club",
    "teams": [
      "Mumbai Indians",
      "Delhi Capitals"
    ],
    "toss": {
      "decision": "field",
      "winner": "Delhi Capitals"
    },
    "venue": "Dr DY Patil Sports Academy, Mumbai"
  },
  "innings": [
    {
      "team": "Mumbai Indians",
      "overs": [
        {
          "over": 0,
          "deliveries": [
            {
              "batter": "YH Bhatia",
              "bowler": "M Kapp",
              "non_striker": "HK Matthews",
              "runs": {
                "batter": 0,
                "extras": 0,
                "total": 0
              }
            },
            {
              "batter": "YH Bhatia",
              "bowler": "M Kapp",
              "non_striker": "HK Matthews",
              "runs": {
                "batter": 0,
                "extras": 0,
                "total": 0
              }
            },
            {
              "batter": "YH Bhatia",
              "bowler": "M Kapp",
              "non_striker": "HK Matthews",
              "runs": {
                "batter": 0,
                "extras": 0,
                "total": 0
              }
            },
            {
              "batter": "YH Bhatia",
              "bowler": "M Kapp",
              "non_striker": "HK Matthews",
              "runs": {
                "batter": 1,
                "extras": 0,
                "total": 1
              }
            },
            {
              "batter": "HK Matthews",
              "bowler": "M Kapp",
              "non_striker": "YH Bhatia",
              "runs": {
                "batter": 1,
                "extras": 0,
                "total": 1
              }
            },
            {
              "batter": "YH Bhatia",
              "bowler": "M Kapp",
              "non_striker": "HK Matthews",
              "runs": {
                "batter": 0,
                "extras": 0,
                "total": 0
              }
            }
          ]
        },
        {
          "over": 1,
          "deliveries": [
            {
              "batter": "HK Matthews",
              "bowler": "A Capsey",
              "non_striker": "YH Bhatia",
              "runs": {
                "batter": 0,
                "extras": 0,
                "total": 0
              }
            },
            {
              "batter": "HK Matthews",
              "bowler": "A Capsey",
              "non_striker": "YH Bhatia",
              "runs": {
                "batter": 0,
                "extras": 0,
                "total": 0
              }
            },
            {
              "batter": "HK Matthews",
              "bowler": "A Capsey",
              "non_striker": "YH Bhatia",
              "runs": {
                "batter": 0,
                "extras": 0,
                "total": 0
              }
            },
            {
              "batter": "HK Matthews",
              "bowler": "A Capsey",
              "non_striker": "YH Bhatia",
              "runs": {
                "batter": 4,
                "extras": 0,
                "total": 4
              }
            },
            {
              "batter": "HK Matthews",
              "bowler": "A Capsey",
              "non_striker": "YH Bhatia",
              "runs": {
                "batter": 0,
                "extras": 0,
                "total": 0
              }
            },
            {
              "batter": "HK Matthews",
              "bowler": "A Capsey",
              "non_striker": "YH Bhatia",
              "runs": {
                "batter": 0,
                "extras": 0,
                "total": 0
              }
            }
          ]
        },
        {
          "over": 2,
          "deliveries": [
            {
              "batter": "YH Bhatia",
              "bowler": "M Kapp",
              "non_striker": "HK Matthews",
              "runs": {
                "batter": 0,
                "extras": 0,
                "total": 0
              },
              "wickets": [
                {
                  "player_out": "YH Bhatia",
                  "fielders": [
                    {
                      "name": "T Bhatia"
                    }
                  ],
                  "kind": "caught"
                }
              ]
            },
            {
              "batter": "NR Sciver-Brunt",
              "bowler": "M Kapp",
              "non_striker": "HK Matthews",
              "runs": {
                "batter": 0,
                "extras": 0,
                "total": 0
              },
              "wickets": [
                {
                  "player_out": "NR Sciver-Brunt",
                  "kind": "bowled"
                }
              ]
            },
            {
              "batter": "H Kaur",
              "bowler": "M Kapp",
              "non_striker": "HK Matthews",
              "runs": {
                "batter": 0,
                "extras": 0,
                "total": 0
              }
            },
            {
              "batter": "H Kaur",
              "bowler": "M Kapp",
              "non_striker": "HK Matthews",
              "runs": {
                "batter": 4,
                "extras": 0,
                "total": 4
              }
            },
            {
              "batter": "H Kaur",
              "bowler": "M Kapp",
              "non_striker": "HK Matthews",
              "runs": {
                "batter": 0,
                "extras": 0,
                "total": 0
              }
            },
            {
              "batter": "H Kaur",
              "bowler": "M Kapp",
              "non_striker": "HK Matthews",
              "runs": {
                "batter": 0,
                "extras": 0,
                "total": 0
              }
            }
          ]
        },
        {
          "over": 3,
          "deliveries": [
            {
              "batter": "HK Matthews",
              "bowler": "S Pandey",
              "non_striker": "H Kaur",
              "runs": {
                "batter": 0,
                "extras": 0,
                "total": 0
              }
            },
            {
              "batter": "HK Matthews",
              "bowler": "S Pandey",
              "non_striker": "H Kaur",
              "runs": {
                "batter": 0,
                "extras": 0,
                "total": 0
              }
            },
            {
              "batter": "HK Matthews",
              "bowler": "S Pandey",
              "non_striker": "H Kaur",
              "runs": {
                "batter": 0,
                "extras": 0,
                "total": 0
              },
              "wickets": [
                {
                  "player_out": "HK Matthews",
                  "fielders": [
                    {
                      "name": "JI Rodrigues"
                    }
                  ],
                  "kind": "caught"
                }
              ]
            },
            {
              "batter": "AC Kerr",
              "bowler": "S Pandey",
              "non_striker": "H Kaur",
              "runs": {
                "batter": 1,
                "extras": 0,
                "total": 1
              }
            },
            {
              "batter": "H Kaur",
              "bowler": "S Pandey",
              "non_striker": "AC Kerr",
              "runs": {
                "batter": 1,
                "extras": 0,
                "total": 1
              }
            },
            {
              "batter": "AC Kerr",
              "bowler": "S Pandey",
              "non_striker": "H Kaur",
              "runs": {
                "batter": 1,
                "extras": 0,
                "total": 1
              }
            }
          ]
        },
        {
          "over": 4,
          "deliveries": [
            {
              "batter": "AC Kerr",
              "bowler": "M Kapp",
              "non_striker": "H Kaur",
              "runs": {
                "batter": 4,
                "extras": 0,
                "total": 4
              }
            },
            {
              "batter": "AC Kerr",
              "bowler": "M Kapp",
              "non_striker": "H Kaur",
              "runs": {
                "batter": 0,
                "extras": 0,
                "total": 0
              }
            },
            {
              "batter": "AC Kerr",
              "bowler": "M Kapp",
              "non_striker": "H Kaur",
              "runs": {
                "batter": 0,
                "extras": 0,
                "total": 0
              }
            },
            {
              "batter": "AC Kerr",
              "bowler": "M Kapp",
              "non_striker": "H Kaur",
              "runs": {
                "batter": 0,
                "extras": 0,
                "total": 0
              }
            },
            {
              "batter": "AC Kerr",
              "bowler": "M Kapp",
              "non_striker": "H Kaur",
              "runs": {
                "batter": 0,
                "extras": 0,
                "total": 0
              }
            },
            {
              "batter": "AC Kerr",
              "bowler": "M Kapp",
              "non_striker": "H Kaur",
              "runs": {
                "batter": 0,
                "extras": 0,
                "total": 0
              }
            }
          ]
        },
        {
          "over": 5,
          "deliveries": [
            {
              "batter": "H Kaur",
              "bowler": "JL Jonassen",
              "non_striker": "AC Kerr",
              "runs": {
                "batter": 0,
                "extras": 0,
                "total": 0
              }
            },
            {
              "batter": "H Kaur",
              "bowler": "JL Jonassen",
              "non_striker": "AC Kerr",
              "runs": {
                "batter": 1,
                "extras": 0,
                "total": 1
              }
            },
            {
              "batter": "AC Kerr",
              "bowler": "JL Jonassen",
              "non_striker": "H Kaur",
              "runs": {
                "batter": 0,
                "extras": 0,
                "total": 0
              }
            },
            {
              "batter": "AC Kerr",
              "bowler": "JL Jonassen",
              "non_striker": "H Kaur",
              "runs": {
                "batter": 0,
                "extras": 0,
                "total": 0
              }
            },
            {
              "batter": "AC Kerr",
              "bowler": "JL Jonassen",
              "non_striker": "H Kaur",
              "runs": {
                "batter": 0,
                "extras": 0,
                "total": 0
              }
            },
            {
              "batter": "AC Kerr",
              "bowler": "JL Jonassen",
              "non_striker": "H Kaur",
              "runs": {
                "batter": 1,
                "extras": 0,
                "total": 1
              }
            }
          ]
        },
        {
          "over": 6,
          "deliveries": [
            {
              "batter": "AC Kerr",
              "bowler": "A Reddy",
              "non_striker": "H Kaur",
              "runs": {
                "batter": 0,
                "extras": 0,
                "total": 0
              }
            },
            {
              "batter": "AC Kerr",
              "bowler": "A Reddy",
              "non_striker": "H Kaur",
              "runs": {
                "batter": 1,
                "extras": 0,
                "total": 1
              }
            },
            {
              "batter": "H Kaur",
              "bowler": "A Reddy",
              "non_striker": "AC Kerr",
              "runs": {
                "batter": 1,
                "extras": 0,
                "total": 1
              }
            },
            {
              "batter": "AC Kerr",
              "bowler": "A Reddy",
              "non_striker": "H Kaur",
              "runs": {
                "batter": 0,
                "extras": 0,
                "total": 0
              }
            },
            {
              "batter": "AC Kerr",
              "bowler": "A Reddy",
              "non_striker": "H Kaur",
              "runs": {
                "batter": 0,
                "extras": 0,
                "total": 0
              },
              "wickets": [
                {
                  "player_out": "AC Kerr",
                  "fielders": [
                    {
                      "name": "T Bhatia"
                    }
                  ],
                  "kind": "caught"
                }
              ]
            },
            {
              "batter": "P Vastrakar",
              "bowler": "A Reddy",
              "non_striker": "H Kaur",
              "runs": {
                "batter": 1,
                "extras": 0,
                "total": 1
              }
            }
          ]
        },
        {
          "over": 7,
          "deliveries": [
            {
              "batter": "P Vastrakar",
              "bowler": "RP Yadav",
              "non_striker": "H Kaur",
              "runs": {
                "batter": 0,
                "extras": 0,
                "total": 0
              }
            },
            {
              "batter": "P Vastrakar",
              "bowler": "RP Yadav",
              "non_striker": "H Kaur",
              "runs": {
                "batter": 2,
                "extras": 0,
                "total": 2
              }
            },
            {
              "batter": "P Vastrakar",
              "bowler": "RP Yadav",
              "non_striker": "H Kaur",
              "runs": {
                "batter": 0,
                "extras": 0,
                "total": 0
              }
            },
            {
              "batter": "P Vastrakar",
              "bowler": "RP Yadav",
              "non_striker": "H Kaur",
              "runs": {
                "batter": 0,
                "extras": 0,
                "total": 0
              }
            },
            {
              "batter": "P Vastrakar",
              "bowler": "RP Yadav",
              "non_striker": "H Kaur",
              "runs": {
                "batter": 0,
                "extras": 0,
                "total": 0
              }
            },
            {
              "batter": "P Vastrakar",
              "bowler": "RP Yadav",
              "non_striker": "H Kaur",
              "runs": {
                "batter": 0,
                "extras": 0,
                "total": 0
              }
            }
          ]
        },
        {
          "over": 8,
          "deliveries": [
            {
              "batter": "H Kaur",
              "bowler": "A Reddy",
              "non_striker": "P Vastrakar",
              "runs": {
                "batter": 1,
                "extras": 0,
                "total": 1
              }
            },
            {
              "batter": "P Vastrakar",
              "bowler": "A Reddy",
              "extras": {
                "wides": 1
              },
              "non_striker": "H Kaur",
              "runs": {
                "batter": 0,
                "extras": 1,
                "total": 1
              }
            },
            {
              "batter": "P Vastrakar",
              "bowler": "A Reddy",
              "non_striker": "H Kaur",
              "runs": {
                "batter": 0,
                "extras": 0,
                "total": 0
              }
            },
            {
              "batter": "P Vastrakar",
              "bowler": "A Reddy",
              "extras": {
                "wides": 1
              },
              "non_striker": "H Kaur",
              "runs": {
                "batter": 0,
                "extras": 1,
                "total": 1
              }
            },
            {
              "batter": "P Vastrakar",
              "bowler": "A Reddy",
              "non_striker": "H Kaur",
              "runs": {
                "batter": 1,
                "extras": 0,
                "total": 1
              }
            },
            {
              "batter": "H Kaur",
              "bowler": "A Reddy",
              "non_striker": "P Vastrakar",
              "runs": {
                "batter": 0,
                "extras": 0,
                "total": 0
              }
            },
            {
              "batter": "H Kaur",
              "bowler": "A Reddy",
              "non_striker": "P Vastrakar",
              "runs": {
                "batter": 0,
                "extras": 0,
                "total": 0
              }
            },
            {
              "batter": "H Kaur",
              "bowler": "A Reddy",
              "non_striker": "P Vastrakar",
              "runs": {
                "batter": 0,
                "extras": 0,
                "total": 0
              }
            }
          ]
        },
        {
          "over": 9,
          "deliveries": [
            {
              "batter": "P Vastrakar",
              "bowler": "Poonam Yadav",
              "non_striker": "H Kaur",
              "runs": {
                "batter": 1,
                "extras": 0,
                "total": 1
              }
            },
            {
              "batter": "H Kaur",
              "bowler": "Poonam Yadav",
              "non_striker": "P Vastrakar",
              "runs": {
                "batter": 4,
                "extras": 0,
                "total": 4
              }
            },
            {
              "batter": "H Kaur",
              "bowler": "Poonam Yadav",
              "non_striker": "P Vastrakar",
              "runs": {
                "batter": 1,
                "extras": 0,
                "total": 1
              }
            },
            {
              "batter": "P Vastrakar",
              "bowler": "Poonam Yadav",
              "non_striker": "H Kaur",
              "runs": {
                "batter": 4,
                "extras": 0,
                "total": 4
              }
            },
            {
              "batter": "P Vastrakar",
              "bowler": "Poonam Yadav",
              "non_striker": "H Kaur",
              "runs": {
                "batter": 2,
                "extras": 0,
                "total": 2
              }
            },
            {
              "batter": "P Vastrakar",
              "bowler": "Poonam Yadav",
              "non_striker": "H Kaur",
              "runs": {
                "batter": 6,
                "extras": 0,
                "total": 6
              }
            }
          ]
        },
        {
          "over": 10,
          "deliveries": [
            {
              "batter": "H Kaur",
              "bowler": "S Pandey",
              "non_striker": "P Vastrakar",
              "runs": {
                "batter": 0,
                "extras": 0,
                "total": 0
              }
            },
            {
              "batter": "H Kaur",
              "bowler": "S Pandey",
              "non_striker": "P Vastrakar",
              "runs": {
                "batter": 1,
                "extras": 0,
                "total": 1
              }
            },
            {
              "batter": "P Vastrakar",
              "bowler": "S Pandey",
              "non_striker": "H Kaur",
              "runs": {
                "batter": 4,
                "extras": 0,
                "total": 4
              }
            },
            {
              "batter": "P Vastrakar",
              "bowler": "S Pandey",
              "non_striker": "H Kaur",
              "runs": {
                "batter": 0,
                "extras": 0,
                "total": 0
              }
            },
            {
              "batter": "P Vastrakar",
              "bowler": "S Pandey",
              "non_striker": "H Kaur",
              "runs": {
                "batter": 0,
                "extras": 0,
                "total": 0
              }
            },
            {
              "batter": "P Vastrakar",
              "bowler": "S Pandey",
              "non_striker": "H Kaur",
              "runs": {
                "batter": 4,
                "extras": 0,
                "total": 4
              }
            }
          ]
        },
        {
          "over": 11,
          "deliveries": [
            {
              "batter": "H Kaur",
              "bowler": "JL Jonassen",
              "non_striker": "P Vastrakar",
              "runs": {
                "batter": 1,
                "extras": 0,
                "total": 1
              }
            },
            {
              "batter": "P Vastrakar",
              "bowler": "JL Jonassen",
              "non_striker": "H Kaur",
              "runs": {
                "batter": 1,
                "extras": 0,
                "total": 1
              }
            },
            {
              "batter": "H Kaur",
              "bowler": "JL Jonassen",
              "non_striker": "P Vastrakar",
              "runs": {
                "batter": 1,
                "extras": 0,
                "total": 1
              }
            },
            {
              "batter": "P Vastrakar",
              "bowler": "JL Jonassen",
              "non_striker": "H Kaur",
              "runs": {
                "batter": 0,
                "extras": 0,
                "total": 0
              },
              "wickets": [
                {
                  "player_out": "P Vastrakar",
                  "fielders": [
                    {
                      "name": "RP Yadav"
                    }
                  ],
                  "kind": "caught"
                }
              ]
            },
            {
              "batter": "IECM Wong",
              "bowler": "JL Jonassen",
              "non_striker": "H Kaur",
              "runs": {
                "batter": 2,
                "extras": 0,
                "total": 2
              }
            },
            {
              "batter": "IECM Wong",
              "bowler": "JL Jonassen",
              "non_striker": "H Kaur",
              "runs": {
                "batter": 1,
                "extras": 0,
                "total": 1
              }
            }
          ]
        },
        {
          "over": 12,
          "deliveries": [
            {
              "batter": "IECM Wong",
              "bowler": "M Kapp",
              "non_striker": "H Kaur",
              "runs": {
                "batter": 0,
                "extras": 0,
                "total": 0
              }
            },
            {
              "batter": "IECM Wong",
              "bowler": "M Kapp",
              "non_striker": "H Kaur",
              "runs": {
                "batter": 0,
                "extras": 0,
                "total": 0
              }
            },
            {
              "batter": "IECM Wong",
              "bowler": "M Kapp",
              "non_striker": "H Kaur",
              "runs": {
                "batter": 1,
                "extras": 0,
                "total": 1
              }
            },
            {
              "batter": "H Kaur",
              "bowler": "M Kapp",
              "non_striker": "IECM Wong",
              "runs": {
                "batter": 1,
                "extras": 0,
                "total": 1
              }
            },
            {
              "batter": "IECM Wong",
              "bowler": "M Kapp",
              "non_striker": "H Kaur",
              "runs": {
                "batter": 1,
                "extras": 0,
                "total": 1
              }
            },
            {
              "batter": "H Kaur",
              "bowler": "M Kapp",
              "non_striker": "IECM Wong",
              "runs": {
                "batter": 0,
                "extras": 0,
                "total": 0
              }
            }
          ]
        },
        {
          "over": 13,
          "deliveries": [
            {
              "batter": "IECM Wong",
              "bowler": "RP Yadav",
              "non_striker": "H Kaur",
              "runs": {
                "batter": 1,
                "extras": 0,
                "total": 1
              }
            },
            {
              "batter": "H Kaur",
              "bowler": "RP Yadav",
              "non_striker": "IECM Wong",
              "runs": {
                "batter": 1,
                "extras": 0,
                "total": 1
              }
            },
            {
              "batter": "IECM Wong",
              "bowler": "RP Yadav",
              "non_striker": "H Kaur",
              "runs": {
                "batter": 1,
                "extras": 0,
                "total": 1
              }
            },
            {
              "batter": "H Kaur",
              "bowler": "RP Yadav",
              "non_striker": "IECM Wong",
              "runs": {
                "batter": 1,
                "extras": 0,
                "total": 1
              }
            },
            {
              "batter": "IECM Wong",
              "bowler": "RP Yadav",
              "non_striker": "H Kaur",
              "runs": {
                "batter": 0,
                "extras": 0,
                "total": 0
              }
            },
            {
              "batter": "IECM Wong",
              "bowler": "RP Yadav",
              "non_striker": "H Kaur",
              "runs": {
                "batter": 1,
                "extras": 0,
                "total": 1
              }
            }
          ]
        },
        {
          "over": 14,
          "deliveries": [
            {
              "batter": "IECM Wong",
              "bowler": "S Pandey",
              "non_striker": "H Kaur",
              "runs": {
                "batter": 1,
                "extras": 0,
                "total": 1
              }
            },
            {
              "batter": "H Kaur",
              "bowler": "S Pandey",
              "non_striker": "IECM Wong",
              "runs": {
                "batter": 0,
                "extras": 0,
                "total": 0
              }
            },
            {
              "batter": "H Kaur",
              "bowler": "S Pandey",
              "non_striker": "IECM Wong",
              "runs": {
                "batter": 0,
                "extras": 0,
                "total": 0
              }
            },
            {
              "batter": "H Kaur",
              "bowler": "S Pandey",
              "non_striker": "IECM Wong",
              "runs": {
                "batter": 4,
                "extras": 0,
                "total": 4
              }
            },
            {
              "batter": "H Kaur",
              "bowler": "S Pandey",
              "non_striker": "IECM Wong",
              "runs": {
                "batter": 0,
                "extras": 0,
                "total": 0
              },
              "wickets": [
                {
                  "player_out": "H Kaur",
                  "fielders": [
                    {
                      "name": "JI Rodrigues"
                    }
                  ],
                  "kind": "caught"
                }
              ]
            },
            {
              "batter": "AB Kaur",
              "bowler": "S Pandey",
              "non_striker": "IECM Wong",
              "runs": {
                "batter": 0,
                "extras": 0,
                "total": 0
              }
            }
          ]
        },
        {
          "over": 15,
          "deliveries": [
            {
              "batter": "IECM Wong",
              "bowler": "RP Yadav",
              "non_striker": "AB Kaur",
              "runs": {
                "batter": 1,
                "extras": 0,
                "total": 1
              }
            },
            {
              "batter": "AB Kaur",
              "bowler": "RP Yadav",
              "non_striker": "IECM Wong",
              "runs": {
                "batter": 0,
                "extras": 0,
                "total": 0
              }
            },
            {
              "batter": "AB Kaur",
              "bowler": "RP Yadav",
              "non_striker": "IECM Wong",
              "runs": {
                "batter": 4,
                "extras": 0,
                "total": 4
              }
            },
            {
              "batter": "AB Kaur",
              "bowler": "RP Yadav",
              "non_striker": "IECM Wong",
              "runs": {
                "batter": 4,
                "extras": 0,
                "total": 4
              }
            },
            {
              "batter": "AB Kaur",
              "bowler": "RP Yadav",
              "non_striker": "IECM Wong",
              "runs": {
                "batter": 1,
                "extras": 0,
                "total": 1
              }
            },
            {
              "batter": "IECM Wong",
              "bowler": "RP Yadav",
              "non_striker": "AB Kaur",
              "runs": {
                "batter": 1,
                "extras": 0,
                "total": 1
              }
            }
          ]
        },
        {
          "over": 16,
          "deliveries": [
            {
              "batter": "IECM Wong",
              "bowler": "A Reddy",
              "non_striker": "AB Kaur",
              "runs": {
                "batter": 1,
                "extras": 0,
                "total": 1
              }
            },
            {
              "batter": "AB Kaur",
              "bowler": "A Reddy",
              "non_striker": "IECM Wong",
              "runs": {
                "batter": 0,
                "extras": 0,
                "total": 0
              }
            },
            {
              "batter": "AB Kaur",
              "bowler": "A Reddy",
              "non_striker": "IECM Wong",
              "runs": {
                "batter": 0,
                "extras": 0,
                "total": 0
              }
            },
            {
              "batter": "AB Kaur",
              "bowler": "A Reddy",
              "non_striker": "IECM Wong",
              "runs": {
                "batter": 0,
                "extras": 0,
                "total": 0
              }
            },
            {
              "batter": "AB Kaur",
              "bowler": "A Reddy",
              "non_striker": "IECM Wong",
              "runs": {
                "batter": 1,
                "extras": 0,
                "total": 1
              }
            },
            {
              "batter": "IECM Wong",
              "bowler": "A Reddy",
              "non_striker": "AB Kaur",
              "runs": {
                "batter": 1,
                "extras": 0,
                "total": 1
              }
            }
          ]
        },
        {
          "over": 17,
          "deliveries": [
            {
              "batter": "IECM Wong",
              "bowler": "JL Jonassen",
              "non_striker": "AB Kaur",
              "runs": {
                "batter": 6,
                "extras": 0,
                "total": 6
              }
            },
            {
              "batter": "IECM Wong",
              "bowler": "JL Jonassen",
              "non_striker": "AB Kaur",
              "runs": {
                "batter": 1,
                "extras": 0,
                "total": 1
              }
            },
            {
              "batter": "AB Kaur",
              "bowler": "JL Jonassen",
              "non_striker": "IECM Wong",
              "runs": {
                "batter": 2,
                "extras": 0,
                "total": 2
              }
            },
            {
              "batter": "AB Kaur",
              "bowler": "JL Jonassen",
              "non_striker": "IECM Wong",
              "runs": {
                "batter": 1,
                "extras": 0,
                "total": 1
              }
            },
            {
              "batter": "IECM Wong",
              "bowler": "JL Jonassen",
              "non_striker": "AB Kaur",
              "runs": {
                "batter": 0,
                "extras": 0,
                "total": 0
              }
            },
            {
              "batter": "IECM Wong",
              "bowler": "JL Jonassen",
              "non_striker": "AB Kaur",
              "runs": {
                "batter": 1,
                "extras": 0,
                "total": 1
              }
            }
          ]
        },
        {
          "over": 18,
          "deliveries": [
            {
              "batter": "IECM Wong",
              "bowler": "S Pandey",
              "non_striker": "AB Kaur",
              "runs": {
                "batter": 0,
                "extras": 0,
                "total": 0
              }
            },
            {
              "batter": "IECM Wong",
              "bowler": "S Pandey",
              "non_striker": "AB Kaur",
              "runs": {
                "batter": 1,
                "extras": 0,
                "total": 1
              }
            },
            {
              "batter": "AB Kaur",
              "bowler": "S Pandey",
              "non_striker": "IECM Wong",
              "runs": {
                "batter": 1,
                "extras": 0,
                "total": 1
              }
            },
            {
              "batter": "IECM Wong",
              "bowler": "S Pandey",
              "non_striker": "AB Kaur",
              "runs": {
                "batter": 1,
                "extras": 0,
                "total": 1
              }
            },
            {
              "batter": "AB Kaur",
              "bowler": "S Pandey",
              "non_striker": "IECM Wong",
              "runs": {
                "batter": 1,
                "extras": 0,
                "total": 1
              }
            },
            {
              "batter": "IECM Wong",
              "bowler": "S Pandey",
              "non_striker": "AB Kaur",
              "runs": {
                "batter": 0,
                "extras": 0,
                "total": 0
              }
            }
          ]
        },
        {
          "over": 19,
          "deliveries": [
            {
              "batter": "AB Kaur",
              "bowler": "JL Jonassen",
              "non_striker": "IECM Wong",
              "runs": {
                "batter": 1,
                "extras": 0,
                "total": 1
              }
            },
            {
              "batter": "IECM Wong",
              "bowler": "JL Jonassen",
              "non_striker": "AB Kaur",
              "runs": {
                "batter": 0,
                "extras": 0,
                "total": 0
              },
              "wickets": [
                {
                  "player_out": "IECM Wong",
                  "fielders": [
                    {
                      "name": "MM Lanning"
                    }
                  ],
                  "kind": "caught"
                }
              ]
            },
            {
              "batter": "HY Kazi",
              "bowler": "JL Jonassen",
              "non_striker": "AB Kaur",
              "runs": {
                "batter": 1,
                "extras": 0,
                "total": 1
              }
            },
            {
              "batter": "AB Kaur",
              "bowler": "JL Jonassen",
              "non_striker": "HY Kazi",
              "runs": {
                "batter": 2,
                "extras": 0,
                "total": 2
              }
            },
            {
              "batter": "AB Kaur",
              "bowler": "JL Jonassen",
              "non_striker": "HY Kazi",
              "runs": {
                "batter": 1,
                "extras": 0,
                "total": 1
              }
            },
            {
              "batter": "HY Kazi",
              "bowler": "JL Jonassen",
              "non_striker": "AB Kaur",
              "runs": {
                "batter": 1,
                "extras": 0,
                "total": 1
              },
              "wickets": [
                {
                  "player_out": "AB Kaur",
                  "fielders": [
                    {
                      "name": "JI Rodrigues"
                    },
                    {
                      "name": "JL Jonassen"
                    }
                  ],
                  "kind": "run out"
                }
              ]
            }
          ]
        }
      ],
      "powerplays": [
        {
          "from": 0.1,
          "to": 5.6,
          "type": "mandatory"
        }
      ]
    },
    {
      "team": "Delhi Capitals",
      "overs": [
        {
          "over": 0,
          "deliveries": [
            {
              "batter": "MM Lanning",
              "bowler": "NR Sciver-Brunt",
              "non_striker": "Shafali Verma",
              "runs": {
                "batter": 0,
                "extras": 0,
                "total": 0
              }
            },
            {
              "batter": "MM Lanning",
              "bowler": "NR Sciver-Brunt",
              "non_striker": "Shafali Verma",
              "runs": {
                "batter": 0,
                "extras": 0,
                "total": 0
              }
            },
            {
              "batter": "MM Lanning",
              "bowler": "NR Sciver-Brunt",
              "non_striker": "Shafali Verma",
              "runs": {
                "batter": 4,
                "extras": 0,
                "total": 4
              }
            },
            {
              "batter": "MM Lanning",
              "bowler": "NR Sciver-Brunt",
              "non_striker": "Shafali Verma",
              "runs": {
                "batter": 4,
                "extras": 0,
                "total": 4
              }
            },
            {
              "batter": "MM Lanning",
              "bowler": "NR Sciver-Brunt",
              "non_striker": "Shafali Verma",
              "runs": {
                "batter": 1,
                "extras": 0,
                "total": 1
              }
            },
            {
              "batter": "Shafali Verma",
              "bowler": "NR Sciver-Brunt",
              "non_striker": "MM Lanning",
              "runs": {
                "batter": 1,
                "extras": 0,
                "total": 1
              }
            }
          ]
        },
        {
          "over": 1,
          "deliveries": [
            {
              "batter": "Shafali Verma",
              "bowler": "IECM Wong",
              "non_striker": "MM Lanning",
              "runs": {
                "batter": 4,
                "extras": 0,
                "total": 4
              }
            },
            {
              "batter": "Shafali Verma",
              "bowler": "IECM Wong",
              "non_striker": "MM Lanning",
              "runs": {
                "batter": 0,
                "extras": 0,
                "total": 0
              }
            },
            {
              "batter": "Shafali Verma",
              "bowler": "IECM Wong",
              "non_striker": "MM Lanning",
              "runs": {
                "batter": 0,
                "extras": 0,
                "total": 0
              }
            },
            {
              "batter": "Shafali Verma",
              "bowler": "IECM Wong",
              "non_striker": "MM Lanning",
              "runs": {
                "batter": 4,
                "extras": 0,
                "total": 4
              }
            },
            {
              "batter": "Shafali Verma",
              "bowler": "IECM Wong",
              "non_striker": "MM Lanning",
              "runs": {
                "batter": 4,
                "extras": 0,
                "total": 4
              }
            },
            {
              "batter": "Shafali Verma",
              "bowler": "IECM Wong",
              "non_striker": "MM Lanning",
              "runs": {
                "batter": 0,
                "extras": 0,
                "total": 0
              }
            }
          ]
        },
        {
          "over": 2,
          "deliveries": [
            {
              "batter": "MM Lanning",
              "bowler": "NR Sciver-Brunt",
              "non_striker": "Shafali Verma",
              "runs": {
                "batter": 4,
                "extras": 0,
                "total": 4
              }
            },
            {
              "batter": "MM Lanning",
              "bowler": "NR Sciver-Brunt",
              "non_striker": "Shafali Verma",
              "runs": {
                "batter": 0,
                "extras": 0,
                "total": 0
              }
            },
            {
              "batter": "MM Lanning",
              "bowler": "NR Sciver-Brunt",
              "non_striker": "Shafali Verma",
              "runs": {
                "batter": 1,
                "extras": 0,
                "total": 1
              }
            },
            {
              "batter": "Shafali Verma",
              "bowler": "NR Sciver-Brunt",
              "non_striker": "MM Lanning",
              "runs": {
                "batter": 4,
                "extras": 0,
                "total": 4
              }
            },
            {
              "batter": "Shafali Verma",
              "bowler": "NR Sciver-Brunt",
              "non_striker": "MM Lanning",
              "runs": {
                "batter": 1,
                "extras": 0,
                "total": 1
              }
            },
            {
              "batter": "MM Lanning",
              "bowler": "NR Sciver-Brunt",
              "non_striker": "Shafali Verma",
              "runs": {
                "batter": 1,
                "extras": 0,
                "total": 1
              }
            }
          ]
        },
        {
          "over": 3,
          "deliveries": [
            {
              "batter": "MM Lanning",
              "bowler": "S Ishaque",
              "non_striker": "Shafali Verma",
              "runs": {
                "batter": 4,
                "extras": 0,
                "total": 4
              }
            },
            {
              "batter": "MM Lanning",
              "bowler": "S Ishaque",
              "non_striker": "Shafali Verma",
              "runs": {
                "batter": 1,
                "extras": 0,
                "total": 1
              }
            },
            {
              "batter": "Shafali Verma",
              "bowler": "S Ishaque",
              "non_striker": "MM Lanning",
              "runs": {
                "batter": 4,
                "extras": 0,
                "total": 4
              }
            },
            {
              "batter": "Shafali Verma",
              "bowler": "S Ishaque",
              "extras": {
                "wides": 2
              },
              "non_striker": "MM Lanning",
              "runs": {
                "batter": 0,
                "extras": 2,
                "total": 2
              }
            },
            {
              "batter": "MM Lanning",
              "bowler": "S Ishaque",
              "non_striker": "Shafali Verma",
              "runs": {
                "batter": 1,
                "extras": 0,
                "total": 1
              }
            },
            {
              "batter": "Shafali Verma",
              "bowler": "S Ishaque",
              "non_striker": "MM Lanning",
              "runs": {
                "batter": 4,
                "extras": 0,
                "total": 4
              }
            },
            {
              "batter": "Shafali Verma",
              "bowler": "S Ishaque",
              "non_striker": "MM Lanning",
              "runs": {
                "batter": 1,
                "extras": 0,
                "total": 1
              }
            }
          ]
        },
        {
          "over": 4,
          "deliveries": [
            {
              "batter": "Shafali Verma",
              "bowler": "HK Matthews",
              "non_striker": "MM Lanning",
              "runs": {
                "batter": 6,
                "extras": 0,
                "total": 6
              }
            },
            {
              "batter": "Shafali Verma",
              "bowler": "HK Matthews",
              "non_striker": "MM Lanning",
              "runs": {
                "batter": 0,
                "extras": 0,
                "total": 0
              }
            },
            {
              "batter": "Shafali Verma",
              "bowler": "HK Matthews",
              "non_striker": "MM Lanning",
              "runs": {
                "batter": 0,
                "extras": 0,
                "total": 0
              },
              "wickets": [
                {
                  "player_out": "Shafali Verma",
                  "fielders": [
                    {
                      "name": "YH Bhatia"
                    }
                  ],
                  "kind": "stumped"
                }
              ]
            },
            {
              "batter": "A Capsey",
              "bowler": "HK Matthews",
              "non_striker": "MM Lanning",
              "runs": {
                "batter": 1,
                "extras": 0,
                "total": 1
              }
            },
            {
              "batter": "MM Lanning",
              "bowler": "HK Matthews",
              "non_striker": "A Capsey",
              "runs": {
                "batter": 2,
                "extras": 0,
                "total": 2
              }
            },
            {
              "batter": "MM Lanning",
              "bowler": "HK Matthews",
              "non_striker": "A Capsey",
              "runs": {
                "batter": 0,
                "extras": 0,
                "total": 0
              }
            }
          ]
        },
        {
          "over": 5,
          "deliveries": [
            {
              "batter": "A Capsey",
              "bowler": "IECM Wong",
              "non_striker": "MM Lanning",
              "runs": {
                "batter": 0,
                "extras": 0,
                "total": 0
              }
            },
            {
              "batter": "A Capsey",
              "bowler": "IECM Wong",
              "non_striker": "MM Lanning",
              "runs": {
                "batter": 1,
                "extras": 0,
                "total": 1
              }
            },
            {
              "batter": "MM Lanning",
              "bowler": "IECM Wong",
              "non_striker": "A Capsey",
              "runs": {
                "batter": 0,
                "extras": 0,
                "total": 0
              }
            },
            {
              "batter": "MM Lanning",
              "bowler": "IECM Wong",
              "non_striker": "A Capsey",
              "runs": {
                "batter": 0,
                "extras": 0,
                "total": 0
              }
            },
            {
              "batter": "MM Lanning",
              "bowler": "IECM Wong",
              "extras": {
                "wides": 1
              },
              "non_striker": "A Capsey",
              "runs": {
                "batter": 0,
                "extras": 1,
                "total": 1
              }
            },
            {
              "batter": "MM Lanning",
              "bowler": "IECM Wong",
              "non_striker": "A Capsey",
              "runs": {
                "batter": 0,
                "extras": 0,
                "total": 0
              }
            },
            {
              "batter": "MM Lanning",
              "bowler": "IECM Wong",
              "non_striker": "A Capsey",
              "runs": {
                "batter": 6,
                "extras": 0,
                "total": 6
              }
            }
          ]
        },
        {
          "over": 6,
          "deliveries": [
            {
              "batter": "A Capsey",
              "bowler": "HK Matthews",
              "non_striker": "MM Lanning",
              "runs": {
                "batter": 6,
                "extras": 0,
                "total": 6
              }
            },
            {
              "batter": "A Capsey",
              "bowler": "HK Matthews",
              "non_striker": "MM Lanning",
              "runs": {
                "batter": 0,
                "extras": 0,
                "total": 0
              }
            },
            {
              "batter": "A Capsey",
              "bowler": "HK Matthews",
              "non_striker": "MM Lanning",
              "runs": {
                "batter": 6,
                "extras": 0,
                "total": 6
              }
            },
            {
              "batter": "A Capsey",
              "bowler": "HK Matthews",
              "non_striker": "MM Lanning",
              "runs": {
                "batter": 6,
                "extras": 0,
                "total": 6
              }
            },
            {
              "batter": "A Capsey",
              "bowler": "HK Matthews",
              "extras": {
                "byes": 4
              },
              "non_striker": "MM Lanning",
              "runs": {
                "batter": 0,
                "extras": 4,
                "total": 4
              }
            },
            {
              "batter": "A Capsey",
              "bowler": "HK Matthews",
              "non_striker": "MM Lanning",
              "runs": {
                "batter": 0,
                "extras": 0,
                "total": 0
              }
            }
          ]
        },
        {
          "over": 7,
          "deliveries": [
            {
              "batter": "MM Lanning",
              "bowler": "AC Kerr",
              "non_striker": "A Capsey",
              "runs": {
                "batter": 0,
                "extras": 0,
                "total": 0
              }
            },
            {
              "batter": "MM Lanning",
              "bowler": "AC Kerr",
              "non_striker": "A Capsey",
              "runs": {
                "batter": 1,
                "extras": 0,
                "total": 1
              }
            },
            {
              "batter": "A Capsey",
              "bowler": "AC Kerr",
              "non_striker": "MM Lanning",
              "runs": {
                "batter": 0,
                "extras": 0,
                "total": 0
              }
            },
            {
              "batter": "A Capsey",
              "bowler": "AC Kerr",
              "non_striker": "MM Lanning",
              "runs": {
                "batter": 0,
                "extras": 0,
                "total": 0
              }
            },
            {
              "batter": "A Capsey",
              "bowler": "AC Kerr",
              "non_striker": "MM Lanning",
              "runs": {
                "batter": 1,
                "extras": 0,
                "total": 1
              }
            },
            {
              "batter": "MM Lanning",
              "bowler": "AC Kerr",
              "non_striker": "A Capsey",
              "runs": {
                "batter": 0,
                "extras": 0,
                "total": 0
              }
            }
          ]
        },
        {
          "over": 8,
          "deliveries": [
            {
              "batter": "A Capsey",
              "bowler": "S Ishaque",
              "non_striker": "MM Lanning",
              "runs": {
                "batter": 6,
                "extras": 0,
                "total": 6
              }
            },
            {
              "batter": "A Capsey",
              "bowler": "S Ishaque",
              "non_striker": "MM Lanning",
              "runs": {
                "batter": 0,
                "extras": 0,
                "total": 0
              }
            },
            {
              "batter": "A Capsey",
              "bowler": "S Ishaque",
              "non_striker": "MM Lanning",
              "runs": {
                "batter": 4,
                "extras": 0,
                "total": 4
              }
            },
            {
              "batter": "A Capsey",
              "bowler": "S Ishaque",
              "non_striker": "MM Lanning",
              "runs": {
                "batter": 6,
                "extras": 0,
                "total": 6
              }
            },
            {
              "batter": "A Capsey",
              "bowler": "S Ishaque",
              "non_striker": "MM Lanning",
              "runs": {
                "batter": 1,
                "extras": 0,
                "total": 1
              }
            },
            {
              "batter": "MM Lanning",
              "bowler": "S Ishaque",
              "non_striker": "A Capsey",
              "runs": {
                "batter": 2,
                "extras": 0,
                "total": 2
              }
            }
          ]
        }
      ],
      "powerplays": [
        {
          "from": 0.1,
          "to": 5.7,
          "type": "mandatory"
        }
      ],
      "target": {
        "overs": 20,
        "runs": 110
      }
    }
  ]
}