{
  "meta": {
    "data_version": "1.1.0",
    "created": "2023-03-23",
    "revision": 2
  },
  "info": {
    "balls_per_over": 6,
    "city": "Mumbai",
    "dates": [
      "2023-03-20"
    ],
    "event": {
      "name": "Women's Premier League",
      "match_number": 17
    },
    "gender": "female",
    "match_type": "T20",
    "officials": {
      "match_referees": [
        "GS Lakshmi"
      ],
      "reserve_umpires": [
        "N Janani"
      ],
      "tv_umpires": [
        "M Kuppuraj"
      ],
      "umpires": [
        "Sanjay Kumar Singh",
        "Saurabh Dhote"
      ]
    },
    "outcome": {
      "winner": "UP Warriorz",
      "by": {
        "wickets": 3
      }
    },
    "overs": 20,
    "player_of_match": [
      "GM Harris"
    ],
    "players": {
      "Gujarat Giants": [
        "SIR Dunkley",
        "L Wolvaardt",
        "H Deol",
        "D Hemalatha",
        "A Gardner",
        "S Verma",
        "Ashwani Kumari",
        "KJ Garth",
        "MC Patel",
        "S Rana",
        "TP Kanwar"
      ],
      "UP Warriorz": [
        "DP Vaidya",
        "AJ Healy",
        "KP Navgire",
        "TM McGrath",
        "GM Harris",
        "DB Sharma",
        "S Ecclestone",
        "Simran Shaikh",
        "K Anjali Sarvani",
        "PG Chopra",
        "RS Gayakwad"
      ]
    },
    "registry": {
      "people": {
        "A Gardner": "bc969efb",
        "AJ Healy": "321644de",
        "Ashwani Kumari": "09298aca",
        "D Hemalatha": "1d6ff329",
        "DB Sharma": "201fef33",
        "DP Vaidya": "f9ded29b",
        "GM Harris": "72166006",
        "GS Lakshmi": "ba8d5615",
        "H Deol": "3664712e",
        "K Anjali Sarvani": "fa0bf9d9",
        "KJ Garth": "0b69a844",
        "KP Navgire": "617a0b79",
        "L Wolvaardt": "e60f81c9",
        "M Kuppuraj": "aa4063d0",
        "MC Patel": "d1f0f514",
        "N Janani": "d06a665d",
        "PG Chopra": "0dc28b3f",
        "RS Gayakwad": "237ec05b",
        "S Ecclestone": "cdb82f1c",
        "S Rana": "c4c374d9",
        "S Verma": "185e6c0c",
        "SIR Dunkley": "3a9e9cb2",
        "Sanjay Kumar Singh": "ccb9d6a6",
        "Saurabh Dhote": "afe4ec5a",
        "Simran Shaikh": "4961601c",
        "TM McGrath": "ca5acfa4",
        "TP Kanwar": "443c122f"
      }
    },
    "season": "2022/23",
    "team_type": "club",
    "teams": [
      "Gujarat Giants",
      "UP Warriorz"
    ],
    "toss": {
      "decision": "bat",
      "winner": "Gujarat Giants"
    },
    "venue": "Brabourne Stadium, Mumbai"
  },
  "innings": [
    {
      "team": "Gujarat Giants",
      "overs": [
        {
          "over": 0,
          "deliveries": [
            {
              "batter": "SIR Dunkley",
              "bowler": "K Anjali Sarvani",
              "non_striker": "L Wolvaardt",
              "runs": {
                "batter": 0,
                "extras": 0,
                "total": 0
              }
            },
            {
              "batter": "SIR Dunkley",
              "bowler": "K Anjali Sarvani",
              "non_striker": "L Wolvaardt",
              "runs": {
                "batter": 1,
                "extras": 0,
                "total": 1
              }
            },
            {
              "batter": "L Wolvaardt",
              "bowler": "K Anjali Sarvani",
              "non_striker": "SIR Dunkley",
              "runs": {
                "batter": 4,
                "extras": 0,
                "total": 4
              }
            },
            {
              "batter": "L Wolvaardt",
              "bowler": "K Anjali Sarvani",
              "extras": {
                "legbyes": 1
              },
              "non_striker": "SIR Dunkley",
              "runs": {
                "batter": 0,
                "extras": 1,
                "total": 1
              }
            },
            {
              "batter": "SIR Dunkley",
              "bowler": "K Anjali Sarvani",
              "non_striker": "L Wolvaardt",
              "runs": {
                "batter": 2,
                "extras": 0,
                "total": 2
              }
            },
            {
              "batter": "SIR Dunkley",
              "bowler": "K Anjali Sarvani",
              "non_striker": "L Wolvaardt",
              "runs": {
                "batter": 3,
                "extras": 0,
                "total": 3
              }
            }
          ]
        },
        {
          "over": 1,
          "deliveries": [
            {
              "batter": "SIR Dunkley",
              "bowler": "RS Gayakwad",
              "non_striker": "L Wolvaardt",
              "runs": {
                "batter": 4,
                "extras": 0,
                "total": 4
              }
            },
            {
              "batter": "SIR Dunkley",
              "bowler": "RS Gayakwad",
              "non_striker": "L Wolvaardt",
              "runs": {
                "batter": 4,
                "extras": 0,
                "total": 4
              }
            },
            {
              "batter": "SIR Dunkley",
              "bowler": "RS Gayakwad",
              "non_striker": "L Wolvaardt",
              "runs": {
                "batter": 1,
                "extras": 0,
                "total": 1
              }
            },
            {
              "batter": "L Wolvaardt",
              "bowler": "RS Gayakwad",
              "non_striker": "SIR Dunkley",
              "runs": {
                "batter": 0,
                "extras": 0,
                "total": 0
              }
            },
            {
              "batter": "L Wolvaardt",
              "bowler": "RS Gayakwad",
              "non_striker": "SIR Dunkley",
              "runs": {
                "batter": 0,
                "extras": 0,
                "total": 0
              }
            },
            {
              "batter": "L Wolvaardt",
              "bowler": "RS Gayakwad",
              "non_striker": "SIR Dunkley",
              "runs": {
                "batter": 6,
                "extras": 0,
                "total": 6
              }
            }
          ]
        },
        {
          "over": 2,
          "deliveries": [
            {
              "batter": "SIR Dunkley",
              "bowler": "S Ecclestone",
              "non_striker": "L Wolvaardt",
              "runs": {
                "batter": 2,
                "extras": 0,
                "total": 2
              }
            },
            {
              "batter": "SIR Dunkley",
              "bowler": "S Ecclestone",
              "non_striker": "L Wolvaardt",
              "runs": {
                "batter": 0,
                "extras": 0,
                "total": 0
              }
            },
            {
              "batter": "SIR Dunkley",
              "bowler": "S Ecclestone",
              "non_striker": "L Wolvaardt",
              "runs": {
                "batter": 1,
                "extras": 0,
                "total": 1
              }
            },
            {
              "batter": "L Wolvaardt",
              "bowler": "S Ecclestone",
              "non_striker": "SIR Dunkley",
              "review": {
                "by": "UP Warriorz",
                "umpire": "Saurabh Dhote",
                "batter": "L Wolvaardt",
                "decision": "struck down"
              },
              "runs": {
                "batter": 0,
                "extras": 0,
                "total": 0
              }
            },
            {
              "batter": "L Wolvaardt",
              "bowler": "S Ecclestone",
              "non_striker": "SIR Dunkley",
              "runs": {
                "batter": 0,
                "extras": 0,
                "total": 0
              }
            },
            {
              "batter": "L Wolvaardt",
              "bowler": "S Ecclestone",
              "non_striker": "SIR Dunkley",
              "runs": {
                "batter": 0,
                "extras": 0,
                "total": 0
              }
            }
          ]
        },
        {
          "over": 3,
          "deliveries": [
            {
              "batter": "SIR Dunkley",
              "bowler": "DB Sharma",
              "non_striker": "L Wolvaardt",
              "runs": {
                "batter": 4,
                "extras": 0,
                "total": 4
              }
            },
            {
              "batter": "SIR Dunkley",
              "bowler": "DB Sharma",
              "non_striker": "L Wolvaardt",
              "runs": {
                "batter": 1,
                "extras": 0,
                "total": 1
              }
            },
            {
              "batter": "L Wolvaardt",
              "bowler": "DB Sharma",
              "non_striker": "SIR Dunkley",
              "runs": {
                "batter": 6,
                "extras": 0,
                "total": 6
              }
            },
            {
              "batter": "L Wolvaardt",
              "bowler": "DB Sharma",
              "non_striker": "SIR Dunkley",
              "runs": {
                "batter": 0,
                "extras": 0,
                "total": 0
              }
            },
            {
              "batter": "L Wolvaardt",
              "bowler": "DB Sharma",
              "non_striker": "SIR Dunkley",
              "runs": {
                "batter": 0,
                "extras": 0,
                "total": 0
              }
            },
            {
              "batter": "L Wolvaardt",
              "bowler": "DB Sharma",
              "non_striker": "SIR Dunkley",
              "runs": {
                "batter": 1,
                "extras": 0,
                "total": 1
              }
            }
          ]
        },
        {
          "over": 4,
          "deliveries": [
            {
              "batter": "L Wolvaardt",
              "bowler": "K Anjali Sarvani",
              "non_striker": "SIR Dunkley",
              "runs": {
                "batter": 0,
                "extras": 0,
                "total": 0
              },
              "wickets": [
                {
                  "player_out": "L Wolvaardt",
                  "kind": "bowled"
                }
              ]
            },
            {
              "batter": "H Deol",
              "bowler": "K Anjali Sarvani",
              "non_striker": "SIR Dunkley",
              "runs": {
                "batter": 0,
                "extras": 0,
                "total": 0
              }
            },
            {
              "batter": "H Deol",
              "bowler": "K Anjali Sarvani",
              "non_striker": "SIR Dunkley",
              "runs": {
                "batter": 4,
                "extras": 0,
                "total": 4
              }
            },
            {
              "batter": "H Deol",
              "bowler": "K Anjali Sarvani",
              "non_striker": "SIR Dunkley",
              "runs": {
                "batter": 0,
                "extras": 0,
                "total": 0
              }
            },
            {
              "batter": "H Deol",
              "bowler": "K Anjali Sarvani",
              "non_striker": "SIR Dunkley",
              "runs": {
                "batter": 0,
                "extras": 0,
                "total": 0
              }
            },
            {
              "batter": "H Deol",
              "bowler": "K Anjali Sarvani",
              "non_striker": "SIR Dunkley",
              "runs": {
                "batter": 0,
                "extras": 0,
                "total": 0
              }
            }
          ]
        },
        {
          "over": 5,
          "deliveries": [
            {
              "batter": "SIR Dunkley",
              "bowler": "RS Gayakwad",
              "non_striker": "H Deol",
              "runs": {
                "batter": 0,
                "extras": 0,
                "total": 0
              },
              "wickets": [
                {
                  "player_out": "SIR Dunkley",
                  "fielders": [
                    {
                      "name": "K Anjali Sarvani"
                    }
                  ],
                  "kind": "caught"
                }
              ]
            },
            {
              "batter": "D Hemalatha",
              "bowler": "RS Gayakwad",
              "non_striker": "H Deol",
              "runs": {
                "batter": 4,
                "extras": 0,
                "total": 4
              }
            },
            {
              "batter": "D Hemalatha",
              "bowler": "RS Gayakwad",
              "non_striker": "H Deol",
              "runs": {
                "batter": 0,
                "extras": 0,
                "total": 0
              }
            },
            {
              "batter": "D Hemalatha",
              "bowler": "RS Gayakwad",
              "non_striker": "H Deol",
              "runs": {
                "batter": 1,
                "extras": 0,
                "total": 1
              }
            },
            {
              "batter": "H Deol",
              "bowler": "RS Gayakwad",
              "non_striker": "D Hemalatha",
              "runs": {
                "batter": 0,
                "extras": 0,
                "total": 0
              }
            },
            {
              "batter": "H Deol",
              "bowler": "RS Gayakwad",
              "non_striker": "D Hemalatha",
              "runs": {
                "batter": 0,
                "extras": 0,
                "total": 0
              },
              "wickets": [
                {
                  "player_out": "H Deol",
                  "fielders": [
                    {
                      "name": "Simran Shaikh"
                    }
                  ],
                  "kind": "caught"
                }
              ]
            }
          ]
        },
        {
          "over": 6,
          "deliveries": [
            {
              "batter": "D Hemalatha",
              "bowler": "PG Chopra",
              "non_striker": "A Gardner",
              "runs": {
                "batter": 1,
                "extras": 0,
                "total": 1
              }
            },
            {
              "batter": "A Gardner",
              "bowler": "PG Chopra",
              "non_striker": "D Hemalatha",
              "runs": {
                "batter": 1,
                "extras": 0,
                "total": 1
              }
            },
            {
              "batter": "D Hemalatha",
              "bowler": "PG Chopra",
              "non_striker": "A Gardner",
              "runs": {
                "batter": 4,
                "extras": 0,
                "total": 4
              }
            },
            {
              "batter": "D Hemalatha",
              "bowler": "PG Chopra",
              "non_striker": "A Gardner",
              "runs": {
                "batter": 1,
                "extras": 0,
                "total": 1
              }
            },
            {
              "batter": "A Gardner",
              "bowler": "PG Chopra",
              "non_striker": "D Hemalatha",
              "runs": {
                "batter": 0,
                "extras": 0,
                "total": 0
              }
            },
            {
              "batter": "A Gardner",
              "bowler": "PG Chopra",
              "non_striker": "D Hemalatha",
              "runs": {
                "batter": 1,
                "extras": 0,
                "total": 1
              }
            }
          ]
        },
        {
          "over": 7,
          "deliveries": [
            {
              "batter": "A Gardner",
              "bowler": "S Ecclestone",
              "non_striker": "D Hemalatha",
              "runs": {
                "batter": 0,
                "extras": 0,
                "total": 0
              }
            },
            {
              "batter": "A Gardner",
              "bowler": "S Ecclestone",
              "non_striker": "D Hemalatha",
              "runs": {
                "batter": 1,
                "extras": 0,
                "total": 1
              }
            },
            {
              "batter": "D Hemalatha",
              "bowler": "S Ecclestone",
              "non_striker": "A Gardner",
              "runs": {
                "batter": 0,
                "extras": 0,
                "total": 0
              }
            },
            {
              "batter": "D Hemalatha",
              "bowler": "S Ecclestone",
              "non_striker": "A Gardner",
              "runs": {
                "batter": 1,
                "extras": 0,
                "total": 1
              }
            },
            {
              "batter": "A Gardner",
              "bowler": "S Ecclestone",
              "non_striker": "D Hemalatha",
              "runs": {
                "batter": 0,
                "extras": 0,
                "total": 0
              }
            },
            {
              "batter": "A Gardner",
              "bowler": "S Ecclestone",
              "non_striker": "D Hemalatha",
              "runs": {
                "batter": 0,
                "extras": 0,
                "total": 0
              }
            }
          ]
        },
        {
          "over": 8,
          "deliveries": [
            {
              "batter": "D Hemalatha",
              "bowler": "K Anjali Sarvani",
              "non_striker": "A Gardner",
              "runs": {
                "batter": 0,
                "extras": 0,
                "total": 0
              }
            },
            {
              "batter": "D Hemalatha",
              "bowler": "K Anjali Sarvani",
              "non_striker": "A Gardner",
              "runs": {
                "batter": 4,
                "extras": 0,
                "total": 4
              }
            },
            {
              "batter": "D Hemalatha",
              "bowler": "K Anjali Sarvani",
              "non_striker": "A Gardner",
              "runs": {
                "batter": 1,
                "extras": 0,
                "total": 1
              }
            },
            {
              "batter": "A Gardner",
              "bowler": "K Anjali Sarvani",
              "non_striker": "D Hemalatha",
              "runs": {
                "batter": 1,
                "extras": 0,
                "total": 1
              }
            },
            {
              "batter": "D Hemalatha",
              "bowler": "K Anjali Sarvani",
              "non_striker": "A Gardner",
              "runs": {
                "batter": 1,
                "extras": 0,
                "total": 1
              }
            },
            {
              "batter": "A Gardner",
              "bowler": "K Anjali Sarvani",
              "non_striker": "D Hemalatha",
              "runs": {
                "batter": 0,
                "extras": 0,
                "total": 0
              }
            }
          ]
        },
        {
          "over": 9,
          "deliveries": [
            {
              "batter": "D Hemalatha",
              "bowler": "RS Gayakwad",
              "non_striker": "A Gardner",
              "runs": {
                "batter": 1,
                "extras": 0,
                "total": 1
              }
            },
            {
              "batter": "A Gardner",
              "bowler": "RS Gayakwad",
              "non_striker": "D Hemalatha",
              "runs": {
                "batter": 0,
                "extras": 0,
                "total": 0
              }
            },
            {
              "batter": "A Gardner",
              "bowler": "RS Gayakwad",
              "non_striker": "D Hemalatha",
              "runs": {
                "batter": 0,
                "extras": 0,
                "total": 0
              }
            },
            {
              "batter": "A Gardner",
              "bowler": "RS Gayakwad",
              "non_striker": "D Hemalatha",
              "runs": {
                "batter": 1,
                "extras": 0,
                "total": 1
              }
            },
            {
              "batter": "D Hemalatha",
              "bowler": "RS Gayakwad",
              "non_striker": "A Gardner",
              "runs": {
                "batter": 4,
                "extras": 0,
                "total": 4
              }
            },
            {
              "batter": "D Hemalatha",
              "bowler": "RS Gayakwad",
              "non_striker": "A Gardner",
              "runs": {
                "batter": 6,
                "extras": 0,
                "total": 6
              }
            }
          ]
        },
        {
          "over": 10,
          "deliveries": [
            {
              "batter": "A Gardner",
              "bowler": "GM Harris",
              "non_striker": "D Hemalatha",
              "runs": {
                "batter": 4,
                "extras": 0,
                "total": 4
              }
            },
            {
              "batter": "A Gardner",
              "bowler": "GM Harris",
              "non_striker": "D Hemalatha",
              "runs": {
                "batter": 1,
                "extras": 0,
                "total": 1
              }
            },
            {
              "batter": "D Hemalatha",
              "bowler": "GM Harris",
              "non_striker": "A Gardner",
              "runs": {
                "batter": 0,
                "extras": 0,
                "total": 0
              }
            },
            {
              "batter": "D Hemalatha",
              "bowler": "GM Harris",
              "non_striker": "A Gardner",
              "runs": {
                "batter": 4,
                "extras": 0,
                "total": 4
              }
            },
            {
              "batter": "D Hemalatha",
              "bowler": "GM Harris",
              "non_striker": "A Gardner",
              "runs": {
                "batter": 0,
                "extras": 0,
                "total": 0
              }
            },
            {
              "batter": "D Hemalatha",
              "bowler": "GM Harris",
              "non_striker": "A Gardner",
              "runs": {
                "batter": 2,
                "extras": 0,
                "total": 2
              }
            }
          ]
        },
        {
          "over": 11,
          "deliveries": [
            {
              "batter": "A Gardner",
              "bowler": "S Ecclestone",
              "non_striker": "D Hemalatha",
              "runs": {
                "batter": 4,
                "extras": 0,
                "total": 4
              }
            },
            {
              "batter": "A Gardner",
              "bowler": "S Ecclestone",
              "non_striker": "D Hemalatha",
              "runs": {
                "batter": 0,
                "extras": 0,
                "total": 0
              }
            },
            {
              "batter": "A Gardner",
              "bowler": "S Ecclestone",
              "non_striker": "D Hemalatha",
              "runs": {
                "batter": 6,
                "extras": 0,
                "total": 6
              }
            },
            {
              "batter": "A Gardner",
              "bowler": "S Ecclestone",
              "non_striker": "D Hemalatha",
              "runs": {
                "batter": 4,
                "extras": 0,
                "total": 4
              }
            },
            {
              "batter": "A Gardner",
              "bowler": "S Ecclestone",
              "non_striker": "D Hemalatha",
              "runs": {
                "batter": 1,
                "extras": 0,
                "total": 1
              }
            },
            {
              "batter": "D Hemalatha",
              "bowler": "S Ecclestone",
              "non_striker": "A Gardner",
              "runs": {
                "batter": 0,
                "extras": 0,
                "total": 0
              }
            }
          ]
        },
        {
          "over": 12,
          "deliveries": [
            {
              "batter": "A Gardner",
              "bowler": "DB Sharma",
              "non_striker": "D Hemalatha",
              "runs": {
                "batter": 1,
                "extras": 0,
                "total": 1
              }
            },
            {
              "batter": "D Hemalatha",
              "bowler": "DB Sharma",
              "non_striker": "A Gardner",
              "review": {
                "by": "UP Warriorz",
                "umpire": "Sanjay Kumar Singh",
                "batter": "D Hemalatha",
                "decision": "struck down",
                "umpires_call": true
              },
              "runs": {
                "batter": 0,
                "extras": 0,
                "total": 0
              }
            },
            {
              "batter": "D Hemalatha",
              "bowler": "DB Sharma",
              "non_striker": "A Gardner",
              "runs": {
                "batter": 6,
                "extras": 0,
                "total": 6
              }
            },
            {
              "batter": "D Hemalatha",
              "bowler": "DB Sharma",
              "non_striker": "A Gardner",
              "runs": {
                "batter": 1,
                "extras": 0,
                "total": 1
              }
            },
            {
              "batter": "A Gardner",
              "bowler": "DB Sharma",
              "extras": {
                "legbyes": 1
              },
              "non_striker": "D Hemalatha",
              "runs": {
                "batter": 0,
                "extras": 1,
                "total": 1
              }
            },
            {
              "batter": "D Hemalatha",
              "bowler": "DB Sharma",
              "non_striker": "A Gardner",
              "runs": {
                "batter": 0,
                "extras": 0,
                "total": 0
              }
            }
          ]
        },
        {
          "over": 13,
          "deliveries": [
            {
              "batter": "A Gardner",
              "bowler": "RS Gayakwad",
              "non_striker": "D Hemalatha",
              "runs": {
                "batter": 0,
                "extras": 0,
                "total": 0
              }
            },
            {
              "batter": "A Gardner",
              "bowler": "RS Gayakwad",
              "non_striker": "D Hemalatha",
              "runs": {
                "batter": 1,
                "extras": 0,
                "total": 1
              }
            },
            {
              "batter": "D Hemalatha",
              "bowler": "RS Gayakwad",
              "non_striker": "A Gardner",
              "review": {
                "by": "Gujarat Giants",
                "umpire": "Saurabh Dhote",
                "batter": "D Hemalatha",
                "decision": "upheld"
              },
              "runs": {
                "batter": 0,
                "extras": 0,
                "total": 0
              }
            },
            {
              "batter": "D Hemalatha",
              "bowler": "RS Gayakwad",
              "non_striker": "A Gardner",
              "runs": {
                "batter": 1,
                "extras": 0,
                "total": 1
              }
            },
            {
              "batter": "A Gardner",
              "bowler": "RS Gayakwad",
              "non_striker": "D Hemalatha",
              "runs": {
                "batter": 4,
                "extras": 0,
                "total": 4
              }
            },
            {
              "batter": "A Gardner",
              "bowler": "RS Gayakwad",
              "non_striker": "D Hemalatha",
              "runs": {
                "batter": 1,
                "extras": 0,
                "total": 1
              }
            }
          ]
        },
        {
          "over": 14,
          "deliveries": [
            {
              "batter": "A Gardner",
              "bowler": "PG Chopra",
              "non_striker": "D Hemalatha",
              "runs": {
                "batter": 4,
                "extras": 0,
                "total": 4
              }
            },
            {
              "batter": "A Gardner",
              "bowler": "PG Chopra",
              "non_striker": "D Hemalatha",
              "runs": {
                "batter": 1,
                "extras": 0,
                "total": 1
              }
            },
            {
              "batter": "D Hemalatha",
              "bowler": "PG Chopra",
              "non_striker": "A Gardner",
              "runs": {
                "batter": 1,
                "extras": 0,
                "total": 1
              }
            },
            {
              "batter": "A Gardner",
              "bowler": "PG Chopra",
              "non_striker": "D Hemalatha",
              "runs": {
                "batter": 0,
                "extras": 0,
                "total": 0
              }
            },
            {
              "batter": "A Gardner",
              "bowler": "PG Chopra",
              "non_striker": "D Hemalatha",
              "runs": {
                "batter": 1,
                "extras": 0,
                "total": 1
              }
            },
            {
              "batter": "D Hemalatha",
              "bowler": "PG Chopra",
              "non_striker": "A Gardner",
              "runs": {
                "batter": 1,
                "extras": 0,
                "total": 1
              }
            }
          ]
        },
        {
          "over": 15,
          "deliveries": [
            {
              "batter": "D Hemalatha",
              "bowler": "DB Sharma",
              "non_striker": "A Gardner",
              "runs": {
                "batter": 1,
                "extras": 0,
                "total": 1
              }
            },
            {
              "batter": "A Gardner",
              "bowler": "DB Sharma",
              "non_striker": "D Hemalatha",
              "runs": {
                "batter": 0,
                "extras": 0,
                "total": 0
              }
            },
            {
              "batter": "A Gardner",
              "bowler": "DB Sharma",
              "non_striker": "D Hemalatha",
              "runs": {
                "batter": 1,
                "extras": 0,
                "total": 1
              }
            },
            {
              "batter": "D Hemalatha",
              "bowler": "DB Sharma",
              "non_striker": "A Gardner",
              "runs": {
                "batter": 6,
                "extras": 0,
                "total": 6
              }
            },
            {
              "batter": "D Hemalatha",
              "bowler": "DB Sharma",
              "non_striker": "A Gardner",
              "runs": {
                "batter": 4,
                "extras": 0,
                "total": 4
              }
            },
            {
              "batter": "D Hemalatha",
              "bowler": "DB Sharma",
              "extras": {
                "wides": 1
              },
              "non_striker": "A Gardner",
              "runs": {
                "batter": 0,
                "extras": 1,
                "total": 1
              }
            },
            {
              "batter": "D Hemalatha",
              "bowler": "DB Sharma",
              "non_striker": "A Gardner",
              "runs": {
                "batter": 1,
                "extras": 0,
                "total": 1
              }
            }
          ]
        },
        {
          "over": 16,
          "deliveries": [
            {
              "batter": "D Hemalatha",
              "bowler": "PG Chopra",
              "non_striker": "A Gardner",
              "runs": {
                "batter": 0,
                "extras": 0,
                "total": 0
              },
              "wickets": [
                {
                  "player_out": "D Hemalatha",
                  "fielders": [
                    {
                      "name": "TM McGrath"
                    }
                  ],
                  "kind": "caught"
                }
              ]
            },
            {
              "batter": "S Verma",
              "bowler": "PG Chopra",
              "non_striker": "A Gardner",
              "runs": {
                "batter": 0,
                "extras": 0,
                "total": 0
              }
            },
            {
              "batter": "S Verma",
              "bowler": "PG Chopra",
              "non_striker": "A Gardner",
              "runs": {
                "batter": 1,
                "extras": 0,
                "total": 1
              }
            },
            {
              "batter": "A Gardner",
              "bowler": "PG Chopra",
              "non_striker": "S Verma",
              "runs": {
                "batter": 6,
                "extras": 0,
                "total": 6
              }
            },
            {
              "batter": "A Gardner",
              "bowler": "PG Chopra",
              "non_striker": "S Verma",
              "runs": {
                "batter": 1,
                "extras": 0,
                "total": 1
              }
            },
            {
              "batter": "S Verma",
              "bowler": "PG Chopra",
              "non_striker": "A Gardner",
              "runs": {
                "batter": 0,
                "extras": 0,
                "total": 0
              }
            }
          ]
        },
        {
          "over": 17,
          "deliveries": [
            {
              "batter": "A Gardner",
              "bowler": "DB Sharma",
              "non_striker": "S Verma",
              "runs": {
                "batter": 1,
                "extras": 0,
                "total": 1
              }
            },
            {
              "batter": "S Verma",
              "bowler": "DB Sharma",
              "non_striker": "A Gardner",
              "runs": {
                "batter": 1,
                "extras": 0,
                "total": 1
              }
            },
            {
              "batter": "A Gardner",
              "bowler": "DB Sharma",
              "non_striker": "S Verma",
              "runs": {
                "batter": 4,
                "extras": 0,
                "total": 4
              }
            },
            {
              "batter": "A Gardner",
              "bowler": "DB Sharma",
              "non_striker": "S Verma",
              "runs": {
                "batter": 6,
                "extras": 0,
                "total": 6
              }
            },
            {
              "batter": "A Gardner",
              "bowler": "DB Sharma",
              "non_striker": "S Verma",
              "runs": {
                "batter": 2,
                "extras": 0,
                "total": 2
              }
            },
            {
              "batter": "A Gardner",
              "bowler": "DB Sharma",
              "non_striker": "S Verma",
              "runs": {
                "batter": 1,
                "extras": 0,
                "total": 1
              }
            }
          ]
        },
        {
          "over": 18,
          "deliveries": [
            {
              "batter": "A Gardner",
              "bowler": "PG Chopra",
              "non_striker": "S Verma",
              "runs": {
                "batter": 0,
                "extras": 0,
                "total": 0
              },
              "wickets": [
                {
                  "player_out": "A Gardner",
                  "fielders": [
                    {
                      "name": "AJ Healy"
                    }
                  ],
                  "kind": "stumped"
                }
              ]
            },
            {
              "batter": "Ashwani Kumari",
              "bowler": "PG Chopra",
              "non_striker": "S Verma",
              "runs": {
                "batter": 2,
                "extras": 0,
                "total": 2
              }
            },
            {
              "batter": "Ashwani Kumari",
              "bowler": "PG Chopra",
              "non_striker": "S Verma",
              "runs": {
                "batter": 1,
                "extras": 0,
                "total": 1
              }
            },
            {
              "batter": "S Verma",
              "bowler": "PG Chopra",
              "non_striker": "Ashwani Kumari",
              "runs": {
                "batter": 0,
                "extras": 0,
                "total": 0
              }
            },
            {
              "batter": "S Verma",
              "bowler": "PG Chopra",
              "non_striker": "Ashwani Kumari",
              "runs": {
                "batter": 1,
                "extras": 0,
                "total": 1
              }
            },
            {
              "batter": "Ashwani Kumari",
              "bowler": "PG Chopra",
              "non_striker": "S Verma",
              "runs": {
                "batter": 1,
                "extras": 0,
                "total": 1
              }
            }
          ]
        },
        {
          "over": 19,
          "deliveries": [
            {
              "batter": "Ashwani Kumari",
              "bowler": "S Ecclestone",
              "non_striker": "S Verma",
              "runs": {
                "batter": 1,
                "extras": 0,
                "total": 1
              }
            },
            {
              "batter": "S Verma",
              "bowler": "S Ecclestone",
              "non_striker": "Ashwani Kumari",
              "runs": {
                "batter": 4,
                "extras": 0,
                "total": 4
              }
            },
            {
              "batter": "S Verma",
              "bowler": "S Ecclestone",
              "non_striker": "Ashwani Kumari",
              "runs": {
                "batter": 1,
                "extras": 0,
                "total": 1
              }
            },
            {
              "batter": "Ashwani Kumari",
              "bowler": "S Ecclestone",
              "non_striker": "S Verma",
              "runs": {
                "batter": 0,
                "extras": 0,
                "total": 0
              },
              "wickets": [
                {
                  "player_out": "Ashwani Kumari",
                  "kind": "lbw"
                }
              ]
            },
            {
              "batter": "KJ Garth",
              "bowler": "S Ecclestone",
              "non_striker": "S Verma",
              "runs": {
                "batter": 1,
                "extras": 0,
                "total": 1
              }
            },
            {
              "batter": "S Verma",
              "bowler": "S Ecclestone",
              "non_striker": "KJ Garth",
              "runs": {
                "batter": 0,
                "extras": 0,
                "total": 0
              }
            }
          ]
        }
      ],
      "powerplays": [
        {
          "from": 0.1,
          "to": 5.6,
          "type": "mandatory"
        }
      ]
    },
    {
      "team": "UP Warriorz",
      "overs": [
        {
          "over": 0,
          "deliveries": [
            {
              "batter": "DP Vaidya",
              "bowler": "KJ Garth",
              "non_striker": "AJ Healy",
              "runs": {
                "batter": 0,
                "extras": 0,
                "total": 0
              }
            },
            {
              "batter": "DP Vaidya",
              "bowler": "KJ Garth",
              "non_striker": "AJ Healy",
              "runs": {
                "batter": 1,
                "extras": 0,
                "total": 1
              }
            },
            {
              "batter": "AJ Healy",
              "bowler": "KJ Garth",
              "non_striker": "DP Vaidya",
              "runs": {
                "batter": 0,
                "extras": 0,
                "total": 0
              }
            },
            {
              "batter": "AJ Healy",
              "bowler": "KJ Garth",
              "non_striker": "DP Vaidya",
              "runs": {
                "batter": 0,
                "extras": 0,
                "total": 0
              }
            },
            {
              "batter": "AJ Healy",
              "bowler": "KJ Garth",
              "non_striker": "DP Vaidya",
              "runs": {
                "batter": 0,
                "extras": 0,
                "total": 0
              }
            },
            {
              "batter": "AJ Healy",
              "bowler": "KJ Garth",
              "non_striker": "DP Vaidya",
              "runs": {
                "batter": 4,
                "extras": 0,
                "total": 4
              }
            }
          ]
        },
        {
          "over": 1,
          "deliveries": [
            {
              "batter": "DP Vaidya",
              "bowler": "MC Patel",
              "non_striker": "AJ Healy",
              "runs": {
                "batter": 1,
                "extras": 0,
                "total": 1
              }
            },
            {
              "batter": "AJ Healy",
              "bowler": "MC Patel",
              "non_striker": "DP Vaidya",
              "runs": {
                "batter": 4,
                "extras": 0,
                "total": 4
              }
            },
            {
              "batter": "AJ Healy",
              "bowler": "MC Patel",
              "non_striker": "DP Vaidya",
              "runs": {
                "batter": 4,
                "extras": 0,
                "total": 4
              }
            },
            {
              "batter": "AJ Healy",
              "bowler": "MC Patel",
              "non_striker": "DP Vaidya",
              "runs": {
                "batter": 0,
                "extras": 0,
                "total": 0
              }
            },
            {
              "batter": "AJ Healy",
              "bowler": "MC Patel",
              "non_striker": "DP Vaidya",
              "runs": {
                "batter": 0,
                "extras": 0,
                "total": 0
              },
              "wickets": [
                {
                  "player_out": "AJ Healy",
                  "fielders": [
                    {
                      "name": "H Deol"
                    }
                  ],
                  "kind": "caught"
                }
              ]
            },
            {
              "batter": "KP Navgire",
              "bowler": "MC Patel",
              "non_striker": "DP Vaidya",
              "runs": {
                "batter": 0,
                "extras": 0,
                "total": 0
              }
            }
          ]
        },
        {
          "over": 2,
          "deliveries": [
            {
              "batter": "DP Vaidya",
              "bowler": "KJ Garth",
              "non_striker": "KP Navgire",
              "runs": {
                "batter": 1,
                "extras": 0,
                "total": 1
              }
            },
            {
              "batter": "KP Navgire",
              "bowler": "KJ Garth",
              "non_striker": "DP Vaidya",
              "runs": {
                "batter": 0,
                "extras": 0,
                "total": 0
              }
            },
            {
              "batter": "KP Navgire",
              "bowler": "KJ Garth",
              "non_striker": "DP Vaidya",
              "runs": {
                "batter": 4,
                "extras": 0,
                "total": 4
              }
            },
            {
              "batter": "KP Navgire",
              "bowler": "KJ Garth",
              "non_striker": "DP Vaidya",
              "runs": {
                "batter": 0,
                "extras": 0,
                "total": 0
              },
              "wickets": [
                {
                  "player_out": "KP Navgire",
                  "fielders": [
                    {
                      "name": "L Wolvaardt"
                    }
                  ],
                  "kind": "caught"
                }
              ]
            },
            {
              "batter": "TM McGrath",
              "bowler": "KJ Garth",
              "non_striker": "DP Vaidya",
              "runs": {
                "batter": 0,
                "extras": 0,
                "total": 0
              }
            },
            {
              "batter": "TM McGrath",
              "bowler": "KJ Garth",
              "non_striker": "DP Vaidya",
              "runs": {
                "batter": 0,
                "extras": 0,
                "total": 0
              }
            }
          ]
        },
        {
          "over": 3,
          "deliveries": [
            {
              "batter": "DP Vaidya",
              "bowler": "A Gardner",
              "non_striker": "TM McGrath",
              "runs": {
                "batter": 0,
                "extras": 0,
                "total": 0
              }
            },
            {
              "batter": "DP Vaidya",
              "bowler": "A Gardner",
              "non_striker": "TM McGrath",
              "runs": {
                "batter": 4,
                "extras": 0,
                "total": 4
              }
            },
            {
              "batter": "DP Vaidya",
              "bowler": "A Gardner",
              "extras": {
                "wides": 2
              },
              "non_striker": "TM McGrath",
              "runs": {
                "batter": 0,
                "extras": 2,
                "total": 2
              }
            },
            {
              "batter": "TM McGrath",
              "bowler": "A Gardner",
              "non_striker": "DP Vaidya",
              "runs": {
                "batter": 4,
                "extras": 0,
                "total": 4
              }
            },
            {
              "batter": "TM McGrath",
              "bowler": "A Gardner",
              "non_striker": "DP Vaidya",
              "runs": {
                "batter": 0,
                "extras": 0,
                "total": 0
              }
            },
            {
              "batter": "TM McGrath",
              "bowler": "A Gardner",
              "non_striker": "DP Vaidya",
              "runs": {
                "batter": 1,
                "extras": 0,
                "total": 1
              }
            },
            {
              "batter": "DP Vaidya",
              "bowler": "A Gardner",
              "non_striker": "TM McGrath",
              "runs": {
                "batter": 0,
                "extras": 0,
                "total": 0
              }
            }
          ]
        },
        {
          "over": 4,
          "deliveries": [
            {
              "batter": "TM McGrath",
              "bowler": "TP Kanwar",
              "non_striker": "DP Vaidya",
              "runs": {
                "batter": 0,
                "extras": 0,
                "total": 0
              }
            },
            {
              "batter": "TM McGrath",
              "bowler": "TP Kanwar",
              "non_striker": "DP Vaidya",
              "runs": {
                "batter": 4,
                "extras": 0,
                "total": 4
              }
            },
            {
              "batter": "TM McGrath",
              "bowler": "TP Kanwar",
              "non_striker": "DP Vaidya",
              "runs": {
                "batter": 4,
                "extras": 0,
                "total": 4
              }
            },
            {
              "batter": "TM McGrath",
              "bowler": "TP Kanwar",
              "non_striker": "DP Vaidya",
              "runs": {
                "batter": 1,
                "extras": 0,
                "total": 1
              }
            },
            {
              "batter": "DP Vaidya",
              "bowler": "TP Kanwar",
              "non_striker": "TM McGrath",
              "runs": {
                "batter": 0,
                "extras": 0,
                "total": 0
              },
              "wickets": [
                {
                  "player_out": "DP Vaidya",
                  "fielders": [
                    {
                      "name": "S Verma"
                    }
                  ],
                  "kind": "caught"
                }
              ]
            },
            {
              "batter": "GM Harris",
              "bowler": "TP Kanwar",
              "non_striker": "TM McGrath",
              "runs": {
                "batter": 0,
                "extras": 0,
                "total": 0
              }
            }
          ]
        },
        {
          "over": 5,
          "deliveries": [
            {
              "batter": "TM McGrath",
              "bowler": "S Rana",
              "non_striker": "GM Harris",
              "runs": {
                "batter": 4,
                "extras": 0,
                "total": 4
              }
            },
            {
              "batter": "TM McGrath",
              "bowler": "S Rana",
              "non_striker": "GM Harris",
              "runs": {
                "batter": 0,
                "extras": 0,
                "total": 0
              }
            },
            {
              "batter": "TM McGrath",
              "bowler": "S Rana",
              "non_striker": "GM Harris",
              "runs": {
                "batter": 0,
                "extras": 0,
                "total": 0
              }
            },
            {
              "batter": "TM McGrath",
              "bowler": "S Rana",
              "non_striker": "GM Harris",
              "runs": {
                "batter": 4,
                "extras": 0,
                "total": 4
              }
            },
            {
              "batter": "TM McGrath",
              "bowler": "S Rana",
              "non_striker": "GM Harris",
              "runs": {
                "batter": 4,
                "extras": 0,
                "total": 4
              }
            },
            {
              "batter": "TM McGrath",
              "bowler": "S Rana",
              "non_striker": "GM Harris",
              "runs": {
                "batter": 1,
                "extras": 0,
                "total": 1
              }
            }
          ]
        },
        {
          "over": 6,
          "deliveries": [
            {
              "batter": "TM McGrath",
              "bowler": "TP Kanwar",
              "non_striker": "GM Harris",
              "runs": {
                "batter": 0,
                "extras": 0,
                "total": 0
              }
            },
            {
              "batter": "TM McGrath",
              "bowler": "TP Kanwar",
              "non_striker": "GM Harris",
              "runs": {
                "batter": 1,
                "extras": 0,
                "total": 1
              }
            },
            {
              "batter": "GM Harris",
              "bowler": "TP Kanwar",
              "non_striker": "TM McGrath",
              "runs": {
                "batter": 0,
                "extras": 0,
                "total": 0
              }
            },
            {
              "batter": "GM Harris",
              "bowler": "TP Kanwar",
              "non_striker": "TM McGrath",
              "runs": {
                "batter": 1,
                "extras": 0,
                "total": 1
              }
            },
            {
              "batter": "TM McGrath",
              "bowler": "TP Kanwar",
              "non_striker": "GM Harris",
              "runs": {
                "batter": 0,
                "extras": 0,
                "total": 0
              }
            },
            {
              "batter": "TM McGrath",
              "bowler": "TP Kanwar",
              "non_striker": "GM Harris",
              "runs": {
                "batter": 0,
                "extras": 0,
                "total": 0
              }
            }
          ]
        },
        {
          "over": 7,
          "deliveries": [
            {
              "batter": "GM Harris",
              "bowler": "MC Patel",
              "non_striker": "TM McGrath",
              "runs": {
                "batter": 1,
                "extras": 0,
                "total": 1
              }
            },
            {
              "batter": "TM McGrath",
              "bowler": "MC Patel",
              "non_striker": "GM Harris",
              "runs": {
                "batter": 1,
                "extras": 0,
                "total": 1
              }
            },
            {
              "batter": "GM Harris",
              "bowler": "MC Patel",
              "non_striker": "TM McGrath",
              "runs": {
                "batter": 0,
                "extras": 0,
                "total": 0
              }
            },
            {
              "batter": "GM Harris",
              "bowler": "MC Patel",
              "non_striker": "TM McGrath",
              "runs": {
                "batter": 4,
                "extras": 0,
                "total": 4
              }
            },
            {
              "batter": "GM Harris",
              "bowler": "MC Patel",
              "non_striker": "TM McGrath",
              "runs": {
                "batter": 4,
                "extras": 0,
                "total": 4
              }
            },
            {
              "batter": "GM Harris",
              "bowler": "MC Patel",
              "non_striker": "TM McGrath",
              "runs": {
                "batter": 0,
                "extras": 0,
                "total": 0
              }
            }
          ]
        },
        {
          "over": 8,
          "deliveries": [
            {
              "batter": "TM McGrath",
              "bowler": "S Rana",
              "non_striker": "GM Harris",
              "runs": {
                "batter": 4,
                "extras": 0,
                "total": 4
              }
            },
            {
              "batter": "TM McGrath",
              "bowler": "S Rana",
              "non_striker": "GM Harris",
              "runs": {
                "batter": 1,
                "extras": 0,
                "total": 1
              }
            },
            {
              "batter": "GM Harris",
              "bowler": "S Rana",
              "non_striker": "TM McGrath",
              "runs": {
                "batter": 1,
                "extras": 0,
                "total": 1
              }
            },
            {
              "batter": "TM McGrath",
              "bowler": "S Rana",
              "non_striker": "GM Harris",
              "runs": {
                "batter": 4,
                "extras": 0,
                "total": 4
              }
            },
            {
              "batter": "TM McGrath",
              "bowler": "S Rana",
              "non_striker": "GM Harris",
              "runs": {
                "batter": 1,
                "extras": 0,
                "total": 1
              }
            },
            {
              "batter": "GM Harris",
              "bowler": "S Rana",
              "non_striker": "TM McGrath",
              "runs": {
                "batter": 2,
                "extras": 0,
                "total": 2
              }
            }
          ]
        },
        {
          "over": 9,
          "deliveries": [
            {
              "batter": "TM McGrath",
              "bowler": "A Gardner",
              "non_striker": "GM Harris",
              "runs": {
                "batter": 1,
                "extras": 0,
                "total": 1
              }
            },
            {
              "batter": "GM Harris",
              "bowler": "A Gardner",
              "non_striker": "TM McGrath",
              "runs": {
                "batter": 1,
                "extras": 0,
                "total": 1
              }
            },
            {
              "batter": "TM McGrath",
              "bowler": "A Gardner",
              "non_striker": "GM Harris",
              "runs": {
                "batter": 0,
                "extras": 0,
                "total": 0
              }
            },
            {
              "batter": "TM McGrath",
              "bowler": "A Gardner",
              "non_striker": "GM Harris",
              "runs": {
                "batter": 0,
                "extras": 0,
                "total": 0
              }
            },
            {
              "batter": "TM McGrath",
              "bowler": "A Gardner",
              "non_striker": "GM Harris",
              "runs": {
                "batter": 1,
                "extras": 0,
                "total": 1
              }
            },
            {
              "batter": "GM Harris",
              "bowler": "A Gardner",
              "non_striker": "TM McGrath",
              "runs": {
                "batter": 2,
                "extras": 0,
                "total": 2
              }
            }
          ]
        },
        {
          "over": 10,
          "deliveries": [
            {
              "batter": "TM McGrath",
              "bowler": "KJ Garth",
              "non_striker": "GM Harris",
              "runs": {
                "batter": 4,
                "extras": 0,
                "total": 4
              }
            },
            {
              "batter": "TM McGrath",
              "bowler": "KJ Garth",
              "non_striker": "GM Harris",
              "runs": {
                "batter": 1,
                "extras": 0,
                "total": 1
              }
            },
            {
              "batter": "GM Harris",
              "bowler": "KJ Garth",
              "non_striker": "TM McGrath",
              "runs": {
                "batter": 0,
                "extras": 0,
                "total": 0
              }
            },
            {
              "batter": "GM Harris",
              "bowler": "KJ Garth",
              "non_striker": "TM McGrath",
              "runs": {
                "batter": 1,
                "extras": 0,
                "total": 1
              }
            },
            {
              "batter": "TM McGrath",
              "bowler": "KJ Garth",
              "non_striker": "GM Harris",
              "runs": {
                "batter": 1,
                "extras": 0,
                "total": 1
              }
            },
            {
              "batter": "GM Harris",
              "bowler": "KJ Garth",
              "non_striker": "TM McGrath",
              "runs": {
                "batter": 0,
                "extras": 0,
                "total": 0
              }
            }
          ]
        },
        {
          "over": 11,
          "deliveries": [
            {
              "batter": "TM McGrath",
              "bowler": "H Deol",
              "non_striker": "GM Harris",
              "runs": {
                "batter": 1,
                "extras": 0,
                "total": 1
              }
            },
            {
              "batter": "GM Harris",
              "bowler": "H Deol",
              "non_striker": "TM McGrath",
              "runs": {
                "batter": 6,
                "extras": 0,
                "total": 6
              }
            },
            {
              "batter": "GM Harris",
              "bowler": "H Deol",
              "non_striker": "TM McGrath",
              "runs": {
                "batter": 4,
                "extras": 0,
                "total": 4
              }
            },
            {
              "batter": "GM Harris",
              "bowler": "H Deol",
              "non_striker": "TM McGrath",
              "runs": {
                "batter": 0,
                "extras": 0,
                "total": 0
              }
            },
            {
              "batter": "GM Harris",
              "bowler": "H Deol",
              "non_striker": "TM McGrath",
              "runs": {
                "batter": 6,
                "extras": 0,
                "total": 6
              }
            },
            {
              "batter": "GM Harris",
              "bowler": "H Deol",
              "non_striker": "TM McGrath",
              "runs": {
                "batter": 0,
                "extras": 0,
                "total": 0
              }
            }
          ]
        },
        {
          "over": 12,
          "deliveries": [
            {
              "batter": "TM McGrath",
              "bowler": "TP Kanwar",
              "non_striker": "GM Harris",
              "runs": {
                "batter": 1,
                "extras": 0,
                "total": 1
              }
            },
            {
              "batter": "GM Harris",
              "bowler": "TP Kanwar",
              "non_striker": "TM McGrath",
              "runs": {
                "batter": 1,
                "extras": 0,
                "total": 1
              }
            },
            {
              "batter": "TM McGrath",
              "bowler": "TP Kanwar",
              "non_striker": "GM Harris",
              "runs": {
                "batter": 4,
                "extras": 0,
                "total": 4
              }
            },
            {
              "batter": "TM McGrath",
              "bowler": "TP Kanwar",
              "non_striker": "GM Harris",
              "runs": {
                "batter": 0,
                "extras": 0,
                "total": 0
              }
            },
            {
              "batter": "TM McGrath",
              "bowler": "TP Kanwar",
              "non_striker": "GM Harris",
              "runs": {
                "batter": 0,
                "extras": 0,
                "total": 0
              }
            },
            {
              "batter": "TM McGrath",
              "bowler": "TP Kanwar",
              "non_striker": "GM Harris",
              "runs": {
                "batter": 4,
                "extras": 0,
                "total": 4
              }
            }
          ]
        },
        {
          "over": 13,
          "deliveries": [
            {
              "batter": "GM Harris",
              "bowler": "A Gardner",
              "non_striker": "TM McGrath",
              "runs": {
                "batter": 0,
                "extras": 0,
                "total": 0
              }
            },
            {
              "batter": "GM Harris",
              "bowler": "A Gardner",
              "non_striker": "TM McGrath",
              "runs": {
                "batter": 0,
                "extras": 0,
                "total": 0
              }
            },
            {
              "batter": "GM Harris",
              "bowler": "A Gardner",
              "non_striker": "TM McGrath",
              "runs": {
                "batter": 1,
                "extras": 0,
                "total": 1
              }
            },
            {
              "batter": "TM McGrath",
              "bowler": "A Gardner",
              "non_striker": "GM Harris",
              "runs": {
                "batter": 0,
                "extras": 0,
                "total": 0
              },
              "wickets": [
                {
                  "player_out": "TM McGrath",
                  "fielders": [
                    {
                      "name": "S Rana"
                    }
                  ],
                  "kind": "caught"
                }
              ]
            },
            {
              "batter": "DB Sharma",
              "bowler": "A Gardner",
              "non_striker": "GM Harris",
              "runs": {
                "batter": 0,
                "extras": 0,
                "total": 0
              }
            },
            {
              "batter": "DB Sharma",
              "bowler": "A Gardner",
              "non_striker": "GM Harris",
              "runs": {
                "batter": 1,
                "extras": 0,
                "total": 1
              }
            }
          ]
        },
        {
          "over": 14,
          "deliveries": [
            {
              "batter": "DB Sharma",
              "bowler": "S Rana",
              "non_striker": "GM Harris",
              "runs": {
                "batter": 1,
                "extras": 0,
                "total": 1
              }
            },
            {
              "batter": "GM Harris",
              "bowler": "S Rana",
              "non_striker": "DB Sharma",
              "runs": {
                "batter": 4,
                "extras": 0,
                "total": 4
              }
            },
            {
              "batter": "GM Harris",
              "bowler": "S Rana",
              "non_striker": "DB Sharma",
              "runs": {
                "batter": 2,
                "extras": 0,
                "total": 2
              }
            },
            {
              "batter": "GM Harris",
              "bowler": "S Rana",
              "non_striker": "DB Sharma",
              "runs": {
                "batter": 1,
                "extras": 0,
                "total": 1
              }
            },
            {
              "batter": "DB Sharma",
              "bowler": "S Rana",
              "non_striker": "GM Harris",
              "runs": {
                "batter": 4,
                "extras": 0,
                "total": 4
              }
            },
            {
              "batter": "DB Sharma",
              "bowler": "S Rana",
              "non_striker": "GM Harris",
              "runs": {
                "batter": 0,
                "extras": 0,
                "total": 0
              },
              "wickets": [
                {
                  "player_out": "DB Sharma",
                  "fielders": [
                    {
                      "name": "A Gardner"
                    }
                  ],
                  "kind": "caught"
                }
              ]
            }
          ]
        },
        {
          "over": 15,
          "deliveries": [
            {
              "batter": "GM Harris",
              "bowler": "MC Patel",
              "non_striker": "S Ecclestone",
              "runs": {
                "batter": 4,
                "extras": 0,
                "total": 4
              }
            },
            {
              "batter": "GM Harris",
              "bowler": "MC Patel",
              "non_striker": "S Ecclestone",
              "runs": {
                "batter": 1,
                "extras": 0,
                "total": 1
              }
            },
            {
              "batter": "S Ecclestone",
              "bowler": "MC Patel",
              "non_striker": "GM Harris",
              "runs": {
                "batter": 1,
                "extras": 0,
                "total": 1
              }
            },
            {
              "batter": "GM Harris",
              "bowler": "MC Patel",
              "non_striker": "S Ecclestone",
              "runs": {
                "batter": 0,
                "extras": 0,
                "total": 0
              }
            },
            {
              "batter": "GM Harris",
              "bowler": "MC Patel",
              "non_striker": "S Ecclestone",
              "runs": {
                "batter": 1,
                "extras": 0,
                "total": 1
              }
            },
            {
              "batter": "S Ecclestone",
              "bowler": "MC Patel",
              "non_striker": "GM Harris",
              "runs": {
                "batter": 1,
                "extras": 0,
                "total": 1
              }
            }
          ]
        },
        {
          "over": 16,
          "deliveries": [
            {
              "batter": "S Ecclestone",
              "bowler": "TP Kanwar",
              "non_striker": "GM Harris",
              "runs": {
                "batter": 1,
                "extras": 0,
                "total": 1
              }
            },
            {
              "batter": "GM Harris",
              "bowler": "TP Kanwar",
              "non_striker": "S Ecclestone",
              "runs": {
                "batter": 4,
                "extras": 0,
                "total": 4
              }
            },
            {
              "batter": "GM Harris",
              "bowler": "TP Kanwar",
              "non_striker": "S Ecclestone",
              "runs": {
                "batter": 4,
                "extras": 0,
                "total": 4
              }
            },
            {
              "batter": "GM Harris",
              "bowler": "TP Kanwar",
              "non_striker": "S Ecclestone",
              "runs": {
                "batter": 1,
                "extras": 0,
                "total": 1
              }
            },
            {
              "batter": "S Ecclestone",
              "bowler": "TP Kanwar",
              "non_striker": "GM Harris",
              "runs": {
                "batter": 1,
                "extras": 0,
                "total": 1
              }
            },
            {
              "batter": "GM Harris",
              "bowler": "TP Kanwar",
              "non_striker": "S Ecclestone",
              "runs": {
                "batter": 0,
                "extras": 0,
                "total": 0
              }
            }
          ]
        },
        {
          "over": 17,
          "deliveries": [
            {
              "batter": "S Ecclestone",
              "bowler": "A Gardner",
              "non_striker": "GM Harris",
              "runs": {
                "batter": 1,
                "extras": 0,
                "total": 1
              }
            },
            {
              "batter": "GM Harris",
              "bowler": "A Gardner",
              "non_striker": "S Ecclestone",
              "runs": {
                "batter": 1,
                "extras": 0,
                "total": 1
              }
            },
            {
              "batter": "S Ecclestone",
              "bowler": "A Gardner",
              "extras": {
                "wides": 1
              },
              "non_striker": "GM Harris",
              "runs": {
                "batter": 0,
                "extras": 1,
                "total": 1
              }
            },
            {
              "batter": "S Ecclestone",
              "bowler": "A Gardner",
              "non_striker": "GM Harris",
              "runs": {
                "batter": 1,
                "extras": 0,
                "total": 1
              }
            },
            {
              "batter": "GM Harris",
              "bowler": "A Gardner",
              "non_striker": "S Ecclestone",
              "runs": {
                "batter": 6,
                "extras": 0,
                "total": 6
              }
            },
            {
              "batter": "GM Harris",
              "bowler": "A Gardner",
              "non_striker": "S Ecclestone",
              "runs": {
                "batter": 1,
                "extras": 0,
                "total": 1
              }
            },
            {
              "batter": "S Ecclestone",
              "bowler": "A Gardner",
              "non_striker": "GM Harris",
              "runs": {
                "batter": 0,
                "extras": 0,
                "total": 0
              }
            }
          ]
        },
        {
          "over": 18,
          "deliveries": [
            {
              "batter": "GM Harris",
              "bowler": "KJ Garth",
              "non_striker": "S Ecclestone",
              "runs": {
                "batter": 1,
                "extras": 0,
                "total": 1
              }
            },
            {
              "batter": "S Ecclestone",
              "bowler": "KJ Garth",
              "non_striker": "GM Harris",
              "runs": {
                "batter": 4,
                "extras": 0,
                "total": 4
              }
            },
            {
              "batter": "S Ecclestone",
              "bowler": "KJ Garth",
              "non_striker": "GM Harris",
              "runs": {
                "batter": 1,
                "extras": 0,
                "total": 1
              }
            },
            {
              "batter": "GM Harris",
              "bowler": "KJ Garth",
              "non_striker": "S Ecclestone",
              "runs": {
                "batter": 6,
                "extras": 0,
                "total": 6
              }
            },
            {
              "batter": "GM Harris",
              "bowler": "KJ Garth",
              "non_striker": "S Ecclestone",
              "runs": {
                "batter": 0,
                "extras": 0,
                "total": 0
              },
              "wickets": [
                {
                  "player_out": "GM Harris",
                  "fielders": [
                    {
                      "name": "H Deol"
                    }
                  ],
                  "kind": "caught"
                }
              ]
            },
            {
              "batter": "Simran Shaikh",
              "bowler": "KJ Garth",
              "non_striker": "S Ecclestone",
              "runs": {
                "batter": 0,
                "extras": 0,
                "total": 0
              }
            }
          ]
        },
        {
          "over": 19,
          "deliveries": [
            {
              "batter": "S Ecclestone",
              "bowler": "S Rana",
              "non_striker": "Simran Shaikh",
              "runs": {
                "batter": 2,
                "extras": 0,
                "total": 2
              }
            },
            {
              "batter": "S Ecclestone",
              "bowler": "S Rana",
              "non_striker": "Simran Shaikh",
              "runs": {
                "batter": 1,
                "extras": 0,
                "total": 1
              }
            },
            {
              "batter": "Simran Shaikh",
              "bowler": "S Rana",
              "non_striker": "S Ecclestone",
              "runs": {
                "batter": 1,
                "extras": 0,
                "total": 1
              }
            },
            {
              "batter": "S Ecclestone",
              "bowler": "S Rana",
              "non_striker": "Simran Shaikh",
              "runs": {
                "batter": 1,
                "extras": 0,
                "total": 1
              },
              "wickets": [
                {
                  "player_out": "Simran Shaikh",
                  "fielders": [
                    {
                      "name": "A Gardner"
                    },
                    {
                      "name": "S Rana"
                    }
                  ],
                  "kind": "run out"
                }
              ]
            },
            {
              "batter": "S Ecclestone",
              "bowler": "S Rana",
              "non_striker": "K Anjali Sarvani",
              "runs": {
                "batter": 4,
                "extras": 0,
                "total": 4
              }
            }
          ]
        }
      ],
      "powerplays": [
        {
          "from": 0.1,
          "to": 5.6,
          "type": "mandatory"
        }
      ],
      "target": {
        "overs": 20,
        "runs": 179
      }
    }
  ]
}