{
  "meta": {
    "data_version": "1.1.0",
    "created": "2023-03-06",
    "revision": 2
  },
  "info": {
    "balls_per_over": 6,
    "city": "Navi Mumbai",
    "dates": [
      "2023-03-05"
    ],
    "event": {
      "name": "Women's Premier League",
      "match_number": 3
    },
    "gender": "female",
    "match_type": "T20",
    "officials": {
      "match_referees": [
        "AV Narvekar"
      ],
      "reserve_umpires": [
        "N Pandit"
      ],
      "tv_umpires": [
        "PG Pathak"
      ],
      "umpires": [
        "Gayathri Venugopal",
        "Sanjay Kumar Singh"
      ]
    },
    "outcome": {
      "winner": "UP Warriorz",
      "by": {
        "wickets": 3
      }
    },
    "overs": 20,
    "player_of_match": [
      "GM Harris"
    ],
    "players": {
      "Gujarat Giants": [
        "S Meghana",
        "SIR Dunkley",
        "H Deol",
        "A Sutherland",
        "S Verma",
        "A Gardner",
        "D Hemalatha",
        "S Rana",
        "TP Kanwar",
        "KJ Garth",
        "M Joshi"
      ],
      "UP Warriorz": [
        "AJ Healy",
        "S Sehrawat",
        "KP Navgire",
        "TM McGrath",
        "DB Sharma",
        "GM Harris",
        "Simran Shaikh",
        "DP Vaidya",
        "S Ecclestone",
        "K Anjali Sarvani",
        "RS Gayakwad"
      ]
    },
    "registry": {
      "people": {
        "A Gardner": "bc969efb",
        "A Sutherland": "65d9b6b6",
        "AJ Healy": "321644de",
        "AV Narvekar": "a7c9f985",
        "D Hemalatha": "1d6ff329",
        "DB Sharma": "201fef33",
        "DP Vaidya": "f9ded29b",
        "GM Harris": "72166006",
        "Gayathri Venugopal": "20e3ae99",
        "H Deol": "3664712e",
        "K Anjali Sarvani": "fa0bf9d9",
        "KJ Garth": "0b69a844",
        "KP Navgire": "617a0b79",
        "M Joshi": "47fb8d80",
        "N Pandit": "4947c258",
        "PG Pathak": "9f772ec5",
        "RS Gayakwad": "237ec05b",
        "S Ecclestone": "cdb82f1c",
        "S Meghana": "302fb7ae",
        "S Rana": "c4c374d9",
        "S Sehrawat": "0e9d4094",
        "S Verma": "185e6c0c",
        "SIR Dunkley": "3a9e9cb2",
        "Sanjay Kumar Singh": "ccb9d6a6",
        "Simran Shaikh": "4961601c",
        "TM McGrath": "ca5acfa4",
        "TP Kanwar": "443c122f"
      }
    },
    "season": "2022/23",
    "team_type": "club",
    "teams": [
      "Gujarat Giants",
      "UP Warriorz"
    ],
    "toss": {
      "decision": "bat",
      "winner": "Gujarat Giants"
    },
    "venue": "Dr DY Patil Sports Academy, Mumbai"
  },
  "innings": [
    {
      "team": "Gujarat Giants",
      "overs": [
        {
          "over": 0,
          "deliveries": [
            {
              "batter": "S Meghana",
              "bowler": "RS Gayakwad",
              "non_striker": "SIR Dunkley",
              "runs": {
                "batter": 1,
                "extras": 0,
                "total": 1
              }
            },
            {
              "batter": "SIR Dunkley",
              "bowler": "RS Gayakwad",
              "non_striker": "S Meghana",
              "runs": {
                "batter": 0,
                "extras": 0,
                "total": 0
              }
            },
            {
              "batter": "SIR Dunkley",
              "bowler": "RS Gayakwad",
              "non_striker": "S Meghana",
              "runs": {
                "batter": 1,
                "extras": 0,
                "total": 1
              }
            },
            {
              "batter": "S Meghana",
              "bowler": "RS Gayakwad",
              "non_striker": "SIR Dunkley",
              "runs": {
                "batter": 0,
                "extras": 0,
                "total": 0
              }
            },
            {
              "batter": "S Meghana",
              "bowler": "RS Gayakwad",
              "non_striker": "SIR Dunkley",
              "runs": {
                "batter": 1,
                "extras": 0,
                "total": 1
              }
            },
            {
              "batter": "SIR Dunkley",
              "bowler": "RS Gayakwad",
              "non_striker": "S Meghana",
              "runs": {
                "batter": 0,
                "extras": 0,
                "total": 0
              }
            }
          ]
        },
        {
          "over": 1,
          "deliveries": [
            {
              "batter": "S Meghana",
              "bowler": "K Anjali Sarvani",
              "non_striker": "SIR Dunkley",
              "runs": {
                "batter": 4,
                "extras": 0,
                "total": 4
              }
            },
            {
              "batter": "S Meghana",
              "bowler": "K Anjali Sarvani",
              "non_striker": "SIR Dunkley",
              "runs": {
                "batter": 4,
                "extras": 0,
                "total": 4
              }
            },
            {
              "batter": "S Meghana",
              "bowler": "K Anjali Sarvani",
              "non_striker": "SIR Dunkley",
              "runs": {
                "batter": 1,
                "extras": 0,
                "total": 1
              }
            },
            {
              "batter": "SIR Dunkley",
              "bowler": "K Anjali Sarvani",
              "non_striker": "S Meghana",
              "runs": {
                "batter": 0,
                "extras": 0,
                "total": 0
              }
            },
            {
              "batter": "SIR Dunkley",
              "bowler": "K Anjali Sarvani",
              "non_striker": "S Meghana",
              "runs": {
                "batter": 4,
                "extras": 0,
                "total": 4
              }
            },
            {
              "batter": "SIR Dunkley",
              "bowler": "K Anjali Sarvani",
              "non_striker": "S Meghana",
              "runs": {
                "batter": 4,
                "extras": 0,
                "total": 4
              }
            }
          ]
        },
        {
          "over": 2,
          "deliveries": [
            {
              "batter": "S Meghana",
              "bowler": "RS Gayakwad",
              "non_striker": "SIR Dunkley",
              "runs": {
                "batter": 4,
                "extras": 0,
                "total": 4
              }
            },
            {
              "batter": "S Meghana",
              "bowler": "RS Gayakwad",
              "non_striker": "SIR Dunkley",
              "runs": {
                "batter": 1,
                "extras": 0,
                "total": 1
              }
            },
            {
              "batter": "SIR Dunkley",
              "bowler": "RS Gayakwad",
              "non_striker": "S Meghana",
              "runs": {
                "batter": 1,
                "extras": 0,
                "total": 1
              }
            },
            {
              "batter": "S Meghana",
              "bowler": "RS Gayakwad",
              "non_striker": "SIR Dunkley",
              "runs": {
                "batter": 0,
                "extras": 0,
                "total": 0
              }
            },
            {
              "batter": "S Meghana",
              "bowler": "RS Gayakwad",
              "non_striker": "SIR Dunkley",
              "runs": {
                "batter": 0,
                "extras": 0,
                "total": 0
              }
            },
            {
              "batter": "S Meghana",
              "bowler": "RS Gayakwad",
              "non_striker": "SIR Dunkley",
              "runs": {
                "batter": 4,
                "extras": 0,
                "total": 4
              }
            }
          ]
        },
        {
          "over": 3,
          "deliveries": [
            {
              "batter": "SIR Dunkley",
              "bowler": "DB Sharma",
              "non_striker": "S Meghana",
              "runs": {
                "batter": 0,
                "extras": 0,
                "total": 0
              }
            },
            {
              "batter": "SIR Dunkley",
              "bowler": "DB Sharma",
              "non_striker": "S Meghana",
              "runs": {
                "batter": 1,
                "extras": 0,
                "total": 1
              }
            },
            {
              "batter": "S Meghana",
              "bowler": "DB Sharma",
              "extras": {
                "legbyes": 1
              },
              "non_striker": "SIR Dunkley",
              "runs": {
                "batter": 0,
                "extras": 1,
                "total": 1
              }
            },
            {
              "batter": "SIR Dunkley",
              "bowler": "DB Sharma",
              "non_striker": "S Meghana",
              "runs": {
                "batter": 2,
                "extras": 0,
                "total": 2
              }
            },
            {
              "batter": "SIR Dunkley",
              "bowler": "DB Sharma",
              "non_striker": "S Meghana",
              "runs": {
                "batter": 0,
                "extras": 0,
                "total": 0
              },
              "wickets": [
                {
                  "player_out": "SIR Dunkley",
                  "kind": "bowled"
                }
              ]
            },
            {
              "batter": "H Deol",
              "bowler": "DB Sharma",
              "non_striker": "S Meghana",
              "runs": {
                "batter": 0,
                "extras": 0,
                "total": 0
              }
            }
          ]
        },
        {
          "over": 4,
          "deliveries": [
            {
              "batter": "S Meghana",
              "bowler": "S Ecclestone",
              "non_striker": "H Deol",
              "runs": {
                "batter": 4,
                "extras": 0,
                "total": 4
              }
            },
            {
              "batter": "S Meghana",
              "bowler": "S Ecclestone",
              "non_striker": "H Deol",
              "runs": {
                "batter": 0,
                "extras": 0,
                "total": 0
              }
            },
            {
              "batter": "S Meghana",
              "bowler": "S Ecclestone",
              "non_striker": "H Deol",
              "runs": {
                "batter": 0,
                "extras": 0,
                "total": 0
              },
              "wickets": [
                {
                  "player_out": "S Meghana",
                  "fielders": [
                    {
                      "name": "S Sehrawat"
                    }
                  ],
                  "kind": "caught"
                }
              ]
            },
            {
              "batter": "A Sutherland",
              "bowler": "S Ecclestone",
              "non_striker": "H Deol",
              "runs": {
                "batter": 0,
                "extras": 0,
                "total": 0
              }
            },
            {
              "batter": "A Sutherland",
              "bowler": "S Ecclestone",
              "non_striker": "H Deol",
              "runs": {
                "batter": 0,
                "extras": 0,
                "total": 0
              }
            },
            {
              "batter": "A Sutherland",
              "bowler": "S Ecclestone",
              "non_striker": "H Deol",
              "runs": {
                "batter": 1,
                "extras": 0,
                "total": 1
              }
            }
          ]
        },
        {
          "over": 5,
          "deliveries": [
            {
              "batter": "A Sutherland",
              "bowler": "K Anjali Sarvani",
              "non_striker": "H Deol",
              "runs": {
                "batter": 4,
                "extras": 0,
                "total": 4
              }
            },
            {
              "batter": "A Sutherland",
              "bowler": "K Anjali Sarvani",
              "non_striker": "H Deol",
              "runs": {
                "batter": 0,
                "extras": 0,
                "total": 0
              }
            },
            {
              "batter": "A Sutherland",
              "bowler": "K Anjali Sarvani",
              "non_striker": "H Deol",
              "runs": {
                "batter": 0,
                "extras": 0,
                "total": 0
              }
            },
            {
              "batter": "A Sutherland",
              "bowler": "K Anjali Sarvani",
              "non_striker": "H Deol",
              "runs": {
                "batter": 1,
                "extras": 0,
                "total": 1
              }
            },
            {
              "batter": "H Deol",
              "bowler": "K Anjali Sarvani",
              "non_striker": "A Sutherland",
              "runs": {
                "batter": 0,
                "extras": 0,
                "total": 0
              }
            },
            {
              "batter": "H Deol",
              "bowler": "K Anjali Sarvani",
              "non_striker": "A Sutherland",
              "runs": {
                "batter": 1,
                "extras": 0,
                "total": 1
              }
            }
          ]
        },
        {
          "over": 6,
          "deliveries": [
            {
              "batter": "H Deol",
              "bowler": "DB Sharma",
              "non_striker": "A Sutherland",
              "runs": {
                "batter": 0,
                "extras": 0,
                "total": 0
              }
            },
            {
              "batter": "H Deol",
              "bowler": "DB Sharma",
              "non_striker": "A Sutherland",
              "runs": {
                "batter": 0,
                "extras": 0,
                "total": 0
              }
            },
            {
              "batter": "H Deol",
              "bowler": "DB Sharma",
              "extras": {
                "wides": 1
              },
              "non_striker": "A Sutherland",
              "runs": {
                "batter": 0,
                "extras": 1,
                "total": 1
              }
            },
            {
              "batter": "H Deol",
              "bowler": "DB Sharma",
              "non_striker": "A Sutherland",
              "runs": {
                "batter": 1,
                "extras": 0,
                "total": 1
              }
            },
            {
              "batter": "A Sutherland",
              "bowler": "DB Sharma",
              "non_striker": "H Deol",
              "runs": {
                "batter": 1,
                "extras": 0,
                "total": 1
              }
            },
            {
              "batter": "H Deol",
              "bowler": "DB Sharma",
              "non_striker": "A Sutherland",
              "runs": {
                "batter": 1,
                "extras": 0,
                "total": 1
              }
            },
            {
              "batter": "A Sutherland",
              "bowler": "DB Sharma",
              "non_striker": "H Deol",
              "runs": {
                "batter": 1,
                "extras": 0,
                "total": 1
              }
            }
          ]
        },
        {
          "over": 7,
          "deliveries": [
            {
              "batter": "A Sutherland",
              "bowler": "S Ecclestone",
              "non_striker": "H Deol",
              "runs": {
                "batter": 0,
                "extras": 0,
                "total": 0
              },
              "wickets": [
                {
                  "player_out": "A Sutherland",
                  "fielders": [
                    {
                      "name": "K Anjali Sarvani"
                    }
                  ],
                  "kind": "caught"
                }
              ]
            },
            {
              "batter": "S Verma",
              "bowler": "S Ecclestone",
              "non_striker": "H Deol",
              "runs": {
                "batter": 0,
                "extras": 0,
                "total": 0
              }
            },
            {
              "batter": "S Verma",
              "bowler": "S Ecclestone",
              "non_striker": "H Deol",
              "runs": {
                "batter": 0,
                "extras": 0,
                "total": 0
              }
            },
            {
              "batter": "S Verma",
              "bowler": "S Ecclestone",
              "non_striker": "H Deol",
              "runs": {
                "batter": 0,
                "extras": 0,
                "total": 0
              }
            },
            {
              "batter": "S Verma",
              "bowler": "S Ecclestone",
              "non_striker": "H Deol",
              "runs": {
                "batter": 1,
                "extras": 0,
                "total": 1
              }
            },
            {
              "batter": "H Deol",
              "bowler": "S Ecclestone",
              "non_striker": "S Verma",
              "runs": {
                "batter": 0,
                "extras": 0,
                "total": 0
              }
            }
          ]
        },
        {
          "over": 8,
          "deliveries": [
            {
              "batter": "S Verma",
              "bowler": "TM McGrath",
              "non_striker": "H Deol",
              "runs": {
                "batter": 1,
                "extras": 0,
                "total": 1
              }
            },
            {
              "batter": "H Deol",
              "bowler": "TM McGrath",
              "non_striker": "S Verma",
              "runs": {
                "batter": 1,
                "extras": 0,
                "total": 1
              }
            },
            {
              "batter": "S Verma",
              "bowler": "TM McGrath",
              "non_striker": "H Deol",
              "runs": {
                "batter": 0,
                "extras": 0,
                "total": 0
              }
            },
            {
              "batter": "S Verma",
              "bowler": "TM McGrath",
              "non_striker": "H Deol",
              "runs": {
                "batter": 1,
                "extras": 0,
                "total": 1
              }
            },
            {
              "batter": "H Deol",
              "bowler": "TM McGrath",
              "non_striker": "S Verma",
              "runs": {
                "batter": 4,
                "extras": 0,
                "total": 4
              }
            },
            {
              "batter": "H Deol",
              "bowler": "TM McGrath",
              "non_striker": "S Verma",
              "runs": {
                "batter": 0,
                "extras": 0,
                "total": 0
              }
            }
          ]
        },
        {
          "over": 9,
          "deliveries": [
            {
              "batter": "S Verma",
              "bowler": "RS Gayakwad",
              "non_striker": "H Deol",
              "runs": {
                "batter": 0,
                "extras": 0,
                "total": 0
              }
            },
            {
              "batter": "S Verma",
              "bowler": "RS Gayakwad",
              "non_striker": "H Deol",
              "runs": {
                "batter": 2,
                "extras": 0,
                "total": 2
              }
            },
            {
              "batter": "S Verma",
              "bowler": "RS Gayakwad",
              "extras": {
                "byes": 1
              },
              "non_striker": "H Deol",
              "runs": {
                "batter": 0,
                "extras": 1,
                "total": 1
              }
            },
            {
              "batter": "H Deol",
              "bowler": "RS Gayakwad",
              "non_striker": "S Verma",
              "runs": {
                "batter": 0,
                "extras": 0,
                "total": 0
              }
            },
            {
              "batter": "H Deol",
              "bowler": "RS Gayakwad",
              "non_striker": "S Verma",
              "runs": {
                "batter": 2,
                "extras": 0,
                "total": 2
              }
            },
            {
              "batter": "H Deol",
              "bowler": "RS Gayakwad",
              "non_striker": "S Verma",
              "runs": {
                "batter": 4,
                "extras": 0,
                "total": 4
              }
            }
          ]
        },
        {
          "over": 10,
          "deliveries": [
            {
              "batter": "S Verma",
              "bowler": "TM McGrath",
              "non_striker": "H Deol",
              "runs": {
                "batter": 0,
                "extras": 0,
                "total": 0
              }
            },
            {
              "batter": "S Verma",
              "bowler": "TM McGrath",
              "non_striker": "H Deol",
              "runs": {
                "batter": 4,
                "extras": 0,
                "total": 4
              }
            },
            {
              "batter": "S Verma",
              "bowler": "TM McGrath",
              "extras": {
                "wides": 5
              },
              "non_striker": "H Deol",
              "runs": {
                "batter": 0,
                "extras": 5,
                "total": 5
              }
            },
            {
              "batter": "S Verma",
              "bowler": "TM McGrath",
              "non_striker": "H Deol",
              "runs": {
                "batter": 0,
                "extras": 0,
                "total": 0
              },
              "wickets": [
                {
                  "player_out": "S Verma",
                  "fielders": [
                    {
                      "name": "S Sehrawat"
                    }
                  ],
                  "kind": "caught"
                }
              ]
            },
            {
              "batter": "A Gardner",
              "bowler": "TM McGrath",
              "non_striker": "H Deol",
              "runs": {
                "batter": 1,
                "extras": 0,
                "total": 1
              }
            },
            {
              "batter": "H Deol",
              "bowler": "TM McGrath",
              "non_striker": "A Gardner",
              "runs": {
                "batter": 1,
                "extras": 0,
                "total": 1
              }
            },
            {
              "batter": "A Gardner",
              "bowler": "TM McGrath",
              "non_striker": "H Deol",
              "runs": {
                "batter": 0,
                "extras": 0,
                "total": 0
              }
            }
          ]
        },
        {
          "over": 11,
          "deliveries": [
            {
              "batter": "H Deol",
              "bowler": "DP Vaidya",
              "non_striker": "A Gardner",
              "runs": {
                "batter": 0,
                "extras": 0,
                "total": 0
              }
            },
            {
              "batter": "H Deol",
              "bowler": "DP Vaidya",
              "non_striker": "A Gardner",
              "runs": {
                "batter": 1,
                "extras": 0,
                "total": 1
              }
            },
            {
              "batter": "A Gardner",
              "bowler": "DP Vaidya",
              "non_striker": "H Deol",
              "runs": {
                "batter": 1,
                "extras": 0,
                "total": 1
              }
            },
            {
              "batter": "H Deol",
              "bowler": "DP Vaidya",
              "non_striker": "A Gardner",
              "runs": {
                "batter": 2,
                "extras": 0,
                "total": 2
              }
            },
            {
              "batter": "H Deol",
              "bowler": "DP Vaidya",
              "non_striker": "A Gardner",
              "runs": {
                "batter": 1,
                "extras": 0,
                "total": 1
              }
            },
            {
              "batter": "A Gardner",
              "bowler": "DP Vaidya",
              "non_striker": "H Deol",
              "runs": {
                "batter": 1,
                "extras": 0,
                "total": 1
              }
            }
          ]
        },
        {
          "over": 12,
          "deliveries": [
            {
              "batter": "A Gardner",
              "bowler": "RS Gayakwad",
              "non_striker": "H Deol",
              "runs": {
                "batter": 1,
                "extras": 0,
                "total": 1
              }
            },
            {
              "batter": "H Deol",
              "bowler": "RS Gayakwad",
              "non_striker": "A Gardner",
              "runs": {
                "batter": 1,
                "extras": 0,
                "total": 1
              }
            },
            {
              "batter": "A Gardner",
              "bowler": "RS Gayakwad",
              "non_striker": "H Deol",
              "runs": {
                "batter": 4,
                "extras": 0,
                "total": 4
              }
            },
            {
              "batter": "A Gardner",
              "bowler": "RS Gayakwad",
              "non_striker": "H Deol",
              "runs": {
                "batter": 0,
                "extras": 0,
                "total": 0
              }
            },
            {
              "batter": "A Gardner",
              "bowler": "RS Gayakwad",
              "non_striker": "H Deol",
              "runs": {
                "batter": 1,
                "extras": 0,
                "total": 1
              }
            },
            {
              "batter": "H Deol",
              "bowler": "RS Gayakwad",
              "non_striker": "A Gardner",
              "runs": {
                "batter": 2,
                "extras": 0,
                "total": 2
              }
            }
          ]
        },
        {
          "over": 13,
          "deliveries": [
            {
              "batter": "A Gardner",
              "bowler": "S Ecclestone",
              "non_striker": "H Deol",
              "runs": {
                "batter": 0,
                "extras": 0,
                "total": 0
              }
            },
            {
              "batter": "A Gardner",
              "bowler": "S Ecclestone",
              "non_striker": "H Deol",
              "runs": {
                "batter": 2,
                "extras": 0,
                "total": 2
              }
            },
            {
              "batter": "A Gardner",
              "bowler": "S Ecclestone",
              "non_striker": "H Deol",
              "runs": {
                "batter": 1,
                "extras": 0,
                "total": 1
              }
            },
            {
              "batter": "H Deol",
              "bowler": "S Ecclestone",
              "non_striker": "A Gardner",
              "runs": {
                "batter": 1,
                "extras": 0,
                "total": 1
              }
            },
            {
              "batter": "A Gardner",
              "bowler": "S Ecclestone",
              "non_striker": "H Deol",
              "runs": {
                "batter": 6,
                "extras": 0,
                "total": 6
              }
            },
            {
              "batter": "A Gardner",
              "bowler": "S Ecclestone",
              "non_striker": "H Deol",
              "runs": {
                "batter": 0,
                "extras": 0,
                "total": 0
              }
            }
          ]
        },
        {
          "over": 14,
          "deliveries": [
            {
              "batter": "H Deol",
              "bowler": "K Anjali Sarvani",
              "extras": {
                "wides": 2
              },
              "non_striker": "A Gardner",
              "runs": {
                "batter": 0,
                "extras": 2,
                "total": 2
              }
            },
            {
              "batter": "A Gardner",
              "bowler": "K Anjali Sarvani",
              "non_striker": "H Deol",
              "runs": {
                "batter": 0,
                "extras": 0,
                "total": 0
              }
            },
            {
              "batter": "A Gardner",
              "bowler": "K Anjali Sarvani",
              "non_striker": "H Deol",
              "runs": {
                "batter": 2,
                "extras": 0,
                "total": 2
              }
            },
            {
              "batter": "A Gardner",
              "bowler": "K Anjali Sarvani",
              "extras": {
                "wides": 2
              },
              "non_striker": "H Deol",
              "runs": {
                "batter": 0,
                "extras": 2,
                "total": 2
              }
            },
            {
              "batter": "H Deol",
              "bowler": "K Anjali Sarvani",
              "extras": {
                "wides": 1
              },
              "non_striker": "A Gardner",
              "runs": {
                "batter": 0,
                "extras": 1,
                "total": 1
              }
            },
            {
              "batter": "H Deol",
              "bowler": "K Anjali Sarvani",
              "non_striker": "A Gardner",
              "runs": {
                "batter": 4,
                "extras": 0,
                "total": 4
              }
            },
            {
              "batter": "H Deol",
              "bowler": "K Anjali Sarvani",
              "non_striker": "A Gardner",
              "runs": {
                "batter": 1,
                "extras": 0,
                "total": 1
              }
            },
            {
              "batter": "A Gardner",
              "bowler": "K Anjali Sarvani",
              "non_striker": "H Deol",
              "runs": {
                "batter": 0,
                "extras": 0,
                "total": 0
              }
            },
            {
              "batter": "A Gardner",
              "bowler": "K Anjali Sarvani",
              "non_striker": "H Deol",
              "runs": {
                "batter": 1,
                "extras": 0,
                "total": 1
              }
            }
          ]
        },
        {
          "over": 15,
          "deliveries": [
            {
              "batter": "A Gardner",
              "bowler": "DB Sharma",
              "non_striker": "H Deol",
              "runs": {
                "batter": 4,
                "extras": 0,
                "total": 4
              }
            },
            {
              "batter": "A Gardner",
              "bowler": "DB Sharma",
              "non_striker": "H Deol",
              "runs": {
                "batter": 0,
                "extras": 0,
                "total": 0
              },
              "wickets": [
                {
                  "player_out": "A Gardner",
                  "fielders": [
                    {
                      "name": "AJ Healy"
                    }
                  ],
                  "kind": "stumped"
                }
              ]
            },
            {
              "batter": "D Hemalatha",
              "bowler": "DB Sharma",
              "extras": {
                "wides": 1
              },
              "non_striker": "H Deol",
              "runs": {
                "batter": 0,
                "extras": 1,
                "total": 1
              }
            },
            {
              "batter": "D Hemalatha",
              "bowler": "DB Sharma",
              "non_striker": "H Deol",
              "runs": {
                "batter": 1,
                "extras": 0,
                "total": 1
              }
            },
            {
              "batter": "H Deol",
              "bowler": "DB Sharma",
              "non_striker": "D Hemalatha",
              "runs": {
                "batter": 0,
                "extras": 0,
                "total": 0
              }
            },
            {
              "batter": "H Deol",
              "bowler": "DB Sharma",
              "non_striker": "D Hemalatha",
              "runs": {
                "batter": 1,
                "extras": 0,
                "total": 1
              }
            },
            {
              "batter": "D Hemalatha",
              "bowler": "DB Sharma",
              "non_striker": "H Deol",
              "runs": {
                "batter": 0,
                "extras": 0,
                "total": 0
              }
            }
          ]
        },
        {
          "over": 16,
          "deliveries": [
            {
              "batter": "H Deol",
              "bowler": "DP Vaidya",
              "non_striker": "D Hemalatha",
              "runs": {
                "batter": 4,
                "extras": 0,
                "total": 4
              }
            },
            {
              "batter": "H Deol",
              "bowler": "DP Vaidya",
              "non_striker": "D Hemalatha",
              "runs": {
                "batter": 4,
                "extras": 0,
                "total": 4
              }
            },
            {
              "batter": "H Deol",
              "bowler": "DP Vaidya",
              "non_striker": "D Hemalatha",
              "runs": {
                "batter": 4,
                "extras": 0,
                "total": 4
              }
            },
            {
              "batter": "H Deol",
              "bowler": "DP Vaidya",
              "non_striker": "D Hemalatha",
              "runs": {
                "batter": 4,
                "extras": 0,
                "total": 4
              }
            },
            {
              "batter": "H Deol",
              "bowler": "DP Vaidya",
              "non_striker": "D Hemalatha",
              "runs": {
                "batter": 1,
                "extras": 0,
                "total": 1
              }
            },
            {
              "batter": "D Hemalatha",
              "bowler": "DP Vaidya",
              "non_striker": "H Deol",
              "runs": {
                "batter": 1,
                "extras": 0,
                "total": 1
              }
            }
          ]
        },
        {
          "over": 17,
          "deliveries": [
            {
              "batter": "D Hemalatha",
              "bowler": "K Anjali Sarvani",
              "non_striker": "H Deol",
              "runs": {
                "batter": 1,
                "extras": 0,
                "total": 1
              }
            },
            {
              "batter": "H Deol",
              "bowler": "K Anjali Sarvani",
              "non_striker": "D Hemalatha",
              "runs": {
                "batter": 0,
                "extras": 0,
                "total": 0
              },
              "wickets": [
                {
                  "player_out": "H Deol",
                  "fielders": [
                    {
                      "name": "TM McGrath"
                    }
                  ],
                  "kind": "caught"
                }
              ]
            },
            {
              "batter": "S Rana",
              "bowler": "K Anjali Sarvani",
              "non_striker": "D Hemalatha",
              "runs": {
                "batter": 0,
                "extras": 0,
                "total": 0
              }
            },
            {
              "batter": "S Rana",
              "bowler": "K Anjali Sarvani",
              "non_striker": "D Hemalatha",
              "runs": {
                "batter": 1,
                "extras": 0,
                "total": 1
              }
            },
            {
              "batter": "D Hemalatha",
              "bowler": "K Anjali Sarvani",
              "non_striker": "S Rana",
              "runs": {
                "batter": 4,
                "extras": 0,
                "total": 4
              }
            },
            {
              "batter": "D Hemalatha",
              "bowler": "K Anjali Sarvani",
              "non_striker": "S Rana",
              "runs": {
                "batter": 1,
                "extras": 0,
                "total": 1
              }
            }
          ]
        },
        {
          "over": 18,
          "deliveries": [
            {
              "batter": "D Hemalatha",
              "bowler": "DB Sharma",
              "non_striker": "S Rana",
              "runs": {
                "batter": 0,
                "extras": 0,
                "total": 0
              }
            },
            {
              "batter": "D Hemalatha",
              "bowler": "DB Sharma",
              "non_striker": "S Rana",
              "runs": {
                "batter": 6,
                "extras": 0,
                "total": 6
              }
            },
            {
              "batter": "D Hemalatha",
              "bowler": "DB Sharma",
              "non_striker": "S Rana",
              "runs": {
                "batter": 0,
                "extras": 0,
                "total": 0
              }
            },
            {
              "batter": "D Hemalatha",
              "bowler": "DB Sharma",
              "non_striker": "S Rana",
              "runs": {
                "batter": 2,
                "extras": 0,
                "total": 2
              }
            },
            {
              "batter": "D Hemalatha",
              "bowler": "DB Sharma",
              "non_striker": "S Rana",
              "runs": {
                "batter": 4,
                "extras": 0,
                "total": 4
              }
            },
            {
              "batter": "D Hemalatha",
              "bowler": "DB Sharma",
              "non_striker": "S Rana",
              "runs": {
                "batter": 0,
                "extras": 0,
                "total": 0
              }
            }
          ]
        },
        {
          "over": 19,
          "deliveries": [
            {
              "batter": "S Rana",
              "bowler": "S Ecclestone",
              "non_striker": "D Hemalatha",
              "runs": {
                "batter": 0,
                "extras": 0,
                "total": 0
              }
            },
            {
              "batter": "S Rana",
              "bowler": "S Ecclestone",
              "non_striker": "D Hemalatha",
              "runs": {
                "batter": 2,
                "extras": 0,
                "total": 2
              }
            },
            {
              "batter": "S Rana",
              "bowler": "S Ecclestone",
              "non_striker": "D Hemalatha",
              "runs": {
                "batter": 1,
                "extras": 0,
                "total": 1
              }
            },
            {
              "batter": "D Hemalatha",
              "bowler": "S Ecclestone",
              "non_striker": "S Rana",
              "runs": {
                "batter": 1,
                "extras": 0,
                "total": 1
              }
            },
            {
              "batter": "S Rana",
              "bowler": "S Ecclestone",
              "non_striker": "D Hemalatha",
              "runs": {
                "batter": 4,
                "extras": 0,
                "total": 4
              }
            },
            {
              "batter": "S Rana",
              "bowler": "S Ecclestone",
              "non_striker": "D Hemalatha",
              "runs": {
                "batter": 1,
                "extras": 0,
                "total": 1
              }
            }
          ]
        }
      ],
      "powerplays": [
        {
          "from": 0.1,
          "to": 5.6,
          "type": "mandatory"
        }
      ]
    },
    {
      "team": "UP Warriorz",
      "overs": [
        {
          "over": 0,
          "deliveries": [
            {
              "batter": "AJ Healy",
              "bowler": "KJ Garth",
              "non_striker": "S Sehrawat",
              "runs": {
                "batter": 1,
                "extras": 0,
                "total": 1
              }
            },
            {
              "batter": "S Sehrawat",
              "bowler": "KJ Garth",
              "non_striker": "AJ Healy",
              "runs": {
                "batter": 1,
                "extras": 0,
                "total": 1
              }
            },
            {
              "batter": "AJ Healy",
              "bowler": "KJ Garth",
              "non_striker": "S Sehrawat",
              "runs": {
                "batter": 4,
                "extras": 0,
                "total": 4
              }
            },
            {
              "batter": "AJ Healy",
              "bowler": "KJ Garth",
              "non_striker": "S Sehrawat",
              "runs": {
                "batter": 0,
                "extras": 0,
                "total": 0
              }
            },
            {
              "batter": "AJ Healy",
              "bowler": "KJ Garth",
              "non_striker": "S Sehrawat",
              "runs": {
                "batter": 0,
                "extras": 0,
                "total": 0
              }
            },
            {
              "batter": "AJ Healy",
              "bowler": "KJ Garth",
              "non_striker": "S Sehrawat",
              "runs": {
                "batter": 1,
                "extras": 0,
                "total": 1
              }
            }
          ]
        },
        {
          "over": 1,
          "deliveries": [
            {
              "batter": "AJ Healy",
              "bowler": "TP Kanwar",
              "non_striker": "S Sehrawat",
              "runs": {
                "batter": 0,
                "extras": 0,
                "total": 0
              }
            },
            {
              "batter": "AJ Healy",
              "bowler": "TP Kanwar",
              "non_striker": "S Sehrawat",
              "runs": {
                "batter": 1,
                "extras": 0,
                "total": 1
              }
            },
            {
              "batter": "S Sehrawat",
              "bowler": "TP Kanwar",
              "non_striker": "AJ Healy",
              "runs": {
                "batter": 0,
                "extras": 0,
                "total": 0
              }
            },
            {
              "batter": "S Sehrawat",
              "bowler": "TP Kanwar",
              "extras": {
                "wides": 1
              },
              "non_striker": "AJ Healy",
              "runs": {
                "batter": 0,
                "extras": 1,
                "total": 1
              }
            },
            {
              "batter": "S Sehrawat",
              "bowler": "TP Kanwar",
              "non_striker": "AJ Healy",
              "runs": {
                "batter": 0,
                "extras": 0,
                "total": 0
              }
            },
            {
              "batter": "S Sehrawat",
              "bowler": "TP Kanwar",
              "non_striker": "AJ Healy",
              "runs": {
                "batter": 0,
                "extras": 0,
                "total": 0
              }
            },
            {
              "batter": "S Sehrawat",
              "bowler": "TP Kanwar",
              "non_striker": "AJ Healy",
              "runs": {
                "batter": 4,
                "extras": 0,
                "total": 4
              }
            }
          ]
        },
        {
          "over": 2,
          "deliveries": [
            {
              "batter": "AJ Healy",
              "bowler": "KJ Garth",
              "non_striker": "S Sehrawat",
              "runs": {
                "batter": 0,
                "extras": 0,
                "total": 0
              },
              "wickets": [
                {
                  "player_out": "AJ Healy",
                  "kind": "caught and bowled"
                }
              ]
            },
            {
              "batter": "KP Navgire",
              "bowler": "KJ Garth",
              "non_striker": "S Sehrawat",
              "runs": {
                "batter": 0,
                "extras": 0,
                "total": 0
              }
            },
            {
              "batter": "KP Navgire",
              "bowler": "KJ Garth",
              "non_striker": "S Sehrawat",
              "runs": {
                "batter": 0,
                "extras": 0,
                "total": 0
              }
            },
            {
              "batter": "KP Navgire",
              "bowler": "KJ Garth",
              "non_striker": "S Sehrawat",
              "runs": {
                "batter": 4,
                "extras": 0,
                "total": 4
              }
            },
            {
              "batter": "KP Navgire",
              "bowler": "KJ Garth",
              "extras": {
                "wides": 2
              },
              "non_striker": "S Sehrawat",
              "runs": {
                "batter": 0,
                "extras": 2,
                "total": 2
              }
            },
            {
              "batter": "S Sehrawat",
              "bowler": "KJ Garth",
              "non_striker": "KP Navgire",
              "runs": {
                "batter": 0,
                "extras": 0,
                "total": 0
              },
              "wickets": [
                {
                  "player_out": "S Sehrawat",
                  "fielders": [
                    {
                      "name": "M Joshi"
                    }
                  ],
                  "kind": "caught"
                }
              ]
            },
            {
              "batter": "TM McGrath",
              "bowler": "KJ Garth",
              "extras": {
                "wides": 1
              },
              "non_striker": "KP Navgire",
              "runs": {
                "batter": 0,
                "extras": 1,
                "total": 1
              }
            },
            {
              "batter": "TM McGrath",
              "bowler": "KJ Garth",
              "non_striker": "KP Navgire",
              "runs": {
                "batter": 0,
                "extras": 0,
                "total": 0
              },
              "wickets": [
                {
                  "player_out": "TM McGrath",
                  "fielders": [
                    {
                      "name": "D Hemalatha"
                    }
                  ],
                  "kind": "caught"
                }
              ]
            }
          ]
        },
        {
          "over": 3,
          "deliveries": [
            {
              "batter": "KP Navgire",
              "bowler": "A Gardner",
              "non_striker": "DB Sharma",
              "runs": {
                "batter": 0,
                "extras": 0,
                "total": 0
              }
            },
            {
              "batter": "KP Navgire",
              "bowler": "A Gardner",
              "non_striker": "DB Sharma",
              "runs": {
                "batter": 4,
                "extras": 0,
                "total": 4
              }
            },
            {
              "batter": "KP Navgire",
              "bowler": "A Gardner",
              "non_striker": "DB Sharma",
              "runs": {
                "batter": 0,
                "extras": 0,
                "total": 0
              }
            },
            {
              "batter": "KP Navgire",
              "bowler": "A Gardner",
              "non_striker": "DB Sharma",
              "runs": {
                "batter": 1,
                "extras": 0,
                "total": 1
              }
            },
            {
              "batter": "DB Sharma",
              "bowler": "A Gardner",
              "non_striker": "KP Navgire",
              "runs": {
                "batter": 0,
                "extras": 0,
                "total": 0
              }
            },
            {
              "batter": "DB Sharma",
              "bowler": "A Gardner",
              "non_striker": "KP Navgire",
              "runs": {
                "batter": 0,
                "extras": 0,
                "total": 0
              }
            }
          ]
        },
        {
          "over": 4,
          "deliveries": [
            {
              "batter": "KP Navgire",
              "bowler": "A Sutherland",
              "non_striker": "DB Sharma",
              "runs": {
                "batter": 0,
                "extras": 0,
                "total": 0
              }
            },
            {
              "batter": "KP Navgire",
              "bowler": "A Sutherland",
              "non_striker": "DB Sharma",
              "runs": {
                "batter": 0,
                "extras": 0,
                "total": 0
              }
            },
            {
              "batter": "KP Navgire",
              "bowler": "A Sutherland",
              "non_striker": "DB Sharma",
              "runs": {
                "batter": 0,
                "extras": 0,
                "total": 0
              }
            },
            {
              "batter": "KP Navgire",
              "bowler": "A Sutherland",
              "non_striker": "DB Sharma",
              "runs": {
                "batter": 0,
                "extras": 0,
                "total": 0
              }
            },
            {
              "batter": "KP Navgire",
              "bowler": "A Sutherland",
              "non_striker": "DB Sharma",
              "runs": {
                "batter": 1,
                "extras": 0,
                "total": 1
              }
            },
            {
              "batter": "DB Sharma",
              "bowler": "A Sutherland",
              "non_striker": "KP Navgire",
              "runs": {
                "batter": 0,
                "extras": 0,
                "total": 0
              }
            }
          ]
        },
        {
          "over": 5,
          "deliveries": [
            {
              "batter": "KP Navgire",
              "bowler": "TP Kanwar",
              "non_striker": "DB Sharma",
              "runs": {
                "batter": 0,
                "extras": 0,
                "total": 0
              }
            },
            {
              "batter": "KP Navgire",
              "bowler": "TP Kanwar",
              "non_striker": "DB Sharma",
              "runs": {
                "batter": 2,
                "extras": 0,
                "total": 2
              }
            },
            {
              "batter": "KP Navgire",
              "bowler": "TP Kanwar",
              "non_striker": "DB Sharma",
              "runs": {
                "batter": 0,
                "extras": 0,
                "total": 0
              }
            },
            {
              "batter": "KP Navgire",
              "bowler": "TP Kanwar",
              "non_striker": "DB Sharma",
              "runs": {
                "batter": 0,
                "extras": 0,
                "total": 0
              }
            },
            {
              "batter": "KP Navgire",
              "bowler": "TP Kanwar",
              "non_striker": "DB Sharma",
              "runs": {
                "batter": 6,
                "extras": 0,
                "total": 6
              }
            },
            {
              "batter": "KP Navgire",
              "bowler": "TP Kanwar",
              "non_striker": "DB Sharma",
              "runs": {
                "batter": 1,
                "extras": 0,
                "total": 1
              }
            }
          ]
        },
        {
          "over": 6,
          "deliveries": [
            {
              "batter": "KP Navgire",
              "bowler": "A Sutherland",
              "non_striker": "DB Sharma",
              "runs": {
                "batter": 1,
                "extras": 0,
                "total": 1
              }
            },
            {
              "batter": "DB Sharma",
              "bowler": "A Sutherland",
              "non_striker": "KP Navgire",
              "runs": {
                "batter": 1,
                "extras": 0,
                "total": 1
              }
            },
            {
              "batter": "KP Navgire",
              "bowler": "A Sutherland",
              "non_striker": "DB Sharma",
              "runs": {
                "batter": 1,
                "extras": 0,
                "total": 1
              }
            },
            {
              "batter": "DB Sharma",
              "bowler": "A Sutherland",
              "non_striker": "KP Navgire",
              "runs": {
                "batter": 1,
                "extras": 0,
                "total": 1
              }
            },
            {
              "batter": "KP Navgire",
              "bowler": "A Sutherland",
              "non_striker": "DB Sharma",
              "runs": {
                "batter": 4,
                "extras": 0,
                "total": 4
              }
            },
            {
              "batter": "KP Navgire",
              "bowler": "A Sutherland",
              "non_striker": "DB Sharma",
              "runs": {
                "batter": 1,
                "extras": 0,
                "total": 1
              }
            }
          ]
        },
        {
          "over": 7,
          "deliveries": [
            {
              "batter": "KP Navgire",
              "bowler": "A Gardner",
              "non_striker": "DB Sharma",
              "runs": {
                "batter": 0,
                "extras": 0,
                "total": 0
              }
            },
            {
              "batter": "KP Navgire",
              "bowler": "A Gardner",
              "non_striker": "DB Sharma",
              "runs": {
                "batter": 4,
                "extras": 0,
                "total": 4
              }
            },
            {
              "batter": "KP Navgire",
              "bowler": "A Gardner",
              "non_striker": "DB Sharma",
              "runs": {
                "batter": 0,
                "extras": 0,
                "total": 0
              }
            },
            {
              "batter": "KP Navgire",
              "bowler": "A Gardner",
              "non_striker": "DB Sharma",
              "runs": {
                "batter": 1,
                "extras": 0,
                "total": 1
              }
            },
            {
              "batter": "DB Sharma",
              "bowler": "A Gardner",
              "non_striker": "KP Navgire",
              "runs": {
                "batter": 1,
                "extras": 0,
                "total": 1
              }
            },
            {
              "batter": "KP Navgire",
              "bowler": "A Gardner",
              "non_striker": "DB Sharma",
              "runs": {
                "batter": 1,
                "extras": 0,
                "total": 1
              }
            }
          ]
        },
        {
          "over": 8,
          "deliveries": [
            {
              "batter": "KP Navgire",
              "bowler": "S Rana",
              "non_striker": "DB Sharma",
              "runs": {
                "batter": 0,
                "extras": 0,
                "total": 0
              }
            },
            {
              "batter": "KP Navgire",
              "bowler": "S Rana",
              "non_striker": "DB Sharma",
              "runs": {
                "batter": 0,
                "extras": 0,
                "total": 0
              }
            },
            {
              "batter": "KP Navgire",
              "bowler": "S Rana",
              "non_striker": "DB Sharma",
              "runs": {
                "batter": 1,
                "extras": 0,
                "total": 1
              }
            },
            {
              "batter": "DB Sharma",
              "bowler": "S Rana",
              "non_striker": "KP Navgire",
              "runs": {
                "batter": 1,
                "extras": 0,
                "total": 1
              }
            },
            {
              "batter": "KP Navgire",
              "bowler": "S Rana",
              "non_striker": "DB Sharma",
              "runs": {
                "batter": 6,
                "extras": 0,
                "total": 6
              }
            },
            {
              "batter": "KP Navgire",
              "bowler": "S Rana",
              "non_striker": "DB Sharma",
              "runs": {
                "batter": 1,
                "extras": 0,
                "total": 1
              }
            }
          ]
        },
        {
          "over": 9,
          "deliveries": [
            {
              "batter": "KP Navgire",
              "bowler": "M Joshi",
              "non_striker": "DB Sharma",
              "runs": {
                "batter": 1,
                "extras": 0,
                "total": 1
              }
            },
            {
              "batter": "DB Sharma",
              "bowler": "M Joshi",
              "non_striker": "KP Navgire",
              "runs": {
                "batter": 1,
                "extras": 0,
                "total": 1
              }
            },
            {
              "batter": "KP Navgire",
              "bowler": "M Joshi",
              "non_striker": "DB Sharma",
              "runs": {
                "batter": 1,
                "extras": 0,
                "total": 1
              }
            },
            {
              "batter": "DB Sharma",
              "bowler": "M Joshi",
              "non_striker": "KP Navgire",
              "runs": {
                "batter": 2,
                "extras": 0,
                "total": 2
              }
            },
            {
              "batter": "DB Sharma",
              "bowler": "M Joshi",
              "non_striker": "KP Navgire",
              "runs": {
                "batter": 1,
                "extras": 0,
                "total": 1
              }
            },
            {
              "batter": "KP Navgire",
              "bowler": "M Joshi",
              "non_striker": "DB Sharma",
              "runs": {
                "batter": 4,
                "extras": 0,
                "total": 4
              }
            }
          ]
        },
        {
          "over": 10,
          "deliveries": [
            {
              "batter": "DB Sharma",
              "bowler": "S Rana",
              "extras": {
                "byes": 4
              },
              "non_striker": "KP Navgire",
              "runs": {
                "batter": 0,
                "extras": 4,
                "total": 4
              }
            },
            {
              "batter": "DB Sharma",
              "bowler": "S Rana",
              "non_striker": "KP Navgire",
              "runs": {
                "batter": 1,
                "extras": 0,
                "total": 1
              }
            },
            {
              "batter": "KP Navgire",
              "bowler": "S Rana",
              "extras": {
                "wides": 3
              },
              "non_striker": "DB Sharma",
              "runs": {
                "batter": 0,
                "extras": 3,
                "total": 3
              }
            },
            {
              "batter": "KP Navgire",
              "bowler": "S Rana",
              "non_striker": "DB Sharma",
              "runs": {
                "batter": 1,
                "extras": 0,
                "total": 1
              }
            },
            {
              "batter": "DB Sharma",
              "bowler": "S Rana",
              "non_striker": "KP Navgire",
              "runs": {
                "batter": 1,
                "extras": 0,
                "total": 1
              }
            },
            {
              "batter": "KP Navgire",
              "bowler": "S Rana",
              "non_striker": "DB Sharma",
              "runs": {
                "batter": 0,
                "extras": 0,
                "total": 0
              }
            },
            {
              "batter": "KP Navgire",
              "bowler": "S Rana",
              "non_striker": "DB Sharma",
              "runs": {
                "batter": 1,
                "extras": 0,
                "total": 1
              }
            }
          ]
        },
        {
          "over": 11,
          "deliveries": [
            {
              "batter": "KP Navgire",
              "bowler": "M Joshi",
              "non_striker": "DB Sharma",
              "runs": {
                "batter": 1,
                "extras": 0,
                "total": 1
              }
            },
            {
              "batter": "DB Sharma",
              "bowler": "M Joshi",
              "non_striker": "KP Navgire",
              "runs": {
                "batter": 1,
                "extras": 0,
                "total": 1
              }
            },
            {
              "batter": "KP Navgire",
              "bowler": "M Joshi",
              "non_striker": "DB Sharma",
              "runs": {
                "batter": 2,
                "extras": 0,
                "total": 2
              }
            },
            {
              "batter": "KP Navgire",
              "bowler": "M Joshi",
              "non_striker": "DB Sharma",
              "runs": {
                "batter": 1,
                "extras": 0,
                "total": 1
              }
            },
            {
              "batter": "DB Sharma",
              "bowler": "M Joshi",
              "non_striker": "KP Navgire",
              "runs": {
                "batter": 0,
                "extras": 0,
                "total": 0
              }
            },
            {
              "batter": "DB Sharma",
              "bowler": "M Joshi",
              "non_striker": "KP Navgire",
              "runs": {
                "batter": 0,
                "extras": 0,
                "total": 0
              },
              "wickets": [
                {
                  "player_out": "DB Sharma",
                  "kind": "bowled"
                }
              ]
            }
          ]
        },
        {
          "over": 12,
          "deliveries": [
            {
              "batter": "KP Navgire",
              "bowler": "KJ Garth",
              "non_striker": "GM Harris",
              "runs": {
                "batter": 1,
                "extras": 0,
                "total": 1
              }
            },
            {
              "batter": "GM Harris",
              "bowler": "KJ Garth",
              "non_striker": "KP Navgire",
              "runs": {
                "batter": 0,
                "extras": 0,
                "total": 0
              }
            },
            {
              "batter": "GM Harris",
              "bowler": "KJ Garth",
              "non_striker": "KP Navgire",
              "runs": {
                "batter": 1,
                "extras": 0,
                "total": 1
              }
            },
            {
              "batter": "KP Navgire",
              "bowler": "KJ Garth",
              "non_striker": "GM Harris",
              "runs": {
                "batter": 0,
                "extras": 0,
                "total": 0
              },
              "wickets": [
                {
                  "player_out": "KP Navgire",
                  "fielders": [
                    {
                      "name": "S Verma"
                    }
                  ],
                  "kind": "caught"
                }
              ]
            },
            {
              "batter": "Simran Shaikh",
              "bowler": "KJ Garth",
              "non_striker": "GM Harris",
              "runs": {
                "batter": 0,
                "extras": 0,
                "total": 0
              },
              "wickets": [
                {
                  "player_out": "Simran Shaikh",
                  "kind": "bowled"
                }
              ]
            },
            {
              "batter": "DP Vaidya",
              "bowler": "KJ Garth",
              "non_striker": "GM Harris",
              "runs": {
                "batter": 0,
                "extras": 0,
                "total": 0
              }
            }
          ]
        },
        {
          "over": 13,
          "deliveries": [
            {
              "batter": "GM Harris",
              "bowler": "TP Kanwar",
              "non_striker": "DP Vaidya",
              "runs": {
                "batter": 0,
                "extras": 0,
                "total": 0
              }
            },
            {
              "batter": "GM Harris",
              "bowler": "TP Kanwar",
              "non_striker": "DP Vaidya",
              "runs": {
                "batter": 1,
                "extras": 0,
                "total": 1
              }
            },
            {
              "batter": "DP Vaidya",
              "bowler": "TP Kanwar",
              "non_striker": "GM Harris",
              "runs": {
                "batter": 1,
                "extras": 0,
                "total": 1
              }
            },
            {
              "batter": "GM Harris",
              "bowler": "TP Kanwar",
              "non_striker": "DP Vaidya",
              "runs": {
                "batter": 0,
                "extras": 0,
                "total": 0
              }
            },
            {
              "batter": "GM Harris",
              "bowler": "TP Kanwar",
              "non_striker": "DP Vaidya",
              "runs": {
                "batter": 1,
                "extras": 0,
                "total": 1
              }
            },
            {
              "batter": "DP Vaidya",
              "bowler": "TP Kanwar",
              "non_striker": "GM Harris",
              "runs": {
                "batter": 1,
                "extras": 0,
                "total": 1
              }
            }
          ]
        },
        {
          "over": 14,
          "deliveries": [
            {
              "batter": "DP Vaidya",
              "bowler": "A Gardner",
              "non_striker": "GM Harris",
              "runs": {
                "batter": 1,
                "extras": 0,
                "total": 1
              }
            },
            {
              "batter": "GM Harris",
              "bowler": "A Gardner",
              "non_striker": "DP Vaidya",
              "runs": {
                "batter": 1,
                "extras": 0,
                "total": 1
              }
            },
            {
              "batter": "DP Vaidya",
              "bowler": "A Gardner",
              "non_striker": "GM Harris",
              "runs": {
                "batter": 0,
                "extras": 0,
                "total": 0
              }
            },
            {
              "batter": "DP Vaidya",
              "bowler": "A Gardner",
              "non_striker": "GM Harris",
              "runs": {
                "batter": 1,
                "extras": 0,
                "total": 1
              }
            },
            {
              "batter": "GM Harris",
              "bowler": "A Gardner",
              "non_striker": "DP Vaidya",
              "runs": {
                "batter": 4,
                "extras": 0,
                "total": 4
              }
            },
            {
              "batter": "GM Harris",
              "bowler": "A Gardner",
              "non_striker": "DP Vaidya",
              "runs": {
                "batter": 1,
                "extras": 0,
                "total": 1
              }
            }
          ]
        },
        {
          "over": 15,
          "deliveries": [
            {
              "batter": "GM Harris",
              "bowler": "A Sutherland",
              "non_striker": "DP Vaidya",
              "runs": {
                "batter": 0,
                "extras": 0,
                "total": 0
              }
            },
            {
              "batter": "GM Harris",
              "bowler": "A Sutherland",
              "non_striker": "DP Vaidya",
              "runs": {
                "batter": 4,
                "extras": 0,
                "total": 4
              }
            },
            {
              "batter": "GM Harris",
              "bowler": "A Sutherland",
              "non_striker": "DP Vaidya",
              "runs": {
                "batter": 1,
                "extras": 0,
                "total": 1
              }
            },
            {
              "batter": "DP Vaidya",
              "bowler": "A Sutherland",
              "non_striker": "GM Harris",
              "runs": {
                "batter": 0,
                "extras": 0,
                "total": 0
              },
              "wickets": [
                {
                  "player_out": "DP Vaidya",
                  "fielders": [
                    {
                      "name": "D Hemalatha"
                    }
                  ],
                  "kind": "caught"
                }
              ]
            },
            {
              "batter": "S Ecclestone",
              "bowler": "A Sutherland",
              "non_striker": "GM Harris",
              "runs": {
                "batter": 1,
                "extras": 0,
                "total": 1
              }
            },
            {
              "batter": "GM Harris",
              "bowler": "A Sutherland",
              "non_striker": "S Ecclestone",
              "runs": {
                "batter": 1,
                "extras": 0,
                "total": 1
              }
            }
          ]
        },
        {
          "over": 16,
          "deliveries": [
            {
              "batter": "GM Harris",
              "bowler": "TP Kanwar",
              "non_striker": "S Ecclestone",
              "runs": {
                "batter": 1,
                "extras": 0,
                "total": 1
              }
            },
            {
              "batter": "S Ecclestone",
              "bowler": "TP Kanwar",
              "non_striker": "GM Harris",
              "runs": {
                "batter": 0,
                "extras": 0,
                "total": 0
              }
            },
            {
              "batter": "S Ecclestone",
              "bowler": "TP Kanwar",
              "non_striker": "GM Harris",
              "runs": {
                "batter": 1,
                "extras": 0,
                "total": 1
              }
            },
            {
              "batter": "GM Harris",
              "bowler": "TP Kanwar",
              "non_striker": "S Ecclestone",
              "runs": {
                "batter": 1,
                "extras": 0,
                "total": 1
              }
            },
            {
              "batter": "S Ecclestone",
              "bowler": "TP Kanwar",
              "non_striker": "GM Harris",
              "runs": {
                "batter": 1,
                "extras": 0,
                "total": 1
              }
            },
            {
              "batter": "GM Harris",
              "bowler": "TP Kanwar",
              "non_striker": "S Ecclestone",
              "runs": {
                "batter": 6,
                "extras": 0,
                "total": 6
              }
            }
          ]
        },
        {
          "over": 17,
          "deliveries": [
            {
              "batter": "S Ecclestone",
              "bowler": "KJ Garth",
              "non_striker": "GM Harris",
              "runs": {
                "batter": 4,
                "extras": 0,
                "total": 4
              }
            },
            {
              "batter": "S Ecclestone",
              "bowler": "KJ Garth",
              "non_striker": "GM Harris",
              "runs": {
                "batter": 1,
                "extras": 0,
                "total": 1
              }
            },
            {
              "batter": "GM Harris",
              "bowler": "KJ Garth",
              "non_striker": "S Ecclestone",
              "runs": {
                "batter": 4,
                "extras": 0,
                "total": 4
              }
            },
            {
              "batter": "GM Harris",
              "bowler": "KJ Garth",
              "non_striker": "S Ecclestone",
              "runs": {
                "batter": 4,
                "extras": 0,
                "total": 4
              }
            },
            {
              "batter": "GM Harris",
              "bowler": "KJ Garth",
              "non_striker": "S Ecclestone",
              "runs": {
                "batter": 4,
                "extras": 0,
                "total": 4
              }
            },
            {
              "batter": "GM Harris",
              "bowler": "KJ Garth",
              "extras": {
                "noballs": 1
              },
              "non_striker": "S Ecclestone",
              "runs": {
                "batter": 1,
                "extras": 1,
                "total": 2
              }
            },
            {
              "batter": "S Ecclestone",
              "bowler": "KJ Garth",
              "non_striker": "GM Harris",
              "runs": {
                "batter": 1,
                "extras": 0,
                "total": 1
              }
            }
          ]
        },
        {
          "over": 18,
          "deliveries": [
            {
              "batter": "S Ecclestone",
              "bowler": "A Gardner",
              "non_striker": "GM Harris",
              "runs": {
                "batter": 2,
                "extras": 0,
                "total": 2
              }
            },
            {
              "batter": "S Ecclestone",
              "bowler": "A Gardner",
              "non_striker": "GM Harris",
              "runs": {
                "batter": 2,
                "extras": 0,
                "total": 2
              }
            },
            {
              "batter": "S Ecclestone",
              "bowler": "A Gardner",
              "non_striker": "GM Harris",
              "runs": {
                "batter": 6,
                "extras": 0,
                "total": 6
              }
            },
            {
              "batter": "S Ecclestone",
              "bowler": "A Gardner",
              "non_striker": "GM Harris",
              "runs": {
                "batter": 2,
                "extras": 0,
                "total": 2
              }
            },
            {
              "batter": "S Ecclestone",
              "bowler": "A Gardner",
              "non_striker": "GM Harris",
              "runs": {
                "batter": 1,
                "extras": 0,
                "total": 1
              }
            },
            {
              "batter": "GM Harris",
              "bowler": "A Gardner",
              "non_striker": "S Ecclestone",
              "runs": {
                "batter": 1,
                "extras": 0,
                "total": 1
              }
            }
          ]
        },
        {
          "over": 19,
          "deliveries": [
            {
              "batter": "GM Harris",
              "bowler": "A Sutherland",
              "non_striker": "S Ecclestone",
              "runs": {
                "batter": 6,
                "extras": 0,
                "total": 6
              }
            },
            {
              "batter": "GM Harris",
              "bowler": "A Sutherland",
              "extras": {
                "wides": 1
              },
              "non_striker": "S Ecclestone",
              "runs": {
                "batter": 0,
                "extras": 1,
                "total": 1
              }
            },
            {
              "batter": "GM Harris",
              "bowler": "A Sutherland",
              "non_striker": "S Ecclestone",
              "runs": {
                "batter": 2,
                "extras": 0,
                "total": 2
              }
            },
            {
              "batter": "GM Harris",
              "bowler": "A Sutherland",
              "non_striker": "S Ecclestone",
              "runs": {
                "batter": 4,
                "extras": 0,
                "total": 4
              }
            },
            {
              "batter": "GM Harris",
              "bowler": "A Sutherland",
              "extras": {
                "wides": 1
              },
              "non_striker": "S Ecclestone",
              "runs": {
                "batter": 0,
                "extras": 1,
                "total": 1
              }
            },
            {
              "batter": "GM Harris",
              "bowler": "A Sutherland",
              "non_striker": "S Ecclestone",
              "runs": {
                "batter": 4,
                "extras": 0,
                "total": 4
              }
            },
            {
              "batter": "GM Harris",
              "bowler": "A Sutherland",
              "non_striker": "S Ecclestone",
              "runs": {
                "batter": 6,
                "extras": 0,
                "total": 6
              }
            }
          ]
        }
      ],
      "powerplays": [
        {
          "from": 0.1,
          "to": 5.6,
          "type": "mandatory"
        }
      ],
      "target": {
        "overs": 20,
        "runs": 170
      }
    }
  ]
}