{
  "meta": {
    "data_version": "1.1.0",
    "created": "2024-03-12",
    "revision": 1
  },
  "info": {
    "balls_per_over": 6,
    "city": "Delhi",
    "dates": [
      "2024-03-09"
    ],
    "event": {
      "name": "Women's Premier League",
      "match_number": 16
    },
    "gender": "female",
    "match_type": "T20",
    "officials": {
      "match_referees": [
        "GS Lakshmi"
      ],
      "reserve_umpires": [
        "PG Pathak"
      ],
      "tv_umpires": [
        "M Krishnadas"
      ],
      "umpires": [
        "A Bengeri",
        "VG Rathi"
      ]
    },
    "outcome": {
      "winner": "Mumbai Indians",
      "by": {
        "wickets": 7
      }
    },
    "overs": 20,
    "player_of_match": [
      "H Kaur"
    ],
    "players": {
      "Gujarat Giants": [
        "L Wolvaardt",
        "BL Mooney",
        "D Hemalatha",
        "P Litchfield",
        "A Gardner",
        "BS Fulmali",
        "KE Bryce",
        "S Rana",
        "TP Kanwar",
        "Meghna Singh",
        "SM Shakil"
      ],
      "Mumbai Indians": [
        "YH Bhatia",
        "HK Matthews",
        "NR Sciver-Brunt",
        "H Kaur",
        "AC Kerr",
        "AB Kaur",
        "S Sajana",
        "P Vastrakar",
        "HY Kazi",
        "S Ismail",
        "S Ishaque"
      ]
    },
    "registry": {
      "people": {
        "A Bengeri": "c109497d",
        "A Gardner": "bc969efb",
        "AB Kaur": "9565fda6",
        "AC Kerr": "7673c908",
        "BL Mooney": "52d1dbc8",
        "BS Fulmali": "bd8689b0",
        "D Hemalatha": "1d6ff329",
        "GS Lakshmi": "ba8d5615",
        "H Kaur": "53cd8da6",
        "HK Matthews": "d32cf49a",
        "HY Kazi": "16954a36",
        "KE Bryce": "f13d3eba",
        "L Wolvaardt": "e60f81c9",
        "M Krishnadas": "e298c588",
        "Meghna Singh": "f176e421",
        "NR Sciver-Brunt": "f3a18a0c",
        "P Litchfield": "4e6ef14f",
        "P Vastrakar": "8026ea72",
        "PG Pathak": "9f772ec5",
        "S Ishaque": "f2c1f0e5",
        "S Ismail": "108c4c09",
        "S Rana": "c4c374d9",
        "S Sajana": "a4dcac97",
        "SM Shakil": "2803bd53",
        "TP Kanwar": "443c122f",
        "VG Rathi": "144e5b16",
        "YH Bhatia": "9c3d4e8a"
      }
    },
    "season": "2023/24",
    "team_type": "club",
    "teams": [
      "Gujarat Giants",
      "Mumbai Indians"
    ],
    "toss": {
      "decision": "bat",
      "winner": "Gujarat Giants"
    },
    "venue": "Arun Jaitley Stadium, Delhi"
  },
  "innings": [
    {
      "team": "Gujarat Giants",
      "overs": [
        {
          "over": 0,
          "deliveries": [
            {
              "batter": "L Wolvaardt",
              "bowler": "HK Matthews",
              "non_striker": "BL Mooney",
              "runs": {
                "batter": 0,
                "extras": 0,
                "total": 0
              }
            },
            {
              "batter": "L Wolvaardt",
              "bowler": "HK Matthews",
              "non_striker": "BL Mooney",
              "runs": {
                "batter": 0,
                "extras": 0,
                "total": 0
              }
            },
            {
              "batter": "L Wolvaardt",
              "bowler": "HK Matthews",
              "non_striker": "BL Mooney",
              "review": {
                "by": "Gujarat Giants",
                "umpire": "VG Rathi",
                "batter": "L Wolvaardt",
                "decision": "upheld",
                "type": "wicket"
              },
              "runs": {
                "batter": 0,
                "extras": 0,
                "total": 0
              }
            },
            {
              "batter": "L Wolvaardt",
              "bowler": "HK Matthews",
              "non_striker": "BL Mooney",
              "runs": {
                "batter": 0,
                "extras": 0,
                "total": 0
              }
            },
            {
              "batter": "L Wolvaardt",
              "bowler": "HK Matthews",
              "non_striker": "BL Mooney",
              "runs": {
                "batter": 1,
                "extras": 0,
                "total": 1
              }
            },
            {
              "batter": "BL Mooney",
              "bowler": "HK Matthews",
              "non_striker": "L Wolvaardt",
              "runs": {
                "batter": 0,
                "extras": 0,
                "total": 0
              }
            }
          ]
        },
        {
          "over": 1,
          "deliveries": [
            {
              "batter": "L Wolvaardt",
              "bowler": "S Ismail",
              "non_striker": "BL Mooney",
              "runs": {
                "batter": 4,
                "extras": 0,
                "total": 4
              }
            },
            {
              "batter": "L Wolvaardt",
              "bowler": "S Ismail",
              "non_striker": "BL Mooney",
              "runs": {
                "batter": 0,
                "extras": 0,
                "total": 0
              }
            },
            {
              "batter": "L Wolvaardt",
              "bowler": "S Ismail",
              "non_striker": "BL Mooney",
              "runs": {
                "batter": 0,
                "extras": 0,
                "total": 0
              }
            },
            {
              "batter": "L Wolvaardt",
              "bowler": "S Ismail",
              "non_striker": "BL Mooney",
              "runs": {
                "batter": 0,
                "extras": 0,
                "total": 0
              }
            },
            {
              "batter": "L Wolvaardt",
              "bowler": "S Ismail",
              "non_striker": "BL Mooney",
              "runs": {
                "batter": 4,
                "extras": 0,
                "total": 4
              }
            },
            {
              "batter": "L Wolvaardt",
              "bowler": "S Ismail",
              "non_striker": "BL Mooney",
              "runs": {
                "batter": 0,
                "extras": 0,
                "total": 0
              }
            }
          ]
        },
        {
          "over": 2,
          "deliveries": [
            {
              "batter": "BL Mooney",
              "bowler": "HK Matthews",
              "non_striker": "L Wolvaardt",
              "runs": {
                "batter": 4,
                "extras": 0,
                "total": 4
              }
            },
            {
              "batter": "BL Mooney",
              "bowler": "HK Matthews",
              "non_striker": "L Wolvaardt",
              "runs": {
                "batter": 1,
                "extras": 0,
                "total": 1
              }
            },
            {
              "batter": "L Wolvaardt",
              "bowler": "HK Matthews",
              "non_striker": "BL Mooney",
              "runs": {
                "batter": 4,
                "extras": 0,
                "total": 4
              }
            },
            {
              "batter": "L Wolvaardt",
              "bowler": "HK Matthews",
              "non_striker": "BL Mooney",
              "runs": {
                "batter": 0,
                "extras": 0,
                "total": 0
              }
            },
            {
              "batter": "L Wolvaardt",
              "bowler": "HK Matthews",
              "non_striker": "BL Mooney",
              "runs": {
                "batter": 0,
                "extras": 0,
                "total": 0
              },
              "wickets": [
                {
                  "player_out": "L Wolvaardt",
                  "kind": "bowled"
                }
              ]
            },
            {
              "batter": "D Hemalatha",
              "bowler": "HK Matthews",
              "non_striker": "BL Mooney",
              "runs": {
                "batter": 1,
                "extras": 0,
                "total": 1
              }
            }
          ]
        },
        {
          "over": 3,
          "deliveries": [
            {
              "batter": "D Hemalatha",
              "bowler": "S Ismail",
              "non_striker": "BL Mooney",
              "runs": {
                "batter": 0,
                "extras": 0,
                "total": 0
              }
            },
            {
              "batter": "D Hemalatha",
              "bowler": "S Ismail",
              "non_striker": "BL Mooney",
              "runs": {
                "batter": 1,
                "extras": 0,
                "total": 1
              }
            },
            {
              "batter": "BL Mooney",
              "bowler": "S Ismail",
              "non_striker": "D Hemalatha",
              "runs": {
                "batter": 0,
                "extras": 0,
                "total": 0
              }
            },
            {
              "batter": "BL Mooney",
              "bowler": "S Ismail",
              "non_striker": "D Hemalatha",
              "runs": {
                "batter": 4,
                "extras": 0,
                "total": 4
              }
            },
            {
              "batter": "BL Mooney",
              "bowler": "S Ismail",
              "non_striker": "D Hemalatha",
              "runs": {
                "batter": 4,
                "extras": 0,
                "total": 4
              }
            },
            {
              "batter": "BL Mooney",
              "bowler": "S Ismail",
              "non_striker": "D Hemalatha",
              "runs": {
                "batter": 0,
                "extras": 0,
                "total": 0
              }
            }
          ]
        },
        {
          "over": 4,
          "deliveries": [
            {
              "batter": "D Hemalatha",
              "bowler": "S Ishaque",
              "non_striker": "BL Mooney",
              "runs": {
                "batter": 1,
                "extras": 0,
                "total": 1
              }
            },
            {
              "batter": "BL Mooney",
              "bowler": "S Ishaque",
              "non_striker": "D Hemalatha",
              "runs": {
                "batter": 1,
                "extras": 0,
                "total": 1
              }
            },
            {
              "batter": "D Hemalatha",
              "bowler": "S Ishaque",
              "non_striker": "BL Mooney",
              "runs": {
                "batter": 4,
                "extras": 0,
                "total": 4
              }
            },
            {
              "batter": "D Hemalatha",
              "bowler": "S Ishaque",
              "non_striker": "BL Mooney",
              "runs": {
                "batter": 1,
                "extras": 0,
                "total": 1
              }
            },
            {
              "batter": "BL Mooney",
              "bowler": "S Ishaque",
              "non_striker": "D Hemalatha",
              "runs": {
                "batter": 4,
                "extras": 0,
                "total": 4
              }
            },
            {
              "batter": "BL Mooney",
              "bowler": "S Ishaque",
              "non_striker": "D Hemalatha",
              "runs": {
                "batter": 0,
                "extras": 0,
                "total": 0
              }
            }
          ]
        },
        {
          "over": 5,
          "deliveries": [
            {
              "batter": "D Hemalatha",
              "bowler": "NR Sciver-Brunt",
              "non_striker": "BL Mooney",
              "runs": {
                "batter": 5,
                "extras": 0,
                "total": 5
              }
            },
            {
              "batter": "BL Mooney",
              "bowler": "NR Sciver-Brunt",
              "non_striker": "D Hemalatha",
              "runs": {
                "batter": 6,
                "extras": 0,
                "total": 6
              }
            },
            {
              "batter": "BL Mooney",
              "bowler": "NR Sciver-Brunt",
              "non_striker": "D Hemalatha",
              "runs": {
                "batter": 0,
                "extras": 0,
                "total": 0
              }
            },
            {
              "batter": "BL Mooney",
              "bowler": "NR Sciver-Brunt",
              "non_striker": "D Hemalatha",
              "runs": {
                "batter": 0,
                "extras": 0,
                "total": 0
              }
            },
            {
              "batter": "BL Mooney",
              "bowler": "NR Sciver-Brunt",
              "non_striker": "D Hemalatha",
              "runs": {
                "batter": 1,
                "extras": 0,
                "total": 1
              }
            },
            {
              "batter": "D Hemalatha",
              "bowler": "NR Sciver-Brunt",
              "non_striker": "BL Mooney",
              "runs": {
                "batter": 1,
                "extras": 0,
                "total": 1
              }
            }
          ]
        },
        {
          "over": 6,
          "deliveries": [
            {
              "batter": "D Hemalatha",
              "bowler": "P Vastrakar",
              "non_striker": "BL Mooney",
              "runs": {
                "batter": 1,
                "extras": 0,
                "total": 1
              }
            },
            {
              "batter": "BL Mooney",
              "bowler": "P Vastrakar",
              "extras": {
                "wides": 1
              },
              "non_striker": "D Hemalatha",
              "runs": {
                "batter": 0,
                "extras": 1,
                "total": 1
              }
            },
            {
              "batter": "BL Mooney",
              "bowler": "P Vastrakar",
              "non_striker": "D Hemalatha",
              "runs": {
                "batter": 1,
                "extras": 0,
                "total": 1
              }
            },
            {
              "batter": "D Hemalatha",
              "bowler": "P Vastrakar",
              "non_striker": "BL Mooney",
              "runs": {
                "batter": 1,
                "extras": 0,
                "total": 1
              }
            },
            {
              "batter": "BL Mooney",
              "bowler": "P Vastrakar",
              "non_striker": "D Hemalatha",
              "runs": {
                "batter": 4,
                "extras": 0,
                "total": 4
              }
            },
            {
              "batter": "BL Mooney",
              "bowler": "P Vastrakar",
              "non_striker": "D Hemalatha",
              "runs": {
                "batter": 1,
                "extras": 0,
                "total": 1
              }
            },
            {
              "batter": "D Hemalatha",
              "bowler": "P Vastrakar",
              "non_striker": "BL Mooney",
              "runs": {
                "batter": 4,
                "extras": 0,
                "total": 4
              }
            }
          ]
        },
        {
          "over": 7,
          "deliveries": [
            {
              "batter": "BL Mooney",
              "bowler": "HK Matthews",
              "non_striker": "D Hemalatha",
              "runs": {
                "batter": 4,
                "extras": 0,
                "total": 4
              }
            },
            {
              "batter": "BL Mooney",
              "bowler": "HK Matthews",
              "non_striker": "D Hemalatha",
              "runs": {
                "batter": 0,
                "extras": 0,
                "total": 0
              }
            },
            {
              "batter": "BL Mooney",
              "bowler": "HK Matthews",
              "non_striker": "D Hemalatha",
              "runs": {
                "batter": 1,
                "extras": 0,
                "total": 1
              }
            },
            {
              "batter": "D Hemalatha",
              "bowler": "HK Matthews",
              "non_striker": "BL Mooney",
              "runs": {
                "batter": 1,
                "extras": 0,
                "total": 1
              }
            },
            {
              "batter": "BL Mooney",
              "bowler": "HK Matthews",
              "non_striker": "D Hemalatha",
              "runs": {
                "batter": 4,
                "extras": 0,
                "total": 4
              }
            },
            {
              "batter": "BL Mooney",
              "bowler": "HK Matthews",
              "non_striker": "D Hemalatha",
              "runs": {
                "batter": 1,
                "extras": 0,
                "total": 1
              }
            }
          ]
        },
        {
          "over": 8,
          "deliveries": [
            {
              "batter": "BL Mooney",
              "bowler": "AB Kaur",
              "non_striker": "D Hemalatha",
              "runs": {
                "batter": 4,
                "extras": 0,
                "total": 4
              }
            },
            {
              "batter": "BL Mooney",
              "bowler": "AB Kaur",
              "non_striker": "D Hemalatha",
              "runs": {
                "batter": 1,
                "extras": 0,
                "total": 1
              }
            },
            {
              "batter": "D Hemalatha",
              "bowler": "AB Kaur",
              "non_striker": "BL Mooney",
              "runs": {
                "batter": 0,
                "extras": 0,
                "total": 0
              }
            },
            {
              "batter": "D Hemalatha",
              "bowler": "AB Kaur",
              "non_striker": "BL Mooney",
              "runs": {
                "batter": 0,
                "extras": 0,
                "total": 0
              }
            },
            {
              "batter": "D Hemalatha",
              "bowler": "AB Kaur",
              "non_striker": "BL Mooney",
              "runs": {
                "batter": 4,
                "extras": 0,
                "total": 4
              }
            },
            {
              "batter": "D Hemalatha",
              "bowler": "AB Kaur",
              "non_striker": "BL Mooney",
              "runs": {
                "batter": 1,
                "extras": 0,
                "total": 1
              }
            }
          ]
        },
        {
          "over": 9,
          "deliveries": [
            {
              "batter": "D Hemalatha",
              "bowler": "AC Kerr",
              "non_striker": "BL Mooney",
              "runs": {
                "batter": 4,
                "extras": 0,
                "total": 4
              }
            },
            {
              "batter": "D Hemalatha",
              "bowler": "AC Kerr",
              "non_striker": "BL Mooney",
              "runs": {
                "batter": 0,
                "extras": 0,
                "total": 0
              }
            },
            {
              "batter": "D Hemalatha",
              "bowler": "AC Kerr",
              "non_striker": "BL Mooney",
              "runs": {
                "batter": 6,
                "extras": 0,
                "total": 6
              }
            },
            {
              "batter": "D Hemalatha",
              "bowler": "AC Kerr",
              "non_striker": "BL Mooney",
              "runs": {
                "batter": 0,
                "extras": 0,
                "total": 0
              }
            },
            {
              "batter": "D Hemalatha",
              "bowler": "AC Kerr",
              "non_striker": "BL Mooney",
              "runs": {
                "batter": 4,
                "extras": 0,
                "total": 4
              }
            },
            {
              "batter": "D Hemalatha",
              "bowler": "AC Kerr",
              "non_striker": "BL Mooney",
              "runs": {
                "batter": 1,
                "extras": 0,
                "total": 1
              }
            }
          ]
        },
        {
          "over": 10,
          "deliveries": [
            {
              "batter": "D Hemalatha",
              "bowler": "S Ismail",
              "non_striker": "BL Mooney",
              "runs": {
                "batter": 1,
                "extras": 0,
                "total": 1
              }
            },
            {
              "batter": "BL Mooney",
              "bowler": "S Ismail",
              "non_striker": "D Hemalatha",
              "runs": {
                "batter": 1,
                "extras": 0,
                "total": 1
              }
            },
            {
              "batter": "D Hemalatha",
              "bowler": "S Ismail",
              "non_striker": "BL Mooney",
              "runs": {
                "batter": 1,
                "extras": 0,
                "total": 1
              }
            },
            {
              "batter": "BL Mooney",
              "bowler": "S Ismail",
              "non_striker": "D Hemalatha",
              "runs": {
                "batter": 2,
                "extras": 0,
                "total": 2
              }
            },
            {
              "batter": "BL Mooney",
              "bowler": "S Ismail",
              "non_striker": "D Hemalatha",
              "runs": {
                "batter": 1,
                "extras": 0,
                "total": 1
              }
            },
            {
              "batter": "D Hemalatha",
              "bowler": "S Ismail",
              "non_striker": "BL Mooney",
              "runs": {
                "batter": 4,
                "extras": 0,
                "total": 4
              }
            }
          ]
        },
        {
          "over": 11,
          "deliveries": [
            {
              "batter": "BL Mooney",
              "bowler": "P Vastrakar",
              "non_striker": "D Hemalatha",
              "runs": {
                "batter": 6,
                "extras": 0,
                "total": 6
              }
            },
            {
              "batter": "BL Mooney",
              "bowler": "P Vastrakar",
              "non_striker": "D Hemalatha",
              "runs": {
                "batter": 1,
                "extras": 0,
                "total": 1
              }
            },
            {
              "batter": "D Hemalatha",
              "bowler": "P Vastrakar",
              "non_striker": "BL Mooney",
              "runs": {
                "batter": 1,
                "extras": 0,
                "total": 1
              }
            },
            {
              "batter": "BL Mooney",
              "bowler": "P Vastrakar",
              "non_striker": "D Hemalatha",
              "runs": {
                "batter": 6,
                "extras": 0,
                "total": 6
              }
            },
            {
              "batter": "BL Mooney",
              "bowler": "P Vastrakar",
              "non_striker": "D Hemalatha",
              "runs": {
                "batter": 1,
                "extras": 0,
                "total": 1
              }
            },
            {
              "batter": "D Hemalatha",
              "bowler": "P Vastrakar",
              "non_striker": "BL Mooney",
              "runs": {
                "batter": 1,
                "extras": 0,
                "total": 1
              }
            }
          ]
        },
        {
          "over": 12,
          "deliveries": [
            {
              "batter": "D Hemalatha",
              "bowler": "NR Sciver-Brunt",
              "non_striker": "BL Mooney",
              "runs": {
                "batter": 1,
                "extras": 0,
                "total": 1
              }
            },
            {
              "batter": "BL Mooney",
              "bowler": "NR Sciver-Brunt",
              "non_striker": "D Hemalatha",
              "runs": {
                "batter": 1,
                "extras": 0,
                "total": 1
              }
            },
            {
              "batter": "D Hemalatha",
              "bowler": "NR Sciver-Brunt",
              "non_striker": "BL Mooney",
              "runs": {
                "batter": 6,
                "extras": 0,
                "total": 6
              }
            },
            {
              "batter": "D Hemalatha",
              "bowler": "NR Sciver-Brunt",
              "non_striker": "BL Mooney",
              "runs": {
                "batter": 1,
                "extras": 0,
                "total": 1
              }
            },
            {
              "batter": "BL Mooney",
              "bowler": "NR Sciver-Brunt",
              "extras": {
                "legbyes": 2
              },
              "non_striker": "D Hemalatha",
              "runs": {
                "batter": 0,
                "extras": 2,
                "total": 2
              }
            },
            {
              "batter": "BL Mooney",
              "bowler": "NR Sciver-Brunt",
              "non_striker": "D Hemalatha",
              "runs": {
                "batter": 1,
                "extras": 0,
                "total": 1
              }
            }
          ]
        },
        {
          "over": 13,
          "deliveries": [
            {
              "batter": "BL Mooney",
              "bowler": "S Sajana",
              "non_striker": "D Hemalatha",
              "runs": {
                "batter": 0,
                "extras": 0,
                "total": 0
              },
              "wickets": [
                {
                  "player_out": "BL Mooney",
                  "kind": "bowled"
                }
              ]
            },
            {
              "batter": "P Litchfield",
              "bowler": "S Sajana",
              "non_striker": "D Hemalatha",
              "runs": {
                "batter": 1,
                "extras": 0,
                "total": 1
              }
            },
            {
              "batter": "D Hemalatha",
              "bowler": "S Sajana",
              "non_striker": "P Litchfield",
              "runs": {
                "batter": 4,
                "extras": 0,
                "total": 4
              }
            },
            {
              "batter": "D Hemalatha",
              "bowler": "S Sajana",
              "non_striker": "P Litchfield",
              "runs": {
                "batter": 4,
                "extras": 0,
                "total": 4
              }
            },
            {
              "batter": "D Hemalatha",
              "bowler": "S Sajana",
              "non_striker": "P Litchfield",
              "runs": {
                "batter": 1,
                "extras": 0,
                "total": 1
              }
            },
            {
              "batter": "P Litchfield",
              "bowler": "S Sajana",
              "non_striker": "D Hemalatha",
              "runs": {
                "batter": 1,
                "extras": 0,
                "total": 1
              }
            }
          ]
        },
        {
          "over": 14,
          "deliveries": [
            {
              "batter": "P Litchfield",
              "bowler": "S Ishaque",
              "non_striker": "D Hemalatha",
              "runs": {
                "batter": 1,
                "extras": 0,
                "total": 1
              }
            },
            {
              "batter": "D Hemalatha",
              "bowler": "S Ishaque",
              "non_striker": "P Litchfield",
              "runs": {
                "batter": 1,
                "extras": 0,
                "total": 1
              }
            },
            {
              "batter": "P Litchfield",
              "bowler": "S Ishaque",
              "non_striker": "D Hemalatha",
              "runs": {
                "batter": 0,
                "extras": 0,
                "total": 0
              },
              "wickets": [
                {
                  "player_out": "P Litchfield",
                  "fielders": [
                    {
                      "name": "H Kaur"
                    }
                  ],
                  "kind": "caught"
                }
              ]
            },
            {
              "batter": "A Gardner",
              "bowler": "S Ishaque",
              "non_striker": "D Hemalatha",
              "runs": {
                "batter": 1,
                "extras": 0,
                "total": 1
              }
            },
            {
              "batter": "D Hemalatha",
              "bowler": "S Ishaque",
              "non_striker": "A Gardner",
              "runs": {
                "batter": 1,
                "extras": 0,
                "total": 1
              }
            },
            {
              "batter": "A Gardner",
              "bowler": "S Ishaque",
              "non_striker": "D Hemalatha",
              "runs": {
                "batter": 0,
                "extras": 0,
                "total": 0
              }
            }
          ]
        },
        {
          "over": 15,
          "deliveries": [
            {
              "batter": "D Hemalatha",
              "bowler": "P Vastrakar",
              "non_striker": "A Gardner",
              "runs": {
                "batter": 0,
                "extras": 0,
                "total": 0
              }
            },
            {
              "batter": "D Hemalatha",
              "bowler": "P Vastrakar",
              "non_striker": "A Gardner",
              "runs": {
                "batter": 4,
                "extras": 0,
                "total": 4
              }
            },
            {
              "batter": "D Hemalatha",
              "bowler": "P Vastrakar",
              "non_striker": "A Gardner",
              "runs": {
                "batter": 1,
                "extras": 0,
                "total": 1
              }
            },
            {
              "batter": "A Gardner",
              "bowler": "P Vastrakar",
              "non_striker": "D Hemalatha",
              "runs": {
                "batter": 0,
                "extras": 0,
                "total": 0
              },
              "wickets": [
                {
                  "player_out": "A Gardner",
                  "kind": "bowled"
                }
              ]
            },
            {
              "batter": "BS Fulmali",
              "bowler": "P Vastrakar",
              "non_striker": "D Hemalatha",
              "runs": {
                "batter": 0,
                "extras": 0,
                "total": 0
              }
            },
            {
              "batter": "BS Fulmali",
              "bowler": "P Vastrakar",
              "non_striker": "D Hemalatha",
              "runs": {
                "batter": 1,
                "extras": 0,
                "total": 1
              }
            }
          ]
        },
        {
          "over": 16,
          "deliveries": [
            {
              "batter": "BS Fulmali",
              "bowler": "S Ismail",
              "non_striker": "D Hemalatha",
              "runs": {
                "batter": 1,
                "extras": 0,
                "total": 1
              }
            },
            {
              "batter": "D Hemalatha",
              "bowler": "S Ismail",
              "non_striker": "BS Fulmali",
              "runs": {
                "batter": 1,
                "extras": 0,
                "total": 1
              }
            },
            {
              "batter": "BS Fulmali",
              "bowler": "S Ismail",
              "non_striker": "D Hemalatha",
              "runs": {
                "batter": 1,
                "extras": 0,
                "total": 1
              }
            },
            {
              "batter": "D Hemalatha",
              "bowler": "S Ismail",
              "non_striker": "BS Fulmali",
              "runs": {
                "batter": 0,
                "extras": 0,
                "total": 0
              },
              "wickets": [
                {
                  "player_out": "D Hemalatha",
                  "fielders": [
                    {
                      "name": "AB Kaur"
                    }
                  ],
                  "kind": "caught"
                }
              ]
            },
            {
              "batter": "KE Bryce",
              "bowler": "S Ismail",
              "non_striker": "BS Fulmali",
              "runs": {
                "batter": 0,
                "extras": 0,
                "total": 0
              }
            },
            {
              "batter": "KE Bryce",
              "bowler": "S Ismail",
              "non_striker": "BS Fulmali",
              "runs": {
                "batter": 0,
                "extras": 0,
                "total": 0
              }
            }
          ]
        },
        {
          "over": 17,
          "deliveries": [
            {
              "batter": "BS Fulmali",
              "bowler": "S Ishaque",
              "non_striker": "KE Bryce",
              "runs": {
                "batter": 2,
                "extras": 0,
                "total": 2
              }
            },
            {
              "batter": "BS Fulmali",
              "bowler": "S Ishaque",
              "non_striker": "KE Bryce",
              "runs": {
                "batter": 1,
                "extras": 0,
                "total": 1
              }
            },
            {
              "batter": "KE Bryce",
              "bowler": "S Ishaque",
              "non_striker": "BS Fulmali",
              "runs": {
                "batter": 1,
                "extras": 0,
                "total": 1
              }
            },
            {
              "batter": "BS Fulmali",
              "bowler": "S Ishaque",
              "non_striker": "KE Bryce",
              "runs": {
                "batter": 1,
                "extras": 0,
                "total": 1
              }
            },
            {
              "batter": "KE Bryce",
              "bowler": "S Ishaque",
              "non_striker": "BS Fulmali",
              "runs": {
                "batter": 0,
                "extras": 0,
                "total": 0
              }
            },
            {
              "batter": "KE Bryce",
              "bowler": "S Ishaque",
              "non_striker": "BS Fulmali",
              "runs": {
                "batter": 1,
                "extras": 0,
                "total": 1
              }
            }
          ]
        },
        {
          "over": 18,
          "deliveries": [
            {
              "batter": "KE Bryce",
              "bowler": "P Vastrakar",
              "non_striker": "BS Fulmali",
              "runs": {
                "batter": 4,
                "extras": 0,
                "total": 4
              }
            },
            {
              "batter": "KE Bryce",
              "bowler": "P Vastrakar",
              "non_striker": "BS Fulmali",
              "runs": {
                "batter": 1,
                "extras": 0,
                "total": 1
              }
            },
            {
              "batter": "BS Fulmali",
              "bowler": "P Vastrakar",
              "non_striker": "KE Bryce",
              "runs": {
                "batter": 0,
                "extras": 0,
                "total": 0
              }
            },
            {
              "batter": "BS Fulmali",
              "bowler": "P Vastrakar",
              "non_striker": "KE Bryce",
              "runs": {
                "batter": 4,
                "extras": 0,
                "total": 4
              }
            },
            {
              "batter": "BS Fulmali",
              "bowler": "P Vastrakar",
              "non_striker": "KE Bryce",
              "runs": {
                "batter": 1,
                "extras": 0,
                "total": 1
              }
            },
            {
              "batter": "KE Bryce",
              "bowler": "P Vastrakar",
              "non_striker": "BS Fulmali",
              "runs": {
                "batter": 0,
                "extras": 0,
                "total": 0
              },
              "wickets": [
                {
                  "player_out": "KE Bryce",
                  "fielders": [
                    {
                      "name": "S Sajana"
                    }
                  ],
                  "kind": "run out"
                }
              ]
            }
          ]
        },
        {
          "over": 19,
          "deliveries": [
            {
              "batter": "S Rana",
              "bowler": "S Ishaque",
              "non_striker": "BS Fulmali",
              "runs": {
                "batter": 1,
                "extras": 0,
                "total": 1
              }
            },
            {
              "batter": "BS Fulmali",
              "bowler": "S Ishaque",
              "non_striker": "S Rana",
              "runs": {
                "batter": 1,
                "extras": 0,
                "total": 1
              }
            },
            {
              "batter": "S Rana",
              "bowler": "S Ishaque",
              "non_striker": "BS Fulmali",
              "runs": {
                "batter": 0,
                "extras": 0,
                "total": 0
              },
              "wickets": [
                {
                  "player_out": "S Rana",
                  "fielders": [
                    {
                      "name": "AB Kaur"
                    }
                  ],
                  "kind": "caught"
                }
              ]
            },
            {
              "batter": "TP Kanwar",
              "bowler": "S Ishaque",
              "extras": {
                "legbyes": 1
              },
              "non_striker": "BS Fulmali",
              "review": {
                "by": "Mumbai Indians",
                "umpire": "A Bengeri",
                "batter": "TP Kanwar",
                "decision": "struck down",
                "type": "wicket"
              },
              "runs": {
                "batter": 0,
                "extras": 1,
                "total": 1
              }
            },
            {
              "batter": "BS Fulmali",
              "bowler": "S Ishaque",
              "non_striker": "TP Kanwar",
              "runs": {
                "batter": 6,
                "extras": 0,
                "total": 6
              }
            },
            {
              "batter": "BS Fulmali",
              "bowler": "S Ishaque",
              "non_striker": "TP Kanwar",
              "runs": {
                "batter": 2,
                "extras": 0,
                "total": 2
              }
            }
          ]
        }
      ],
      "powerplays": [
        {
          "from": 0.1,
          "to": 5.6,
          "type": "mandatory"
        }
      ]
    },
    {
      "team": "Mumbai Indians",
      "overs": [
        {
          "over": 0,
          "deliveries": [
            {
              "batter": "YH Bhatia",
              "bowler": "A Gardner",
              "extras": {
                "byes": 4
              },
              "non_striker": "HK Matthews",
              "runs": {
                "batter": 0,
                "extras": 4,
                "total": 4
              }
            },
            {
              "batter": "YH Bhatia",
              "bowler": "A Gardner",
              "non_striker": "HK Matthews",
              "runs": {
                "batter": 1,
                "extras": 0,
                "total": 1
              }
            },
            {
              "batter": "HK Matthews",
              "bowler": "A Gardner",
              "non_striker": "YH Bhatia",
              "runs": {
                "batter": 0,
                "extras": 0,
                "total": 0
              }
            },
            {
              "batter": "HK Matthews",
              "bowler": "A Gardner",
              "non_striker": "YH Bhatia",
              "runs": {
                "batter": 0,
                "extras": 0,
                "total": 0
              }
            },
            {
              "batter": "HK Matthews",
              "bowler": "A Gardner",
              "non_striker": "YH Bhatia",
              "runs": {
                "batter": 0,
                "extras": 0,
                "total": 0
              }
            },
            {
              "batter": "HK Matthews",
              "bowler": "A Gardner",
              "non_striker": "YH Bhatia",
              "runs": {
                "batter": 0,
                "extras": 0,
                "total": 0
              }
            }
          ]
        },
        {
          "over": 1,
          "deliveries": [
            {
              "batter": "YH Bhatia",
              "bowler": "KE Bryce",
              "non_striker": "HK Matthews",
              "runs": {
                "batter": 4,
                "extras": 0,
                "total": 4
              }
            },
            {
              "batter": "YH Bhatia",
              "bowler": "KE Bryce",
              "non_striker": "HK Matthews",
              "runs": {
                "batter": 6,
                "extras": 0,
                "total": 6
              }
            },
            {
              "batter": "YH Bhatia",
              "bowler": "KE Bryce",
              "non_striker": "HK Matthews",
              "runs": {
                "batter": 1,
                "extras": 0,
                "total": 1
              }
            },
            {
              "batter": "HK Matthews",
              "bowler": "KE Bryce",
              "non_striker": "YH Bhatia",
              "runs": {
                "batter": 0,
                "extras": 0,
                "total": 0
              }
            },
            {
              "batter": "HK Matthews",
              "bowler": "KE Bryce",
              "non_striker": "YH Bhatia",
              "runs": {
                "batter": 0,
                "extras": 0,
                "total": 0
              }
            },
            {
              "batter": "HK Matthews",
              "bowler": "KE Bryce",
              "non_striker": "YH Bhatia",
              "runs": {
                "batter": 0,
                "extras": 0,
                "total": 0
              }
            }
          ]
        },
        {
          "over": 2,
          "deliveries": [
            {
              "batter": "YH Bhatia",
              "bowler": "TP Kanwar",
              "non_striker": "HK Matthews",
              "runs": {
                "batter": 0,
                "extras": 0,
                "total": 0
              }
            },
            {
              "batter": "YH Bhatia",
              "bowler": "TP Kanwar",
              "non_striker": "HK Matthews",
              "runs": {
                "batter": 0,
                "extras": 0,
                "total": 0
              }
            },
            {
              "batter": "YH Bhatia",
              "bowler": "TP Kanwar",
              "non_striker": "HK Matthews",
              "runs": {
                "batter": 0,
                "extras": 0,
                "total": 0
              }
            },
            {
              "batter": "YH Bhatia",
              "bowler": "TP Kanwar",
              "non_striker": "HK Matthews",
              "runs": {
                "batter": 0,
                "extras": 0,
                "total": 0
              }
            },
            {
              "batter": "YH Bhatia",
              "bowler": "TP Kanwar",
              "non_striker": "HK Matthews",
              "runs": {
                "batter": 4,
                "extras": 0,
                "total": 4
              }
            },
            {
              "batter": "YH Bhatia",
              "bowler": "TP Kanwar",
              "non_striker": "HK Matthews",
              "runs": {
                "batter": 1,
                "extras": 0,
                "total": 1
              }
            }
          ]
        },
        {
          "over": 3,
          "deliveries": [
            {
              "batter": "YH Bhatia",
              "bowler": "KE Bryce",
              "non_striker": "HK Matthews",
              "runs": {
                "batter": 1,
                "extras": 0,
                "total": 1
              }
            },
            {
              "batter": "HK Matthews",
              "bowler": "KE Bryce",
              "non_striker": "YH Bhatia",
              "runs": {
                "batter": 0,
                "extras": 0,
                "total": 0
              }
            },
            {
              "batter": "HK Matthews",
              "bowler": "KE Bryce",
              "non_striker": "YH Bhatia",
              "runs": {
                "batter": 4,
                "extras": 0,
                "total": 4
              }
            },
            {
              "batter": "HK Matthews",
              "bowler": "KE Bryce",
              "non_striker": "YH Bhatia",
              "runs": {
                "batter": 0,
                "extras": 0,
                "total": 0
              }
            },
            {
              "batter": "HK Matthews",
              "bowler": "KE Bryce",
              "non_striker": "YH Bhatia",
              "runs": {
                "batter": 4,
                "extras": 0,
                "total": 4
              }
            },
            {
              "batter": "HK Matthews",
              "bowler": "KE Bryce",
              "non_striker": "YH Bhatia",
              "runs": {
                "batter": 4,
                "extras": 0,
                "total": 4
              }
            }
          ]
        },
        {
          "over": 4,
          "deliveries": [
            {
              "batter": "YH Bhatia",
              "bowler": "Meghna Singh",
              "non_striker": "HK Matthews",
              "runs": {
                "batter": 0,
                "extras": 0,
                "total": 0
              }
            },
            {
              "batter": "YH Bhatia",
              "bowler": "Meghna Singh",
              "non_striker": "HK Matthews",
              "runs": {
                "batter": 4,
                "extras": 0,
                "total": 4
              }
            },
            {
              "batter": "YH Bhatia",
              "bowler": "Meghna Singh",
              "extras": {
                "wides": 2
              },
              "non_striker": "HK Matthews",
              "runs": {
                "batter": 0,
                "extras": 2,
                "total": 2
              }
            },
            {
              "batter": "HK Matthews",
              "bowler": "Meghna Singh",
              "non_striker": "YH Bhatia",
              "runs": {
                "batter": 0,
                "extras": 0,
                "total": 0
              }
            },
            {
              "batter": "HK Matthews",
              "bowler": "Meghna Singh",
              "non_striker": "YH Bhatia",
              "runs": {
                "batter": 0,
                "extras": 0,
                "total": 0
              }
            },
            {
              "batter": "HK Matthews",
              "bowler": "Meghna Singh",
              "non_striker": "YH Bhatia",
              "runs": {
                "batter": 1,
                "extras": 0,
                "total": 1
              }
            },
            {
              "batter": "YH Bhatia",
              "bowler": "Meghna Singh",
              "non_striker": "HK Matthews",
              "runs": {
                "batter": 4,
                "extras": 0,
                "total": 4
              }
            }
          ]
        },
        {
          "over": 5,
          "deliveries": [
            {
              "batter": "HK Matthews",
              "bowler": "A Gardner",
              "non_striker": "YH Bhatia",
              "runs": {
                "batter": 0,
                "extras": 0,
                "total": 0
              }
            },
            {
              "batter": "HK Matthews",
              "bowler": "A Gardner",
              "non_striker": "YH Bhatia",
              "runs": {
                "batter": 4,
                "extras": 0,
                "total": 4
              }
            },
            {
              "batter": "HK Matthews",
              "bowler": "A Gardner",
              "non_striker": "YH Bhatia",
              "runs": {
                "batter": 1,
                "extras": 0,
                "total": 1
              }
            },
            {
              "batter": "YH Bhatia",
              "bowler": "A Gardner",
              "non_striker": "HK Matthews",
              "runs": {
                "batter": 0,
                "extras": 0,
                "total": 0
              }
            },
            {
              "batter": "YH Bhatia",
              "bowler": "A Gardner",
              "non_striker": "HK Matthews",
              "runs": {
                "batter": 0,
                "extras": 0,
                "total": 0
              }
            },
            {
              "batter": "YH Bhatia",
              "bowler": "A Gardner",
              "non_striker": "HK Matthews",
              "runs": {
                "batter": 0,
                "extras": 0,
                "total": 0
              }
            }
          ]
        },
        {
          "over": 6,
          "deliveries": [
            {
              "batter": "HK Matthews",
              "bowler": "TP Kanwar",
              "non_striker": "YH Bhatia",
              "runs": {
                "batter": 0,
                "extras": 0,
                "total": 0
              }
            },
            {
              "batter": "HK Matthews",
              "bowler": "TP Kanwar",
              "non_striker": "YH Bhatia",
              "runs": {
                "batter": 0,
                "extras": 0,
                "total": 0
              }
            },
            {
              "batter": "HK Matthews",
              "bowler": "TP Kanwar",
              "non_striker": "YH Bhatia",
              "runs": {
                "batter": 0,
                "extras": 0,
                "total": 0
              },
              "wickets": [
                {
                  "player_out": "HK Matthews",
                  "fielders": [
                    {
                      "name": "S Rana"
                    }
                  ],
                  "kind": "caught"
                }
              ]
            },
            {
              "batter": "NR Sciver-Brunt",
              "bowler": "TP Kanwar",
              "non_striker": "YH Bhatia",
              "runs": {
                "batter": 0,
                "extras": 0,
                "total": 0
              }
            },
            {
              "batter": "NR Sciver-Brunt",
              "bowler": "TP Kanwar",
              "non_striker": "YH Bhatia",
              "runs": {
                "batter": 1,
                "extras": 0,
                "total": 1
              }
            },
            {
              "batter": "YH Bhatia",
              "bowler": "TP Kanwar",
              "extras": {
                "legbyes": 4
              },
              "non_striker": "NR Sciver-Brunt",
              "runs": {
                "batter": 0,
                "extras": 4,
                "total": 4
              }
            }
          ]
        },
        {
          "over": 7,
          "deliveries": [
            {
              "batter": "NR Sciver-Brunt",
              "bowler": "SM Shakil",
              "non_striker": "YH Bhatia",
              "runs": {
                "batter": 1,
                "extras": 0,
                "total": 1
              }
            },
            {
              "batter": "YH Bhatia",
              "bowler": "SM Shakil",
              "non_striker": "NR Sciver-Brunt",
              "runs": {
                "batter": 1,
                "extras": 0,
                "total": 1
              }
            },
            {
              "batter": "NR Sciver-Brunt",
              "bowler": "SM Shakil",
              "non_striker": "YH Bhatia",
              "runs": {
                "batter": 0,
                "extras": 0,
                "total": 0
              },
              "wickets": [
                {
                  "player_out": "NR Sciver-Brunt",
                  "fielders": [
                    {
                      "name": "S Rana"
                    }
                  ],
                  "kind": "caught"
                }
              ]
            },
            {
              "batter": "H Kaur",
              "bowler": "SM Shakil",
              "non_striker": "YH Bhatia",
              "runs": {
                "batter": 1,
                "extras": 0,
                "total": 1
              }
            },
            {
              "batter": "YH Bhatia",
              "bowler": "SM Shakil",
              "non_striker": "H Kaur",
              "runs": {
                "batter": 4,
                "extras": 0,
                "total": 4
              }
            },
            {
              "batter": "YH Bhatia",
              "bowler": "SM Shakil",
              "non_striker": "H Kaur",
              "runs": {
                "batter": 1,
                "extras": 0,
                "total": 1
              }
            }
          ]
        },
        {
          "over": 8,
          "deliveries": [
            {
              "batter": "YH Bhatia",
              "bowler": "Meghna Singh",
              "non_striker": "H Kaur",
              "runs": {
                "batter": 4,
                "extras": 0,
                "total": 4
              }
            },
            {
              "batter": "YH Bhatia",
              "bowler": "Meghna Singh",
              "non_striker": "H Kaur",
              "runs": {
                "batter": 1,
                "extras": 0,
                "total": 1
              }
            },
            {
              "batter": "H Kaur",
              "bowler": "Meghna Singh",
              "non_striker": "YH Bhatia",
              "runs": {
                "batter": 1,
                "extras": 0,
                "total": 1
              }
            },
            {
              "batter": "YH Bhatia",
              "bowler": "Meghna Singh",
              "non_striker": "H Kaur",
              "runs": {
                "batter": 0,
                "extras": 0,
                "total": 0
              }
            },
            {
              "batter": "YH Bhatia",
              "bowler": "Meghna Singh",
              "non_striker": "H Kaur",
              "runs": {
                "batter": 1,
                "extras": 0,
                "total": 1
              }
            },
            {
              "batter": "H Kaur",
              "bowler": "Meghna Singh",
              "non_striker": "YH Bhatia",
              "runs": {
                "batter": 0,
                "extras": 0,
                "total": 0
              }
            }
          ]
        },
        {
          "over": 9,
          "deliveries": [
            {
              "batter": "YH Bhatia",
              "bowler": "S Rana",
              "non_striker": "H Kaur",
              "runs": {
                "batter": 0,
                "extras": 0,
                "total": 0
              }
            },
            {
              "batter": "YH Bhatia",
              "bowler": "S Rana",
              "non_striker": "H Kaur",
              "runs": {
                "batter": 1,
                "extras": 0,
                "total": 1
              }
            },
            {
              "batter": "H Kaur",
              "bowler": "S Rana",
              "non_striker": "YH Bhatia",
              "runs": {
                "batter": 0,
                "extras": 0,
                "total": 0
              }
            },
            {
              "batter": "H Kaur",
              "bowler": "S Rana",
              "non_striker": "YH Bhatia",
              "runs": {
                "batter": 1,
                "extras": 0,
                "total": 1
              }
            },
            {
              "batter": "YH Bhatia",
              "bowler": "S Rana",
              "non_striker": "H Kaur",
              "runs": {
                "batter": 4,
                "extras": 0,
                "total": 4
              }
            },
            {
              "batter": "YH Bhatia",
              "bowler": "S Rana",
              "non_striker": "H Kaur",
              "runs": {
                "batter": 0,
                "extras": 0,
                "total": 0
              }
            }
          ]
        },
        {
          "over": 10,
          "deliveries": [
            {
              "batter": "H Kaur",
              "bowler": "SM Shakil",
              "non_striker": "YH Bhatia",
              "runs": {
                "batter": 0,
                "extras": 0,
                "total": 0
              }
            },
            {
              "batter": "H Kaur",
              "bowler": "SM Shakil",
              "non_striker": "YH Bhatia",
              "runs": {
                "batter": 0,
                "extras": 0,
                "total": 0
              }
            },
            {
              "batter": "H Kaur",
              "bowler": "SM Shakil",
              "non_striker": "YH Bhatia",
              "runs": {
                "batter": 0,
                "extras": 0,
                "total": 0
              }
            },
            {
              "batter": "H Kaur",
              "bowler": "SM Shakil",
              "non_striker": "YH Bhatia",
              "runs": {
                "batter": 4,
                "extras": 0,
                "total": 4
              }
            },
            {
              "batter": "H Kaur",
              "bowler": "SM Shakil",
              "non_striker": "YH Bhatia",
              "runs": {
                "batter": 0,
                "extras": 0,
                "total": 0
              }
            },
            {
              "batter": "H Kaur",
              "bowler": "SM Shakil",
              "non_striker": "YH Bhatia",
              "runs": {
                "batter": 1,
                "extras": 0,
                "total": 1
              }
            }
          ]
        },
        {
          "over": 11,
          "deliveries": [
            {
              "batter": "H Kaur",
              "bowler": "S Rana",
              "non_striker": "YH Bhatia",
              "runs": {
                "batter": 4,
                "extras": 0,
                "total": 4
              }
            },
            {
              "batter": "H Kaur",
              "bowler": "S Rana",
              "non_striker": "YH Bhatia",
              "runs": {
                "batter": 2,
                "extras": 0,
                "total": 2
              }
            },
            {
              "batter": "H Kaur",
              "bowler": "S Rana",
              "non_striker": "YH Bhatia",
              "runs": {
                "batter": 0,
                "extras": 0,
                "total": 0
              }
            },
            {
              "batter": "H Kaur",
              "bowler": "S Rana",
              "non_striker": "YH Bhatia",
              "runs": {
                "batter": 0,
                "extras": 0,
                "total": 0
              }
            },
            {
              "batter": "H Kaur",
              "bowler": "S Rana",
              "non_striker": "YH Bhatia",
              "runs": {
                "batter": 1,
                "extras": 0,
                "total": 1
              }
            },
            {
              "batter": "YH Bhatia",
              "bowler": "S Rana",
              "non_striker": "H Kaur",
              "runs": {
                "batter": 4,
                "extras": 0,
                "total": 4
              }
            }
          ]
        },
        {
          "over": 12,
          "deliveries": [
            {
              "batter": "H Kaur",
              "bowler": "TP Kanwar",
              "non_striker": "YH Bhatia",
              "runs": {
                "batter": 1,
                "extras": 0,
                "total": 1
              }
            },
            {
              "batter": "YH Bhatia",
              "bowler": "TP Kanwar",
              "non_striker": "H Kaur",
              "runs": {
                "batter": 1,
                "extras": 0,
                "total": 1
              }
            },
            {
              "batter": "H Kaur",
              "bowler": "TP Kanwar",
              "non_striker": "YH Bhatia",
              "runs": {
                "batter": 1,
                "extras": 0,
                "total": 1
              }
            },
            {
              "batter": "YH Bhatia",
              "bowler": "TP Kanwar",
              "non_striker": "H Kaur",
              "review": {
                "by": "Mumbai Indians",
                "umpire": "VG Rathi",
                "batter": "YH Bhatia",
                "decision": "upheld",
                "type": "wicket"
              },
              "runs": {
                "batter": 0,
                "extras": 0,
                "total": 0
              }
            },
            {
              "batter": "YH Bhatia",
              "bowler": "TP Kanwar",
              "non_striker": "H Kaur",
              "runs": {
                "batter": 1,
                "extras": 0,
                "total": 1
              }
            },
            {
              "batter": "H Kaur",
              "bowler": "TP Kanwar",
              "non_striker": "YH Bhatia",
              "runs": {
                "batter": 1,
                "extras": 0,
                "total": 1
              }
            }
          ]
        },
        {
          "over": 13,
          "deliveries": [
            {
              "batter": "H Kaur",
              "bowler": "A Gardner",
              "non_striker": "YH Bhatia",
              "runs": {
                "batter": 1,
                "extras": 0,
                "total": 1
              }
            },
            {
              "batter": "YH Bhatia",
              "bowler": "A Gardner",
              "non_striker": "H Kaur",
              "runs": {
                "batter": 0,
                "extras": 0,
                "total": 0
              }
            },
            {
              "batter": "YH Bhatia",
              "bowler": "A Gardner",
              "non_striker": "H Kaur",
              "runs": {
                "batter": 0,
                "extras": 0,
                "total": 0
              },
              "wickets": [
                {
                  "player_out": "YH Bhatia",
                  "kind": "caught and bowled"
                }
              ]
            },
            {
              "batter": "AC Kerr",
              "bowler": "A Gardner",
              "non_striker": "H Kaur",
              "runs": {
                "batter": 0,
                "extras": 0,
                "total": 0
              }
            },
            {
              "batter": "AC Kerr",
              "bowler": "A Gardner",
              "non_striker": "H Kaur",
              "runs": {
                "batter": 1,
                "extras": 0,
                "total": 1
              }
            },
            {
              "batter": "H Kaur",
              "bowler": "A Gardner",
              "non_striker": "AC Kerr",
              "runs": {
                "batter": 1,
                "extras": 0,
                "total": 1
              }
            }
          ]
        },
        {
          "over": 14,
          "deliveries": [
            {
              "batter": "H Kaur",
              "bowler": "Meghna Singh",
              "non_striker": "AC Kerr",
              "runs": {
                "batter": 6,
                "extras": 0,
                "total": 6
              }
            },
            {
              "batter": "H Kaur",
              "bowler": "Meghna Singh",
              "non_striker": "AC Kerr",
              "runs": {
                "batter": 2,
                "extras": 0,
                "total": 2
              }
            },
            {
              "batter": "H Kaur",
              "bowler": "Meghna Singh",
              "non_striker": "AC Kerr",
              "runs": {
                "batter": 4,
                "extras": 0,
                "total": 4
              }
            },
            {
              "batter": "H Kaur",
              "bowler": "Meghna Singh",
              "non_striker": "AC Kerr",
              "runs": {
                "batter": 4,
                "extras": 0,
                "total": 4
              }
            },
            {
              "batter": "H Kaur",
              "bowler": "Meghna Singh",
              "non_striker": "AC Kerr",
              "runs": {
                "batter": 2,
                "extras": 0,
                "total": 2
              }
            },
            {
              "batter": "H Kaur",
              "bowler": "Meghna Singh",
              "non_striker": "AC Kerr",
              "runs": {
                "batter": 1,
                "extras": 0,
                "total": 1
              }
            }
          ]
        },
        {
          "over": 15,
          "deliveries": [
            {
              "batter": "H Kaur",
              "bowler": "S Rana",
              "non_striker": "AC Kerr",
              "runs": {
                "batter": 1,
                "extras": 0,
                "total": 1
              }
            },
            {
              "batter": "AC Kerr",
              "bowler": "S Rana",
              "non_striker": "H Kaur",
              "runs": {
                "batter": 0,
                "extras": 0,
                "total": 0
              }
            },
            {
              "batter": "AC Kerr",
              "bowler": "S Rana",
              "non_striker": "H Kaur",
              "runs": {
                "batter": 1,
                "extras": 0,
                "total": 1
              }
            },
            {
              "batter": "H Kaur",
              "bowler": "S Rana",
              "non_striker": "AC Kerr",
              "runs": {
                "batter": 0,
                "extras": 0,
                "total": 0
              }
            },
            {
              "batter": "H Kaur",
              "bowler": "S Rana",
              "non_striker": "AC Kerr",
              "runs": {
                "batter": 4,
                "extras": 0,
                "total": 4
              }
            },
            {
              "batter": "H Kaur",
              "bowler": "S Rana",
              "non_striker": "AC Kerr",
              "runs": {
                "batter": 1,
                "extras": 0,
                "total": 1
              }
            }
          ]
        },
        {
          "over": 16,
          "deliveries": [
            {
              "batter": "H Kaur",
              "bowler": "SM Shakil",
              "non_striker": "AC Kerr",
              "runs": {
                "batter": 4,
                "extras": 0,
                "total": 4
              }
            },
            {
              "batter": "H Kaur",
              "bowler": "SM Shakil",
              "non_striker": "AC Kerr",
              "runs": {
                "batter": 1,
                "extras": 0,
                "total": 1
              }
            },
            {
              "batter": "AC Kerr",
              "bowler": "SM Shakil",
              "non_striker": "H Kaur",
              "runs": {
                "batter": 6,
                "extras": 0,
                "total": 6
              }
            },
            {
              "batter": "AC Kerr",
              "bowler": "SM Shakil",
              "extras": {
                "wides": 5
              },
              "non_striker": "H Kaur",
              "runs": {
                "batter": 0,
                "extras": 5,
                "total": 5
              }
            },
            {
              "batter": "AC Kerr",
              "bowler": "SM Shakil",
              "non_striker": "H Kaur",
              "runs": {
                "batter": 0,
                "extras": 0,
                "total": 0
              }
            },
            {
              "batter": "AC Kerr",
              "bowler": "SM Shakil",
              "non_striker": "H Kaur",
              "runs": {
                "batter": 1,
                "extras": 0,
                "total": 1
              }
            },
            {
              "batter": "H Kaur",
              "bowler": "SM Shakil",
              "non_striker": "AC Kerr",
              "runs": {
                "batter": 1,
                "extras": 0,
                "total": 1
              }
            }
          ]
        },
        {
          "over": 17,
          "deliveries": [
            {
              "batter": "H Kaur",
              "bowler": "S Rana",
              "non_striker": "AC Kerr",
              "runs": {
                "batter": 4,
                "extras": 0,
                "total": 4
              }
            },
            {
              "batter": "H Kaur",
              "bowler": "S Rana",
              "non_striker": "AC Kerr",
              "runs": {
                "batter": 0,
                "extras": 0,
                "total": 0
              }
            },
            {
              "batter": "H Kaur",
              "bowler": "S Rana",
              "non_striker": "AC Kerr",
              "runs": {
                "batter": 6,
                "extras": 0,
                "total": 6
              }
            },
            {
              "batter": "H Kaur",
              "bowler": "S Rana",
              "non_striker": "AC Kerr",
              "runs": {
                "batter": 4,
                "extras": 0,
                "total": 4
              }
            },
            {
              "batter": "H Kaur",
              "bowler": "S Rana",
              "non_striker": "AC Kerr",
              "runs": {
                "batter": 4,
                "extras": 0,
                "total": 4
              }
            },
            {
              "batter": "H Kaur",
              "bowler": "S Rana",
              "non_striker": "AC Kerr",
              "runs": {
                "batter": 6,
                "extras": 0,
                "total": 6
              }
            }
          ]
        },
        {
          "over": 18,
          "deliveries": [
            {
              "batter": "AC Kerr",
              "bowler": "TP Kanwar",
              "non_striker": "H Kaur",
              "runs": {
                "batter": 1,
                "extras": 0,
                "total": 1
              }
            },
            {
              "batter": "H Kaur",
              "bowler": "TP Kanwar",
              "non_striker": "AC Kerr",
              "runs": {
                "batter": 6,
                "extras": 0,
                "total": 6
              }
            },
            {
              "batter": "H Kaur",
              "bowler": "TP Kanwar",
              "non_striker": "AC Kerr",
              "runs": {
                "batter": 1,
                "extras": 0,
                "total": 1
              }
            },
            {
              "batter": "AC Kerr",
              "bowler": "TP Kanwar",
              "non_striker": "H Kaur",
              "runs": {
                "batter": 1,
                "extras": 0,
                "total": 1
              }
            },
            {
              "batter": "H Kaur",
              "bowler": "TP Kanwar",
              "non_striker": "AC Kerr",
              "runs": {
                "batter": 0,
                "extras": 0,
                "total": 0
              }
            },
            {
              "batter": "H Kaur",
              "bowler": "TP Kanwar",
              "non_striker": "AC Kerr",
              "runs": {
                "batter": 1,
                "extras": 0,
                "total": 1
              }
            }
          ]
        },
        {
          "over": 19,
          "deliveries": [
            {
              "batter": "H Kaur",
              "bowler": "A Gardner",
              "non_striker": "AC Kerr",
              "runs": {
                "batter": 6,
                "extras": 0,
                "total": 6
              }
            },
            {
              "batter": "H Kaur",
              "bowler": "A Gardner",
              "non_striker": "AC Kerr",
              "runs": {
                "batter": 4,
                "extras": 0,
                "total": 4
              }
            },
            {
              "batter": "H Kaur",
              "bowler": "A Gardner",
              "non_striker": "AC Kerr",
              "runs": {
                "batter": 1,
                "extras": 0,
                "total": 1
              }
            },
            {
              "batter": "AC Kerr",
              "bowler": "A Gardner",
              "non_striker": "H Kaur",
              "runs": {
                "batter": 1,
                "extras": 0,
                "total": 1
              }
            },
            {
              "batter": "H Kaur",
              "bowler": "A Gardner",
              "non_striker": "AC Kerr",
              "runs": {
                "batter": 1,
                "extras": 0,
                "total": 1
              }
            }
          ]
        }
      ],
      "powerplays": [
        {
          "from": 0.1,
          "to": 5.6,
          "type": "mandatory"
        }
      ],
      "target": {
        "overs": 20,
        "runs": 191
      }
    }
  ]
}