{
  "meta": {
    "data_version": "1.1.0",
    "created": "2024-02-25",
    "revision": 1
  },
  "info": {
    "balls_per_over": 6,
    "city": "Bengaluru",
    "dates": [
      "2024-02-24"
    ],
    "event": {
      "name": "Women's Premier League",
      "match_number": 2
    },
    "gender": "female",
    "match_type": "T20",
    "officials": {
      "match_referees": [
        "RB Kalita"
      ],
      "reserve_umpires": [
        "Mohamad Rafi"
      ],
      "tv_umpires": [
        "P Joshi"
      ],
      "umpires": [
        "Abhijit Bhattacharya",
        "N Janani"
      ]
    },
    "outcome": {
      "winner": "Royal Challengers Bangalore",
      "by": {
        "runs": 2
      }
    },
    "overs": 20,
    "player_of_match": [
      "S Asha"
    ],
    "players": {
      "Royal Challengers Bangalore": [
        "SFM Devine",
        "S Mandhana",
        "S Meghana",
        "EA Perry",
        "RM Ghosh",
        "G Wareham",
        "S Molineux",
        "SR Patil",
        "SD Bahadur",
        "S Asha",
        "Renuka Singh"
      ],
      "UP Warriorz": [
        "AJ Healy",
        "D Vrinda",
        "TM McGrath",
        "GM Harris",
        "S Sehrawat",
        "KP Navgire",
        "PN Khemnar",
        "DB Sharma",
        "S Ecclestone",
        "SZ Thakor",
        "RS Gayakwad"
      ]
    },
    "registry": {
      "people": {
        "AJ Healy": "321644de",
        "Abhijit Bhattacharya": "59ec9638",
        "D Vrinda": "3a015a5f",
        "DB Sharma": "201fef33",
        "EA Perry": "be150fc8",
        "G Wareham": "f0b4e47d",
        "GM Harris": "72166006",
        "KP Navgire": "617a0b79",
        "Mohamad Rafi": "0479de6b",
        "N Janani": "d06a665d",
        "P Joshi": "ffc0e370",
        "PN Khemnar": "53707c8c",
        "RB Kalita": "8d7ad5a6",
        "RM Ghosh": "721e0199",
        "RS Gayakwad": "237ec05b",
        "Renuka Singh": "7298db76",
        "S Asha": "77143581",
        "S Ecclestone": "cdb82f1c",
        "S Mandhana": "5d2eda89",
        "S Meghana": "302fb7ae",
        "S Molineux": "99e23670",
        "S Sehrawat": "0e9d4094",
        "SD Bahadur": "e96b8df7",
        "SFM Devine": "de69af96",
        "SR Patil": "33946d69",
        "SZ Thakor": "7d794fa6",
        "TM McGrath": "ca5acfa4"
      }
    },
    "season": "2023/24",
    "team_type": "club",
    "teams": [
      "Royal Challengers Bangalore",
      "UP Warriorz"
    ],
    "toss": {
      "decision": "field",
      "winner": "UP Warriorz"
    },
    "venue": "M Chinnaswamy Stadium, Bengaluru"
  },
  "innings": [
    {
      "team": "Royal Challengers Bangalore",
      "overs": [
        {
          "over": 0,
          "deliveries": [
            {
              "batter": "SFM Devine",
              "bowler": "GM Harris",
              "non_striker": "S Mandhana",
              "runs": {
                "batter": 0,
                "extras": 0,
                "total": 0
              }
            },
            {
              "batter": "SFM Devine",
              "bowler": "GM Harris",
              "non_striker": "S Mandhana",
              "runs": {
                "batter": 1,
                "extras": 0,
                "total": 1
              }
            },
            {
              "batter": "S Mandhana",
              "bowler": "GM Harris",
              "non_striker": "SFM Devine",
              "runs": {
                "batter": 0,
                "extras": 0,
                "total": 0
              }
            },
            {
              "batter": "S Mandhana",
              "bowler": "GM Harris",
              "non_striker": "SFM Devine",
              "runs": {
                "batter": 1,
                "extras": 0,
                "total": 1
              }
            },
            {
              "batter": "SFM Devine",
              "bowler": "GM Harris",
              "extras": {
                "wides": 1
              },
              "non_striker": "S Mandhana",
              "runs": {
                "batter": 0,
                "extras": 1,
                "total": 1
              }
            },
            {
              "batter": "SFM Devine",
              "bowler": "GM Harris",
              "non_striker": "S Mandhana",
              "runs": {
                "batter": 0,
                "extras": 0,
                "total": 0
              }
            },
            {
              "batter": "SFM Devine",
              "bowler": "GM Harris",
              "non_striker": "S Mandhana",
              "runs": {
                "batter": 0,
                "extras": 0,
                "total": 0
              }
            }
          ]
        },
        {
          "over": 1,
          "deliveries": [
            {
              "batter": "S Mandhana",
              "bowler": "TM McGrath",
              "non_striker": "SFM Devine",
              "runs": {
                "batter": 0,
                "extras": 0,
                "total": 0
              }
            },
            {
              "batter": "S Mandhana",
              "bowler": "TM McGrath",
              "non_striker": "SFM Devine",
              "runs": {
                "batter": 0,
                "extras": 0,
                "total": 0
              }
            },
            {
              "batter": "S Mandhana",
              "bowler": "TM McGrath",
              "non_striker": "SFM Devine",
              "runs": {
                "batter": 6,
                "extras": 0,
                "total": 6
              }
            },
            {
              "batter": "S Mandhana",
              "bowler": "TM McGrath",
              "non_striker": "SFM Devine",
              "runs": {
                "batter": 4,
                "extras": 0,
                "total": 4
              }
            },
            {
              "batter": "S Mandhana",
              "bowler": "TM McGrath",
              "non_striker": "SFM Devine",
              "runs": {
                "batter": 0,
                "extras": 0,
                "total": 0
              }
            },
            {
              "batter": "S Mandhana",
              "bowler": "TM McGrath",
              "non_striker": "SFM Devine",
              "runs": {
                "batter": 0,
                "extras": 0,
                "total": 0
              }
            }
          ]
        },
        {
          "over": 2,
          "deliveries": [
            {
              "batter": "SFM Devine",
              "bowler": "GM Harris",
              "non_striker": "S Mandhana",
              "runs": {
                "batter": 0,
                "extras": 0,
                "total": 0
              },
              "wickets": [
                {
                  "player_out": "SFM Devine",
                  "kind": "lbw"
                }
              ]
            },
            {
              "batter": "S Meghana",
              "bowler": "GM Harris",
              "extras": {
                "wides": 1
              },
              "non_striker": "S Mandhana",
              "runs": {
                "batter": 0,
                "extras": 1,
                "total": 1
              }
            },
            {
              "batter": "S Meghana",
              "bowler": "GM Harris",
              "non_striker": "S Mandhana",
              "runs": {
                "batter": 0,
                "extras": 0,
                "total": 0
              }
            },
            {
              "batter": "S Meghana",
              "bowler": "GM Harris",
              "non_striker": "S Mandhana",
              "runs": {
                "batter": 0,
                "extras": 0,
                "total": 0
              }
            },
            {
              "batter": "S Meghana",
              "bowler": "GM Harris",
              "non_striker": "S Mandhana",
              "runs": {
                "batter": 4,
                "extras": 0,
                "total": 4
              }
            },
            {
              "batter": "S Meghana",
              "bowler": "GM Harris",
              "non_striker": "S Mandhana",
              "runs": {
                "batter": 0,
                "extras": 0,
                "total": 0
              }
            },
            {
              "batter": "S Meghana",
              "bowler": "GM Harris",
              "non_striker": "S Mandhana",
              "runs": {
                "batter": 1,
                "extras": 0,
                "total": 1
              }
            }
          ]
        },
        {
          "over": 3,
          "deliveries": [
            {
              "batter": "S Meghana",
              "bowler": "S Ecclestone",
              "non_striker": "S Mandhana",
              "runs": {
                "batter": 0,
                "extras": 0,
                "total": 0
              }
            },
            {
              "batter": "S Meghana",
              "bowler": "S Ecclestone",
              "non_striker": "S Mandhana",
              "runs": {
                "batter": 1,
                "extras": 0,
                "total": 1
              }
            },
            {
              "batter": "S Mandhana",
              "bowler": "S Ecclestone",
              "non_striker": "S Meghana",
              "runs": {
                "batter": 1,
                "extras": 0,
                "total": 1
              }
            },
            {
              "batter": "S Meghana",
              "bowler": "S Ecclestone",
              "non_striker": "S Mandhana",
              "runs": {
                "batter": 0,
                "extras": 0,
                "total": 0
              }
            },
            {
              "batter": "S Meghana",
              "bowler": "S Ecclestone",
              "non_striker": "S Mandhana",
              "runs": {
                "batter": 0,
                "extras": 0,
                "total": 0
              }
            },
            {
              "batter": "S Meghana",
              "bowler": "S Ecclestone",
              "non_striker": "S Mandhana",
              "runs": {
                "batter": 2,
                "extras": 0,
                "total": 2
              }
            }
          ]
        },
        {
          "over": 4,
          "deliveries": [
            {
              "batter": "S Mandhana",
              "bowler": "GM Harris",
              "non_striker": "S Meghana",
              "runs": {
                "batter": 1,
                "extras": 0,
                "total": 1
              }
            },
            {
              "batter": "S Meghana",
              "bowler": "GM Harris",
              "non_striker": "S Mandhana",
              "runs": {
                "batter": 0,
                "extras": 0,
                "total": 0
              }
            },
            {
              "batter": "S Meghana",
              "bowler": "GM Harris",
              "non_striker": "S Mandhana",
              "runs": {
                "batter": 4,
                "extras": 0,
                "total": 4
              }
            },
            {
              "batter": "S Meghana",
              "bowler": "GM Harris",
              "non_striker": "S Mandhana",
              "runs": {
                "batter": 4,
                "extras": 0,
                "total": 4
              }
            },
            {
              "batter": "S Meghana",
              "bowler": "GM Harris",
              "non_striker": "S Mandhana",
              "runs": {
                "batter": 4,
                "extras": 0,
                "total": 4
              }
            },
            {
              "batter": "S Meghana",
              "bowler": "GM Harris",
              "non_striker": "S Mandhana",
              "runs": {
                "batter": 0,
                "extras": 0,
                "total": 0
              }
            }
          ]
        },
        {
          "over": 5,
          "deliveries": [
            {
              "batter": "S Mandhana",
              "bowler": "TM McGrath",
              "non_striker": "S Meghana",
              "runs": {
                "batter": 0,
                "extras": 0,
                "total": 0
              },
              "wickets": [
                {
                  "player_out": "S Mandhana",
                  "fielders": [
                    {
                      "name": "D Vrinda"
                    }
                  ],
                  "kind": "caught"
                }
              ]
            },
            {
              "batter": "EA Perry",
              "bowler": "TM McGrath",
              "non_striker": "S Meghana",
              "runs": {
                "batter": 0,
                "extras": 0,
                "total": 0
              }
            },
            {
              "batter": "EA Perry",
              "bowler": "TM McGrath",
              "non_striker": "S Meghana",
              "runs": {
                "batter": 1,
                "extras": 0,
                "total": 1
              }
            },
            {
              "batter": "S Meghana",
              "bowler": "TM McGrath",
              "non_striker": "EA Perry",
              "runs": {
                "batter": 1,
                "extras": 0,
                "total": 1
              }
            },
            {
              "batter": "EA Perry",
              "bowler": "TM McGrath",
              "non_striker": "S Meghana",
              "runs": {
                "batter": 1,
                "extras": 0,
                "total": 1
              }
            },
            {
              "batter": "S Meghana",
              "bowler": "TM McGrath",
              "non_striker": "EA Perry",
              "runs": {
                "batter": 1,
                "extras": 0,
                "total": 1
              }
            }
          ]
        },
        {
          "over": 6,
          "deliveries": [
            {
              "batter": "S Meghana",
              "bowler": "DB Sharma",
              "non_striker": "EA Perry",
              "runs": {
                "batter": 0,
                "extras": 0,
                "total": 0
              }
            },
            {
              "batter": "S Meghana",
              "bowler": "DB Sharma",
              "non_striker": "EA Perry",
              "runs": {
                "batter": 4,
                "extras": 0,
                "total": 4
              }
            },
            {
              "batter": "S Meghana",
              "bowler": "DB Sharma",
              "non_striker": "EA Perry",
              "runs": {
                "batter": 1,
                "extras": 0,
                "total": 1
              }
            },
            {
              "batter": "EA Perry",
              "bowler": "DB Sharma",
              "non_striker": "S Meghana",
              "runs": {
                "batter": 4,
                "extras": 0,
                "total": 4
              }
            },
            {
              "batter": "EA Perry",
              "bowler": "DB Sharma",
              "non_striker": "S Meghana",
              "runs": {
                "batter": 1,
                "extras": 0,
                "total": 1
              }
            },
            {
              "batter": "S Meghana",
              "bowler": "DB Sharma",
              "non_striker": "EA Perry",
              "runs": {
                "batter": 1,
                "extras": 0,
                "total": 1
              }
            }
          ]
        },
        {
          "over": 7,
          "deliveries": [
            {
              "batter": "S Meghana",
              "bowler": "S Ecclestone",
              "non_striker": "EA Perry",
              "runs": {
                "batter": 0,
                "extras": 0,
                "total": 0
              }
            },
            {
              "batter": "S Meghana",
              "bowler": "S Ecclestone",
              "non_striker": "EA Perry",
              "runs": {
                "batter": 1,
                "extras": 0,
                "total": 1
              }
            },
            {
              "batter": "EA Perry",
              "bowler": "S Ecclestone",
              "non_striker": "S Meghana",
              "runs": {
                "batter": 1,
                "extras": 0,
                "total": 1
              }
            },
            {
              "batter": "S Meghana",
              "bowler": "S Ecclestone",
              "non_striker": "EA Perry",
              "runs": {
                "batter": 1,
                "extras": 0,
                "total": 1
              }
            },
            {
              "batter": "EA Perry",
              "bowler": "S Ecclestone",
              "non_striker": "S Meghana",
              "runs": {
                "batter": 0,
                "extras": 0,
                "total": 0
              },
              "wickets": [
                {
                  "player_out": "EA Perry",
                  "fielders": [
                    {
                      "name": "SZ Thakor"
                    }
                  ],
                  "kind": "caught"
                }
              ]
            },
            {
              "batter": "RM Ghosh",
              "bowler": "S Ecclestone",
              "non_striker": "S Meghana",
              "runs": {
                "batter": 1,
                "extras": 0,
                "total": 1
              }
            }
          ]
        },
        {
          "over": 8,
          "deliveries": [
            {
              "batter": "RM Ghosh",
              "bowler": "RS Gayakwad",
              "non_striker": "S Meghana",
              "runs": {
                "batter": 1,
                "extras": 0,
                "total": 1
              }
            },
            {
              "batter": "S Meghana",
              "bowler": "RS Gayakwad",
              "non_striker": "RM Ghosh",
              "runs": {
                "batter": 0,
                "extras": 0,
                "total": 0
              }
            },
            {
              "batter": "S Meghana",
              "bowler": "RS Gayakwad",
              "non_striker": "RM Ghosh",
              "runs": {
                "batter": 1,
                "extras": 0,
                "total": 1
              }
            },
            {
              "batter": "RM Ghosh",
              "bowler": "RS Gayakwad",
              "non_striker": "S Meghana",
              "runs": {
                "batter": 1,
                "extras": 0,
                "total": 1
              }
            },
            {
              "batter": "S Meghana",
              "bowler": "RS Gayakwad",
              "non_striker": "RM Ghosh",
              "runs": {
                "batter": 0,
                "extras": 0,
                "total": 0
              }
            },
            {
              "batter": "S Meghana",
              "bowler": "RS Gayakwad",
              "non_striker": "RM Ghosh",
              "runs": {
                "batter": 0,
                "extras": 0,
                "total": 0
              }
            }
          ]
        },
        {
          "over": 9,
          "deliveries": [
            {
              "batter": "RM Ghosh",
              "bowler": "SZ Thakor",
              "non_striker": "S Meghana",
              "runs": {
                "batter": 0,
                "extras": 0,
                "total": 0
              }
            },
            {
              "batter": "RM Ghosh",
              "bowler": "SZ Thakor",
              "extras": {
                "wides": 1
              },
              "non_striker": "S Meghana",
              "runs": {
                "batter": 0,
                "extras": 1,
                "total": 1
              }
            },
            {
              "batter": "RM Ghosh",
              "bowler": "SZ Thakor",
              "non_striker": "S Meghana",
              "runs": {
                "batter": 4,
                "extras": 0,
                "total": 4
              }
            },
            {
              "batter": "RM Ghosh",
              "bowler": "SZ Thakor",
              "non_striker": "S Meghana",
              "runs": {
                "batter": 0,
                "extras": 0,
                "total": 0
              }
            },
            {
              "batter": "RM Ghosh",
              "bowler": "SZ Thakor",
              "non_striker": "S Meghana",
              "runs": {
                "batter": 0,
                "extras": 0,
                "total": 0
              }
            },
            {
              "batter": "RM Ghosh",
              "bowler": "SZ Thakor",
              "non_striker": "S Meghana",
              "runs": {
                "batter": 0,
                "extras": 0,
                "total": 0
              }
            },
            {
              "batter": "RM Ghosh",
              "bowler": "SZ Thakor",
              "non_striker": "S Meghana",
              "runs": {
                "batter": 1,
                "extras": 0,
                "total": 1
              }
            }
          ]
        },
        {
          "over": 10,
          "deliveries": [
            {
              "batter": "RM Ghosh",
              "bowler": "RS Gayakwad",
              "non_striker": "S Meghana",
              "runs": {
                "batter": 1,
                "extras": 0,
                "total": 1
              }
            },
            {
              "batter": "S Meghana",
              "bowler": "RS Gayakwad",
              "non_striker": "RM Ghosh",
              "runs": {
                "batter": 4,
                "extras": 0,
                "total": 4
              }
            },
            {
              "batter": "S Meghana",
              "bowler": "RS Gayakwad",
              "non_striker": "RM Ghosh",
              "runs": {
                "batter": 1,
                "extras": 0,
                "total": 1
              }
            },
            {
              "batter": "RM Ghosh",
              "bowler": "RS Gayakwad",
              "non_striker": "S Meghana",
              "runs": {
                "batter": 1,
                "extras": 0,
                "total": 1
              }
            },
            {
              "batter": "S Meghana",
              "bowler": "RS Gayakwad",
              "non_striker": "RM Ghosh",
              "runs": {
                "batter": 0,
                "extras": 0,
                "total": 0
              }
            },
            {
              "batter": "S Meghana",
              "bowler": "RS Gayakwad",
              "non_striker": "RM Ghosh",
              "runs": {
                "batter": 1,
                "extras": 0,
                "total": 1
              }
            }
          ]
        },
        {
          "over": 11,
          "deliveries": [
            {
              "batter": "S Meghana",
              "bowler": "S Ecclestone",
              "non_striker": "RM Ghosh",
              "runs": {
                "batter": 0,
                "extras": 0,
                "total": 0
              }
            },
            {
              "batter": "S Meghana",
              "bowler": "S Ecclestone",
              "non_striker": "RM Ghosh",
              "runs": {
                "batter": 0,
                "extras": 0,
                "total": 0
              }
            },
            {
              "batter": "S Meghana",
              "bowler": "S Ecclestone",
              "non_striker": "RM Ghosh",
              "runs": {
                "batter": 0,
                "extras": 0,
                "total": 0
              }
            },
            {
              "batter": "S Meghana",
              "bowler": "S Ecclestone",
              "non_striker": "RM Ghosh",
              "runs": {
                "batter": 4,
                "extras": 0,
                "total": 4
              }
            },
            {
              "batter": "S Meghana",
              "bowler": "S Ecclestone",
              "non_striker": "RM Ghosh",
              "runs": {
                "batter": 1,
                "extras": 0,
                "total": 1
              }
            },
            {
              "batter": "RM Ghosh",
              "bowler": "S Ecclestone",
              "non_striker": "S Meghana",
              "runs": {
                "batter": 1,
                "extras": 0,
                "total": 1
              }
            }
          ]
        },
        {
          "over": 12,
          "deliveries": [
            {
              "batter": "RM Ghosh",
              "bowler": "RS Gayakwad",
              "non_striker": "S Meghana",
              "runs": {
                "batter": 0,
                "extras": 0,
                "total": 0
              }
            },
            {
              "batter": "RM Ghosh",
              "bowler": "RS Gayakwad",
              "non_striker": "S Meghana",
              "runs": {
                "batter": 1,
                "extras": 0,
                "total": 1
              }
            },
            {
              "batter": "S Meghana",
              "bowler": "RS Gayakwad",
              "non_striker": "RM Ghosh",
              "runs": {
                "batter": 6,
                "extras": 0,
                "total": 6
              }
            },
            {
              "batter": "S Meghana",
              "bowler": "RS Gayakwad",
              "non_striker": "RM Ghosh",
              "runs": {
                "batter": 1,
                "extras": 0,
                "total": 1
              }
            },
            {
              "batter": "RM Ghosh",
              "bowler": "RS Gayakwad",
              "non_striker": "S Meghana",
              "runs": {
                "batter": 4,
                "extras": 0,
                "total": 4
              }
            },
            {
              "batter": "RM Ghosh",
              "bowler": "RS Gayakwad",
              "non_striker": "S Meghana",
              "runs": {
                "batter": 0,
                "extras": 0,
                "total": 0
              }
            }
          ]
        },
        {
          "over": 13,
          "deliveries": [
            {
              "batter": "S Meghana",
              "bowler": "SZ Thakor",
              "non_striker": "RM Ghosh",
              "runs": {
                "batter": 1,
                "extras": 0,
                "total": 1
              }
            },
            {
              "batter": "RM Ghosh",
              "bowler": "SZ Thakor",
              "non_striker": "S Meghana",
              "runs": {
                "batter": 4,
                "extras": 0,
                "total": 4
              }
            },
            {
              "batter": "RM Ghosh",
              "bowler": "SZ Thakor",
              "non_striker": "S Meghana",
              "runs": {
                "batter": 0,
                "extras": 0,
                "total": 0
              }
            },
            {
              "batter": "RM Ghosh",
              "bowler": "SZ Thakor",
              "non_striker": "S Meghana",
              "runs": {
                "batter": 4,
                "extras": 0,
                "total": 4
              }
            },
            {
              "batter": "RM Ghosh",
              "bowler": "SZ Thakor",
              "non_striker": "S Meghana",
              "runs": {
                "batter": 4,
                "extras": 0,
                "total": 4
              }
            },
            {
              "batter": "RM Ghosh",
              "bowler": "SZ Thakor",
              "non_striker": "S Meghana",
              "runs": {
                "batter": 4,
                "extras": 0,
                "total": 4
              }
            }
          ]
        },
        {
          "over": 14,
          "deliveries": [
            {
              "batter": "S Meghana",
              "bowler": "DB Sharma",
              "non_striker": "RM Ghosh",
              "runs": {
                "batter": 1,
                "extras": 0,
                "total": 1
              }
            },
            {
              "batter": "RM Ghosh",
              "bowler": "DB Sharma",
              "non_striker": "S Meghana",
              "runs": {
                "batter": 0,
                "extras": 0,
                "total": 0
              }
            },
            {
              "batter": "RM Ghosh",
              "bowler": "DB Sharma",
              "non_striker": "S Meghana",
              "runs": {
                "batter": 1,
                "extras": 0,
                "total": 1
              }
            },
            {
              "batter": "S Meghana",
              "bowler": "DB Sharma",
              "non_striker": "RM Ghosh",
              "runs": {
                "batter": 1,
                "extras": 0,
                "total": 1
              }
            },
            {
              "batter": "RM Ghosh",
              "bowler": "DB Sharma",
              "non_striker": "S Meghana",
              "runs": {
                "batter": 4,
                "extras": 0,
                "total": 4
              }
            },
            {
              "batter": "RM Ghosh",
              "bowler": "DB Sharma",
              "non_striker": "S Meghana",
              "runs": {
                "batter": 1,
                "extras": 0,
                "total": 1
              }
            }
          ]
        },
        {
          "over": 15,
          "deliveries": [
            {
              "batter": "RM Ghosh",
              "bowler": "TM McGrath",
              "non_striker": "S Meghana",
              "runs": {
                "batter": 4,
                "extras": 0,
                "total": 4
              }
            },
            {
              "batter": "RM Ghosh",
              "bowler": "TM McGrath",
              "non_striker": "S Meghana",
              "runs": {
                "batter": 0,
                "extras": 0,
                "total": 0
              }
            },
            {
              "batter": "RM Ghosh",
              "bowler": "TM McGrath",
              "non_striker": "S Meghana",
              "runs": {
                "batter": 4,
                "extras": 0,
                "total": 4
              }
            },
            {
              "batter": "RM Ghosh",
              "bowler": "TM McGrath",
              "non_striker": "S Meghana",
              "runs": {
                "batter": 0,
                "extras": 0,
                "total": 0
              }
            },
            {
              "batter": "RM Ghosh",
              "bowler": "TM McGrath",
              "non_striker": "S Meghana",
              "runs": {
                "batter": 1,
                "extras": 0,
                "total": 1
              }
            },
            {
              "batter": "S Meghana",
              "bowler": "TM McGrath",
              "non_striker": "RM Ghosh",
              "runs": {
                "batter": 1,
                "extras": 0,
                "total": 1
              }
            }
          ]
        },
        {
          "over": 16,
          "deliveries": [
            {
              "batter": "S Meghana",
              "bowler": "RS Gayakwad",
              "non_striker": "RM Ghosh",
              "runs": {
                "batter": 0,
                "extras": 0,
                "total": 0
              },
              "wickets": [
                {
                  "player_out": "S Meghana",
                  "fielders": [
                    {
                      "name": "AJ Healy"
                    }
                  ],
                  "kind": "stumped"
                }
              ]
            },
            {
              "batter": "G Wareham",
              "bowler": "RS Gayakwad",
              "non_striker": "RM Ghosh",
              "runs": {
                "batter": 0,
                "extras": 0,
                "total": 0
              }
            },
            {
              "batter": "G Wareham",
              "bowler": "RS Gayakwad",
              "non_striker": "RM Ghosh",
              "runs": {
                "batter": 0,
                "extras": 0,
                "total": 0
              }
            },
            {
              "batter": "G Wareham",
              "bowler": "RS Gayakwad",
              "non_striker": "RM Ghosh",
              "runs": {
                "batter": 0,
                "extras": 0,
                "total": 0
              },
              "wickets": [
                {
                  "player_out": "G Wareham",
                  "fielders": [
                    {
                      "name": "GM Harris"
                    }
                  ],
                  "kind": "caught"
                }
              ]
            },
            {
              "batter": "S Molineux",
              "bowler": "RS Gayakwad",
              "non_striker": "RM Ghosh",
              "runs": {
                "batter": 0,
                "extras": 0,
                "total": 0
              }
            },
            {
              "batter": "S Molineux",
              "bowler": "RS Gayakwad",
              "non_striker": "RM Ghosh",
              "runs": {
                "batter": 1,
                "extras": 0,
                "total": 1
              }
            }
          ]
        },
        {
          "over": 17,
          "deliveries": [
            {
              "batter": "S Molineux",
              "bowler": "TM McGrath",
              "non_striker": "RM Ghosh",
              "runs": {
                "batter": 1,
                "extras": 0,
                "total": 1
              }
            },
            {
              "batter": "RM Ghosh",
              "bowler": "TM McGrath",
              "non_striker": "S Molineux",
              "runs": {
                "batter": 4,
                "extras": 0,
                "total": 4
              }
            },
            {
              "batter": "RM Ghosh",
              "bowler": "TM McGrath",
              "non_striker": "S Molineux",
              "runs": {
                "batter": 4,
                "extras": 0,
                "total": 4
              }
            },
            {
              "batter": "RM Ghosh",
              "bowler": "TM McGrath",
              "non_striker": "S Molineux",
              "runs": {
                "batter": 4,
                "extras": 0,
                "total": 4
              }
            },
            {
              "batter": "RM Ghosh",
              "bowler": "TM McGrath",
              "non_striker": "S Molineux",
              "runs": {
                "batter": 0,
                "extras": 0,
                "total": 0
              }
            },
            {
              "batter": "RM Ghosh",
              "bowler": "TM McGrath",
              "non_striker": "S Molineux",
              "runs": {
                "batter": 2,
                "extras": 0,
                "total": 2
              }
            }
          ]
        },
        {
          "over": 18,
          "deliveries": [
            {
              "batter": "S Molineux",
              "bowler": "DB Sharma",
              "non_striker": "RM Ghosh",
              "runs": {
                "batter": 0,
                "extras": 0,
                "total": 0
              }
            },
            {
              "batter": "S Molineux",
              "bowler": "DB Sharma",
              "non_striker": "RM Ghosh",
              "runs": {
                "batter": 1,
                "extras": 0,
                "total": 1
              }
            },
            {
              "batter": "RM Ghosh",
              "bowler": "DB Sharma",
              "non_striker": "S Molineux",
              "runs": {
                "batter": 1,
                "extras": 0,
                "total": 1
              }
            },
            {
              "batter": "S Molineux",
              "bowler": "DB Sharma",
              "non_striker": "RM Ghosh",
              "runs": {
                "batter": 1,
                "extras": 0,
                "total": 1
              }
            },
            {
              "batter": "RM Ghosh",
              "bowler": "DB Sharma",
              "non_striker": "S Molineux",
              "runs": {
                "batter": 0,
                "extras": 0,
                "total": 0
              },
              "wickets": [
                {
                  "player_out": "RM Ghosh",
                  "kind": "bowled"
                }
              ]
            },
            {
              "batter": "SR Patil",
              "bowler": "DB Sharma",
              "non_striker": "S Molineux",
              "runs": {
                "batter": 1,
                "extras": 0,
                "total": 1
              }
            }
          ]
        },
        {
          "over": 19,
          "deliveries": [
            {
              "batter": "SR Patil",
              "bowler": "S Ecclestone",
              "non_striker": "S Molineux",
              "runs": {
                "batter": 1,
                "extras": 0,
                "total": 1
              }
            },
            {
              "batter": "S Molineux",
              "bowler": "S Ecclestone",
              "non_striker": "SR Patil",
              "runs": {
                "batter": 4,
                "extras": 0,
                "total": 4
              }
            },
            {
              "batter": "S Molineux",
              "bowler": "S Ecclestone",
              "non_striker": "SR Patil",
              "runs": {
                "batter": 0,
                "extras": 0,
                "total": 0
              }
            },
            {
              "batter": "S Molineux",
              "bowler": "S Ecclestone",
              "non_striker": "SR Patil",
              "runs": {
                "batter": 1,
                "extras": 0,
                "total": 1
              }
            },
            {
              "batter": "SR Patil",
              "bowler": "S Ecclestone",
              "non_striker": "S Molineux",
              "runs": {
                "batter": 0,
                "extras": 0,
                "total": 0
              }
            },
            {
              "batter": "SR Patil",
              "bowler": "S Ecclestone",
              "non_striker": "S Molineux",
              "runs": {
                "batter": 6,
                "extras": 0,
                "total": 6
              }
            }
          ]
        }
      ],
      "powerplays": [
        {
          "from": 0.1,
          "to": 5.6,
          "type": "mandatory"
        }
      ]
    },
    {
      "team": "UP Warriorz",
      "overs": [
        {
          "over": 0,
          "deliveries": [
            {
              "batter": "AJ Healy",
              "bowler": "Renuka Singh",
              "non_striker": "D Vrinda",
              "runs": {
                "batter": 0,
                "extras": 0,
                "total": 0
              }
            },
            {
              "batter": "AJ Healy",
              "bowler": "Renuka Singh",
              "extras": {
                "wides": 1
              },
              "non_striker": "D Vrinda",
              "runs": {
                "batter": 0,
                "extras": 1,
                "total": 1
              }
            },
            {
              "batter": "AJ Healy",
              "bowler": "Renuka Singh",
              "non_striker": "D Vrinda",
              "runs": {
                "batter": 1,
                "extras": 0,
                "total": 1
              }
            },
            {
              "batter": "D Vrinda",
              "bowler": "Renuka Singh",
              "non_striker": "AJ Healy",
              "runs": {
                "batter": 4,
                "extras": 0,
                "total": 4
              }
            },
            {
              "batter": "D Vrinda",
              "bowler": "Renuka Singh",
              "non_striker": "AJ Healy",
              "runs": {
                "batter": 0,
                "extras": 0,
                "total": 0
              }
            },
            {
              "batter": "D Vrinda",
              "bowler": "Renuka Singh",
              "non_striker": "AJ Healy",
              "runs": {
                "batter": 0,
                "extras": 0,
                "total": 0
              }
            },
            {
              "batter": "D Vrinda",
              "bowler": "Renuka Singh",
              "non_striker": "AJ Healy",
              "runs": {
                "batter": 0,
                "extras": 0,
                "total": 0
              }
            }
          ]
        },
        {
          "over": 1,
          "deliveries": [
            {
              "batter": "AJ Healy",
              "bowler": "S Molineux",
              "non_striker": "D Vrinda",
              "runs": {
                "batter": 4,
                "extras": 0,
                "total": 4
              }
            },
            {
              "batter": "AJ Healy",
              "bowler": "S Molineux",
              "non_striker": "D Vrinda",
              "runs": {
                "batter": 0,
                "extras": 0,
                "total": 0
              },
              "wickets": [
                {
                  "player_out": "AJ Healy",
                  "kind": "bowled"
                }
              ]
            },
            {
              "batter": "TM McGrath",
              "bowler": "S Molineux",
              "non_striker": "D Vrinda",
              "runs": {
                "batter": 3,
                "extras": 0,
                "total": 3
              }
            },
            {
              "batter": "D Vrinda",
              "bowler": "S Molineux",
              "non_striker": "TM McGrath",
              "runs": {
                "batter": 0,
                "extras": 0,
                "total": 0
              }
            },
            {
              "batter": "D Vrinda",
              "bowler": "S Molineux",
              "non_striker": "TM McGrath",
              "runs": {
                "batter": 4,
                "extras": 0,
                "total": 4
              }
            },
            {
              "batter": "D Vrinda",
              "bowler": "S Molineux",
              "non_striker": "TM McGrath",
              "runs": {
                "batter": 0,
                "extras": 0,
                "total": 0
              }
            }
          ]
        },
        {
          "over": 2,
          "deliveries": [
            {
              "batter": "TM McGrath",
              "bowler": "Renuka Singh",
              "non_striker": "D Vrinda",
              "runs": {
                "batter": 1,
                "extras": 0,
                "total": 1
              }
            },
            {
              "batter": "D Vrinda",
              "bowler": "Renuka Singh",
              "non_striker": "TM McGrath",
              "runs": {
                "batter": 0,
                "extras": 0,
                "total": 0
              }
            },
            {
              "batter": "D Vrinda",
              "bowler": "Renuka Singh",
              "non_striker": "TM McGrath",
              "runs": {
                "batter": 2,
                "extras": 0,
                "total": 2
              }
            },
            {
              "batter": "D Vrinda",
              "bowler": "Renuka Singh",
              "non_striker": "TM McGrath",
              "review": {
                "by": "Royal Challengers Bangalore",
                "umpire": "N Janani",
                "batter": "D Vrinda",
                "decision": "struck down",
                "type": "wicket",
                "umpires_call": true
              },
              "runs": {
                "batter": 0,
                "extras": 0,
                "total": 0
              }
            },
            {
              "batter": "D Vrinda",
              "bowler": "Renuka Singh",
              "non_striker": "TM McGrath",
              "review": {
                "by": "Royal Challengers Bangalore",
                "umpire": "N Janani",
                "batter": "D Vrinda",
                "decision": "struck down",
                "type": "wicket"
              },
              "runs": {
                "batter": 0,
                "extras": 0,
                "total": 0
              }
            },
            {
              "batter": "D Vrinda",
              "bowler": "Renuka Singh",
              "non_striker": "TM McGrath",
              "runs": {
                "batter": 0,
                "extras": 0,
                "total": 0
              }
            }
          ]
        },
        {
          "over": 3,
          "deliveries": [
            {
              "batter": "TM McGrath",
              "bowler": "S Molineux",
              "non_striker": "D Vrinda",
              "runs": {
                "batter": 1,
                "extras": 0,
                "total": 1
              }
            },
            {
              "batter": "D Vrinda",
              "bowler": "S Molineux",
              "non_striker": "TM McGrath",
              "runs": {
                "batter": 0,
                "extras": 0,
                "total": 0
              }
            },
            {
              "batter": "D Vrinda",
              "bowler": "S Molineux",
              "non_striker": "TM McGrath",
              "runs": {
                "batter": 1,
                "extras": 0,
                "total": 1
              }
            },
            {
              "batter": "TM McGrath",
              "bowler": "S Molineux",
              "non_striker": "D Vrinda",
              "runs": {
                "batter": 0,
                "extras": 0,
                "total": 0
              }
            },
            {
              "batter": "TM McGrath",
              "bowler": "S Molineux",
              "non_striker": "D Vrinda",
              "runs": {
                "batter": 1,
                "extras": 0,
                "total": 1
              }
            },
            {
              "batter": "D Vrinda",
              "bowler": "S Molineux",
              "non_striker": "TM McGrath",
              "runs": {
                "batter": 0,
                "extras": 0,
                "total": 0
              }
            }
          ]
        },
        {
          "over": 4,
          "deliveries": [
            {
              "batter": "TM McGrath",
              "bowler": "Renuka Singh",
              "non_striker": "D Vrinda",
              "runs": {
                "batter": 0,
                "extras": 0,
                "total": 0
              }
            },
            {
              "batter": "TM McGrath",
              "bowler": "Renuka Singh",
              "non_striker": "D Vrinda",
              "runs": {
                "batter": 1,
                "extras": 0,
                "total": 1
              }
            },
            {
              "batter": "D Vrinda",
              "bowler": "Renuka Singh",
              "non_striker": "TM McGrath",
              "runs": {
                "batter": 0,
                "extras": 0,
                "total": 0
              }
            },
            {
              "batter": "D Vrinda",
              "bowler": "Renuka Singh",
              "non_striker": "TM McGrath",
              "runs": {
                "batter": 0,
                "extras": 0,
                "total": 0
              }
            },
            {
              "batter": "D Vrinda",
              "bowler": "Renuka Singh",
              "non_striker": "TM McGrath",
              "runs": {
                "batter": 4,
                "extras": 0,
                "total": 4
              }
            },
            {
              "batter": "D Vrinda",
              "bowler": "Renuka Singh",
              "non_striker": "TM McGrath",
              "runs": {
                "batter": 0,
                "extras": 0,
                "total": 0
              }
            }
          ]
        },
        {
          "over": 5,
          "deliveries": [
            {
              "batter": "TM McGrath",
              "bowler": "SR Patil",
              "non_striker": "D Vrinda",
              "runs": {
                "batter": 0,
                "extras": 0,
                "total": 0
              }
            },
            {
              "batter": "TM McGrath",
              "bowler": "SR Patil",
              "non_striker": "D Vrinda",
              "runs": {
                "batter": 4,
                "extras": 0,
                "total": 4
              }
            },
            {
              "batter": "TM McGrath",
              "bowler": "SR Patil",
              "non_striker": "D Vrinda",
              "runs": {
                "batter": 0,
                "extras": 0,
                "total": 0
              }
            },
            {
              "batter": "TM McGrath",
              "bowler": "SR Patil",
              "non_striker": "D Vrinda",
              "runs": {
                "batter": 0,
                "extras": 0,
                "total": 0
              }
            },
            {
              "batter": "TM McGrath",
              "bowler": "SR Patil",
              "non_striker": "D Vrinda",
              "runs": {
                "batter": 0,
                "extras": 0,
                "total": 0
              }
            },
            {
              "batter": "TM McGrath",
              "bowler": "SR Patil",
              "non_striker": "D Vrinda",
              "runs": {
                "batter": 4,
                "extras": 0,
                "total": 4
              }
            }
          ]
        },
        {
          "over": 6,
          "deliveries": [
            {
              "batter": "D Vrinda",
              "bowler": "S Asha",
              "non_striker": "TM McGrath",
              "runs": {
                "batter": 0,
                "extras": 0,
                "total": 0
              }
            },
            {
              "batter": "D Vrinda",
              "bowler": "S Asha",
              "non_striker": "TM McGrath",
              "runs": {
                "batter": 0,
                "extras": 0,
                "total": 0
              }
            },
            {
              "batter": "D Vrinda",
              "bowler": "S Asha",
              "non_striker": "TM McGrath",
              "runs": {
                "batter": 0,
                "extras": 0,
                "total": 0
              }
            },
            {
              "batter": "D Vrinda",
              "bowler": "S Asha",
              "non_striker": "TM McGrath",
              "runs": {
                "batter": 1,
                "extras": 0,
                "total": 1
              }
            },
            {
              "batter": "TM McGrath",
              "bowler": "S Asha",
              "non_striker": "D Vrinda",
              "runs": {
                "batter": 6,
                "extras": 0,
                "total": 6
              }
            },
            {
              "batter": "TM McGrath",
              "bowler": "S Asha",
              "non_striker": "D Vrinda",
              "runs": {
                "batter": 0,
                "extras": 0,
                "total": 0
              }
            }
          ]
        },
        {
          "over": 7,
          "deliveries": [
            {
              "batter": "D Vrinda",
              "bowler": "G Wareham",
              "non_striker": "TM McGrath",
              "runs": {
                "batter": 0,
                "extras": 0,
                "total": 0
              }
            },
            {
              "batter": "D Vrinda",
              "bowler": "G Wareham",
              "extras": {
                "wides": 1
              },
              "non_striker": "TM McGrath",
              "runs": {
                "batter": 0,
                "extras": 1,
                "total": 1
              }
            },
            {
              "batter": "D Vrinda",
              "bowler": "G Wareham",
              "extras": {
                "wides": 1
              },
              "non_striker": "TM McGrath",
              "runs": {
                "batter": 0,
                "extras": 1,
                "total": 1
              }
            },
            {
              "batter": "D Vrinda",
              "bowler": "G Wareham",
              "non_striker": "TM McGrath",
              "runs": {
                "batter": 1,
                "extras": 0,
                "total": 1
              }
            },
            {
              "batter": "TM McGrath",
              "bowler": "G Wareham",
              "non_striker": "D Vrinda",
              "runs": {
                "batter": 0,
                "extras": 0,
                "total": 0
              }
            },
            {
              "batter": "TM McGrath",
              "bowler": "G Wareham",
              "non_striker": "D Vrinda",
              "runs": {
                "batter": 1,
                "extras": 0,
                "total": 1
              }
            },
            {
              "batter": "D Vrinda",
              "bowler": "G Wareham",
              "non_striker": "TM McGrath",
              "runs": {
                "batter": 0,
                "extras": 0,
                "total": 0
              }
            },
            {
              "batter": "D Vrinda",
              "bowler": "G Wareham",
              "non_striker": "TM McGrath",
              "runs": {
                "batter": 1,
                "extras": 0,
                "total": 1
              }
            }
          ]
        },
        {
          "over": 8,
          "deliveries": [
            {
              "batter": "D Vrinda",
              "bowler": "S Asha",
              "non_striker": "TM McGrath",
              "runs": {
                "batter": 0,
                "extras": 0,
                "total": 0
              },
              "wickets": [
                {
                  "player_out": "D Vrinda",
                  "fielders": [
                    {
                      "name": "RM Ghosh"
                    }
                  ],
                  "kind": "stumped"
                }
              ]
            },
            {
              "batter": "GM Harris",
              "bowler": "S Asha",
              "non_striker": "TM McGrath",
              "runs": {
                "batter": 1,
                "extras": 0,
                "total": 1
              }
            },
            {
              "batter": "TM McGrath",
              "bowler": "S Asha",
              "non_striker": "GM Harris",
              "runs": {
                "batter": 0,
                "extras": 0,
                "total": 0
              },
              "wickets": [
                {
                  "player_out": "TM McGrath",
                  "kind": "bowled"
                }
              ]
            },
            {
              "batter": "S Sehrawat",
              "bowler": "S Asha",
              "non_striker": "GM Harris",
              "runs": {
                "batter": 0,
                "extras": 0,
                "total": 0
              }
            },
            {
              "batter": "S Sehrawat",
              "bowler": "S Asha",
              "non_striker": "GM Harris",
              "runs": {
                "batter": 1,
                "extras": 0,
                "total": 1
              }
            },
            {
              "batter": "GM Harris",
              "bowler": "S Asha",
              "non_striker": "S Sehrawat",
              "runs": {
                "batter": 0,
                "extras": 0,
                "total": 0
              }
            }
          ]
        },
        {
          "over": 9,
          "deliveries": [
            {
              "batter": "S Sehrawat",
              "bowler": "G Wareham",
              "non_striker": "GM Harris",
              "runs": {
                "batter": 1,
                "extras": 0,
                "total": 1
              }
            },
            {
              "batter": "GM Harris",
              "bowler": "G Wareham",
              "non_striker": "S Sehrawat",
              "runs": {
                "batter": 4,
                "extras": 0,
                "total": 4
              }
            },
            {
              "batter": "GM Harris",
              "bowler": "G Wareham",
              "non_striker": "S Sehrawat",
              "runs": {
                "batter": 4,
                "extras": 0,
                "total": 4
              }
            },
            {
              "batter": "GM Harris",
              "bowler": "G Wareham",
              "extras": {
                "wides": 1
              },
              "non_striker": "S Sehrawat",
              "runs": {
                "batter": 0,
                "extras": 1,
                "total": 1
              }
            },
            {
              "batter": "GM Harris",
              "bowler": "G Wareham",
              "non_striker": "S Sehrawat",
              "runs": {
                "batter": 1,
                "extras": 0,
                "total": 1
              }
            },
            {
              "batter": "S Sehrawat",
              "bowler": "G Wareham",
              "non_striker": "GM Harris",
              "runs": {
                "batter": 0,
                "extras": 0,
                "total": 0
              }
            },
            {
              "batter": "S Sehrawat",
              "bowler": "G Wareham",
              "non_striker": "GM Harris",
              "runs": {
                "batter": 2,
                "extras": 0,
                "total": 2
              }
            }
          ]
        },
        {
          "over": 10,
          "deliveries": [
            {
              "batter": "GM Harris",
              "bowler": "S Asha",
              "non_striker": "S Sehrawat",
              "runs": {
                "batter": 6,
                "extras": 0,
                "total": 6
              }
            },
            {
              "batter": "GM Harris",
              "bowler": "S Asha",
              "non_striker": "S Sehrawat",
              "runs": {
                "batter": 0,
                "extras": 0,
                "total": 0
              }
            },
            {
              "batter": "GM Harris",
              "bowler": "S Asha",
              "non_striker": "S Sehrawat",
              "runs": {
                "batter": 1,
                "extras": 0,
                "total": 1
              }
            },
            {
              "batter": "S Sehrawat",
              "bowler": "S Asha",
              "non_striker": "GM Harris",
              "runs": {
                "batter": 4,
                "extras": 0,
                "total": 4
              }
            },
            {
              "batter": "S Sehrawat",
              "bowler": "S Asha",
              "non_striker": "GM Harris",
              "runs": {
                "batter": 0,
                "extras": 0,
                "total": 0
              }
            },
            {
              "batter": "S Sehrawat",
              "bowler": "S Asha",
              "non_striker": "GM Harris",
              "runs": {
                "batter": 0,
                "extras": 0,
                "total": 0
              }
            }
          ]
        },
        {
          "over": 11,
          "deliveries": [
            {
              "batter": "GM Harris",
              "bowler": "EA Perry",
              "non_striker": "S Sehrawat",
              "review": {
                "by": "Royal Challengers Bangalore",
                "umpire": "Abhijit Bhattacharya",
                "batter": "GM Harris",
                "decision": "struck down",
                "type": "wicket"
              },
              "runs": {
                "batter": 0,
                "extras": 0,
                "total": 0
              }
            },
            {
              "batter": "GM Harris",
              "bowler": "EA Perry",
              "non_striker": "S Sehrawat",
              "runs": {
                "batter": 1,
                "extras": 0,
                "total": 1
              }
            },
            {
              "batter": "S Sehrawat",
              "bowler": "EA Perry",
              "non_striker": "GM Harris",
              "runs": {
                "batter": 0,
                "extras": 0,
                "total": 0
              }
            },
            {
              "batter": "S Sehrawat",
              "bowler": "EA Perry",
              "non_striker": "GM Harris",
              "runs": {
                "batter": 0,
                "extras": 0,
                "total": 0
              }
            },
            {
              "batter": "S Sehrawat",
              "bowler": "EA Perry",
              "non_striker": "GM Harris",
              "runs": {
                "batter": 0,
                "extras": 0,
                "total": 0
              }
            },
            {
              "batter": "S Sehrawat",
              "bowler": "EA Perry",
              "non_striker": "GM Harris",
              "runs": {
                "batter": 1,
                "extras": 0,
                "total": 1
              }
            }
          ]
        },
        {
          "over": 12,
          "deliveries": [
            {
              "batter": "S Sehrawat",
              "bowler": "SFM Devine",
              "extras": {
                "wides": 1
              },
              "non_striker": "GM Harris",
              "runs": {
                "batter": 0,
                "extras": 1,
                "total": 1
              }
            },
            {
              "batter": "S Sehrawat",
              "bowler": "SFM Devine",
              "non_striker": "GM Harris",
              "runs": {
                "batter": 2,
                "extras": 0,
                "total": 2
              }
            },
            {
              "batter": "S Sehrawat",
              "bowler": "SFM Devine",
              "non_striker": "GM Harris",
              "runs": {
                "batter": 1,
                "extras": 0,
                "total": 1
              }
            },
            {
              "batter": "GM Harris",
              "bowler": "SFM Devine",
              "non_striker": "S Sehrawat",
              "runs": {
                "batter": 0,
                "extras": 0,
                "total": 0
              }
            },
            {
              "batter": "GM Harris",
              "bowler": "SFM Devine",
              "non_striker": "S Sehrawat",
              "runs": {
                "batter": 4,
                "extras": 0,
                "total": 4
              }
            },
            {
              "batter": "GM Harris",
              "bowler": "SFM Devine",
              "extras": {
                "wides": 1
              },
              "non_striker": "S Sehrawat",
              "runs": {
                "batter": 0,
                "extras": 1,
                "total": 1
              }
            },
            {
              "batter": "GM Harris",
              "bowler": "SFM Devine",
              "non_striker": "S Sehrawat",
              "runs": {
                "batter": 1,
                "extras": 0,
                "total": 1
              }
            },
            {
              "batter": "S Sehrawat",
              "bowler": "SFM Devine",
              "non_striker": "GM Harris",
              "runs": {
                "batter": 0,
                "extras": 0,
                "total": 0
              }
            }
          ]
        },
        {
          "over": 13,
          "deliveries": [
            {
              "batter": "GM Harris",
              "bowler": "EA Perry",
              "non_striker": "S Sehrawat",
              "runs": {
                "batter": 4,
                "extras": 0,
                "total": 4
              }
            },
            {
              "batter": "GM Harris",
              "bowler": "EA Perry",
              "non_striker": "S Sehrawat",
              "runs": {
                "batter": 0,
                "extras": 0,
                "total": 0
              }
            },
            {
              "batter": "GM Harris",
              "bowler": "EA Perry",
              "non_striker": "S Sehrawat",
              "runs": {
                "batter": 1,
                "extras": 0,
                "total": 1
              }
            },
            {
              "batter": "S Sehrawat",
              "bowler": "EA Perry",
              "non_striker": "GM Harris",
              "runs": {
                "batter": 4,
                "extras": 0,
                "total": 4
              }
            },
            {
              "batter": "S Sehrawat",
              "bowler": "EA Perry",
              "non_striker": "GM Harris",
              "runs": {
                "batter": 0,
                "extras": 0,
                "total": 0
              }
            },
            {
              "batter": "S Sehrawat",
              "bowler": "EA Perry",
              "extras": {
                "wides": 1
              },
              "non_striker": "GM Harris",
              "runs": {
                "batter": 0,
                "extras": 1,
                "total": 1
              }
            },
            {
              "batter": "S Sehrawat",
              "bowler": "EA Perry",
              "non_striker": "GM Harris",
              "runs": {
                "batter": 6,
                "extras": 0,
                "total": 6
              }
            }
          ]
        },
        {
          "over": 14,
          "deliveries": [
            {
              "batter": "GM Harris",
              "bowler": "S Molineux",
              "non_striker": "S Sehrawat",
              "runs": {
                "batter": 1,
                "extras": 0,
                "total": 1
              }
            },
            {
              "batter": "S Sehrawat",
              "bowler": "S Molineux",
              "non_striker": "GM Harris",
              "runs": {
                "batter": 3,
                "extras": 0,
                "total": 3
              }
            },
            {
              "batter": "GM Harris",
              "bowler": "S Molineux",
              "non_striker": "S Sehrawat",
              "runs": {
                "batter": 1,
                "extras": 0,
                "total": 1
              }
            },
            {
              "batter": "S Sehrawat",
              "bowler": "S Molineux",
              "non_striker": "GM Harris",
              "runs": {
                "batter": 2,
                "extras": 0,
                "total": 2
              }
            },
            {
              "batter": "S Sehrawat",
              "bowler": "S Molineux",
              "non_striker": "GM Harris",
              "runs": {
                "batter": 1,
                "extras": 0,
                "total": 1
              }
            },
            {
              "batter": "GM Harris",
              "bowler": "S Molineux",
              "non_striker": "S Sehrawat",
              "runs": {
                "batter": 6,
                "extras": 0,
                "total": 6
              }
            }
          ]
        },
        {
          "over": 15,
          "deliveries": [
            {
              "batter": "S Sehrawat",
              "bowler": "SR Patil",
              "extras": {
                "wides": 5
              },
              "non_striker": "GM Harris",
              "runs": {
                "batter": 0,
                "extras": 5,
                "total": 5
              }
            },
            {
              "batter": "S Sehrawat",
              "bowler": "SR Patil",
              "non_striker": "GM Harris",
              "runs": {
                "batter": 1,
                "extras": 0,
                "total": 1
              }
            },
            {
              "batter": "GM Harris",
              "bowler": "SR Patil",
              "non_striker": "S Sehrawat",
              "runs": {
                "batter": 1,
                "extras": 0,
                "total": 1
              }
            },
            {
              "batter": "S Sehrawat",
              "bowler": "SR Patil",
              "non_striker": "GM Harris",
              "runs": {
                "batter": 1,
                "extras": 0,
                "total": 1
              }
            },
            {
              "batter": "GM Harris",
              "bowler": "SR Patil",
              "non_striker": "S Sehrawat",
              "runs": {
                "batter": 0,
                "extras": 0,
                "total": 0
              }
            },
            {
              "batter": "GM Harris",
              "bowler": "SR Patil",
              "non_striker": "S Sehrawat",
              "runs": {
                "batter": 1,
                "extras": 0,
                "total": 1
              }
            },
            {
              "batter": "S Sehrawat",
              "bowler": "SR Patil",
              "non_striker": "GM Harris",
              "runs": {
                "batter": 1,
                "extras": 0,
                "total": 1
              }
            }
          ]
        },
        {
          "over": 16,
          "deliveries": [
            {
              "batter": "S Sehrawat",
              "bowler": "S Asha",
              "non_striker": "GM Harris",
              "runs": {
                "batter": 0,
                "extras": 0,
                "total": 0
              },
              "wickets": [
                {
                  "player_out": "S Sehrawat",
                  "fielders": [
                    {
                      "name": "S Mandhana"
                    }
                  ],
                  "kind": "caught"
                }
              ]
            },
            {
              "batter": "KP Navgire",
              "bowler": "S Asha",
              "non_striker": "GM Harris",
              "review": {
                "by": "UP Warriorz",
                "umpire": "N Janani",
                "batter": "KP Navgire",
                "decision": "upheld",
                "type": "wicket"
              },
              "runs": {
                "batter": 0,
                "extras": 0,
                "total": 0
              }
            },
            {
              "batter": "KP Navgire",
              "bowler": "S Asha",
              "non_striker": "GM Harris",
              "runs": {
                "batter": 1,
                "extras": 0,
                "total": 1
              }
            },
            {
              "batter": "GM Harris",
              "bowler": "S Asha",
              "non_striker": "KP Navgire",
              "runs": {
                "batter": 0,
                "extras": 0,
                "total": 0
              },
              "wickets": [
                {
                  "player_out": "GM Harris",
                  "kind": "bowled"
                }
              ]
            },
            {
              "batter": "PN Khemnar",
              "bowler": "S Asha",
              "non_striker": "KP Navgire",
              "runs": {
                "batter": 1,
                "extras": 0,
                "total": 1
              }
            },
            {
              "batter": "KP Navgire",
              "bowler": "S Asha",
              "non_striker": "PN Khemnar",
              "runs": {
                "batter": 0,
                "extras": 0,
                "total": 0
              },
              "wickets": [
                {
                  "player_out": "KP Navgire",
                  "fielders": [
                    {
                      "name": "RM Ghosh"
                    }
                  ],
                  "kind": "stumped"
                }
              ]
            }
          ]
        },
        {
          "over": 17,
          "deliveries": [
            {
              "batter": "PN Khemnar",
              "bowler": "SR Patil",
              "non_striker": "DB Sharma",
              "runs": {
                "batter": 4,
                "extras": 0,
                "total": 4
              }
            },
            {
              "batter": "PN Khemnar",
              "bowler": "SR Patil",
              "non_striker": "DB Sharma",
              "runs": {
                "batter": 4,
                "extras": 0,
                "total": 4
              }
            },
            {
              "batter": "PN Khemnar",
              "bowler": "SR Patil",
              "non_striker": "DB Sharma",
              "runs": {
                "batter": 1,
                "extras": 0,
                "total": 1
              }
            },
            {
              "batter": "DB Sharma",
              "bowler": "SR Patil",
              "non_striker": "PN Khemnar",
              "runs": {
                "batter": 0,
                "extras": 0,
                "total": 0
              }
            },
            {
              "batter": "DB Sharma",
              "bowler": "SR Patil",
              "non_striker": "PN Khemnar",
              "runs": {
                "batter": 4,
                "extras": 0,
                "total": 4
              }
            },
            {
              "batter": "DB Sharma",
              "bowler": "SR Patil",
              "non_striker": "PN Khemnar",
              "runs": {
                "batter": 1,
                "extras": 0,
                "total": 1
              }
            }
          ]
        },
        {
          "over": 18,
          "deliveries": [
            {
              "batter": "DB Sharma",
              "bowler": "G Wareham",
              "non_striker": "PN Khemnar",
              "runs": {
                "batter": 1,
                "extras": 0,
                "total": 1
              }
            },
            {
              "batter": "PN Khemnar",
              "bowler": "G Wareham",
              "non_striker": "DB Sharma",
              "runs": {
                "batter": 0,
                "extras": 0,
                "total": 0
              }
            },
            {
              "batter": "PN Khemnar",
              "bowler": "G Wareham",
              "non_striker": "DB Sharma",
              "runs": {
                "batter": 4,
                "extras": 0,
                "total": 4
              }
            },
            {
              "batter": "PN Khemnar",
              "bowler": "G Wareham",
              "non_striker": "DB Sharma",
              "runs": {
                "batter": 0,
                "extras": 0,
                "total": 0
              },
              "wickets": [
                {
                  "player_out": "PN Khemnar",
                  "kind": "bowled"
                }
              ]
            },
            {
              "batter": "S Ecclestone",
              "bowler": "G Wareham",
              "non_striker": "DB Sharma",
              "runs": {
                "batter": 0,
                "extras": 0,
                "total": 0
              }
            },
            {
              "batter": "S Ecclestone",
              "bowler": "G Wareham",
              "non_striker": "DB Sharma",
              "runs": {
                "batter": 0,
                "extras": 0,
                "total": 0
              }
            }
          ]
        },
        {
          "over": 19,
          "deliveries": [
            {
              "batter": "DB Sharma",
              "bowler": "S Molineux",
              "non_striker": "S Ecclestone",
              "runs": {
                "batter": 1,
                "extras": 0,
                "total": 1
              }
            },
            {
              "batter": "S Ecclestone",
              "bowler": "S Molineux",
              "non_striker": "DB Sharma",
              "runs": {
                "batter": 1,
                "extras": 0,
                "total": 1
              }
            },
            {
              "batter": "DB Sharma",
              "bowler": "S Molineux",
              "non_striker": "S Ecclestone",
              "runs": {
                "batter": 0,
                "extras": 0,
                "total": 0
              }
            },
            {
              "batter": "DB Sharma",
              "bowler": "S Molineux",
              "non_striker": "S Ecclestone",
              "runs": {
                "batter": 0,
                "extras": 0,
                "total": 0
              }
            },
            {
              "batter": "DB Sharma",
              "bowler": "S Molineux",
              "non_striker": "S Ecclestone",
              "runs": {
                "batter": 4,
                "extras": 0,
                "total": 4
              }
            },
            {
              "batter": "DB Sharma",
              "bowler": "S Molineux",
              "non_striker": "S Ecclestone",
              "runs": {
                "batter": 2,
                "extras": 0,
                "total": 2
              }
            }
          ]
        }
      ],
      "powerplays": [
        {
          "from": 0.1,
          "to": 5.6,
          "type": "mandatory"
        }
      ],
      "target": {
        "overs": 20,
        "runs": 158
      }
    }
  ]
}