{
  "meta": {
    "data_version": "1.1.0",
    "created": "2024-03-12",
    "revision": 1
  },
  "info": {
    "balls_per_over": 6,
    "city": "Delhi",
    "dates": [
      "2024-03-10"
    ],
    "event": {
      "name": "Women's Premier League",
      "match_number": 17
    },
    "gender": "female",
    "match_type": "T20",
    "officials": {
      "match_referees": [
        "RB Kalita"
      ],
      "reserve_umpires": [
        "P Joshi"
      ],
      "tv_umpires": [
        "Mohamad Rafi"
      ],
      "umpires": [
        "Abhijit Bhattacharya",
        "N Janani"
      ]
    },
    "outcome": {
      "winner": "Delhi Capitals",
      "by": {
        "runs": 1
      }
    },
    "overs": 20,
    "player_of_match": [
      "JI Rodrigues"
    ],
    "players": {
      "Delhi Capitals": [
        "MM Lanning",
        "Shafali Verma",
        "JI Rodrigues",
        "A Capsey",
        "M Kapp",
        "JL Jonassen",
        "RP Yadav",
        "A Reddy",
        "T Bhatia",
        "S Pandey",
        "TR Sadhu"
      ],
      "Royal Challengers Bangalore": [
        "S Mandhana",
        "S Molineux",
        "EA Perry",
        "SFM Devine",
        "RM Ghosh",
        "G Wareham",
        "DD Kasat",
        "SR Patil",
        "S Asha",
        "SB Pokharkar",
        "Renuka Singh"
      ]
    },
    "registry": {
      "people": {
        "A Capsey": "910dd54e",
        "A Reddy": "eadc8924",
        "Abhijit Bhattacharya": "59ec9638",
        "DD Kasat": "fc0155d9",
        "EA Perry": "be150fc8",
        "G Wareham": "f0b4e47d",
        "JI Rodrigues": "cb08b611",
        "JL Jonassen": "0475a86b",
        "M Kapp": "63e3b6b3",
        "MM Lanning": "27e003ce",
        "Mohamad Rafi": "0479de6b",
        "N Janani": "d06a665d",
        "P Joshi": "ffc0e370",
        "RB Kalita": "8d7ad5a6",
        "RM Ghosh": "721e0199",
        "RP Yadav": "6c3aef71",
        "Renuka Singh": "7298db76",
        "S Asha": "77143581",
        "S Mandhana": "5d2eda89",
        "S Molineux": "99e23670",
        "S Pandey": "5463cb7a",
        "SB Pokharkar": "e00d2089",
        "SFM Devine": "de69af96",
        "SR Patil": "33946d69",
        "Shafali Verma": "d8f59089",
        "T Bhatia": "211dc1ce",
        "TR Sadhu": "25ca0573"
      }
    },
    "season": "2023/24",
    "team_type": "club",
    "teams": [
      "Delhi Capitals",
      "Royal Challengers Bangalore"
    ],
    "toss": {
      "decision": "bat",
      "winner": "Delhi Capitals"
    },
    "venue": "Arun Jaitley Stadium, Delhi"
  },
  "innings": [
    {
      "team": "Delhi Capitals",
      "overs": [
        {
          "over": 0,
          "deliveries": [
            {
              "batter": "MM Lanning",
              "bowler": "Renuka Singh",
              "non_striker": "Shafali Verma",
              "runs": {
                "batter": 1,
                "extras": 0,
                "total": 1
              }
            },
            {
              "batter": "Shafali Verma",
              "bowler": "Renuka Singh",
              "extras": {
                "wides": 1
              },
              "non_striker": "MM Lanning",
              "runs": {
                "batter": 0,
                "extras": 1,
                "total": 1
              }
            },
            {
              "batter": "Shafali Verma",
              "bowler": "Renuka Singh",
              "extras": {
                "legbyes": 1
              },
              "non_striker": "MM Lanning",
              "runs": {
                "batter": 0,
                "extras": 1,
                "total": 1
              }
            },
            {
              "batter": "MM Lanning",
              "bowler": "Renuka Singh",
              "non_striker": "Shafali Verma",
              "runs": {
                "batter": 0,
                "extras": 0,
                "total": 0
              }
            },
            {
              "batter": "MM Lanning",
              "bowler": "Renuka Singh",
              "non_striker": "Shafali Verma",
              "runs": {
                "batter": 0,
                "extras": 0,
                "total": 0
              }
            },
            {
              "batter": "MM Lanning",
              "bowler": "Renuka Singh",
              "non_striker": "Shafali Verma",
              "runs": {
                "batter": 0,
                "extras": 0,
                "total": 0
              }
            },
            {
              "batter": "MM Lanning",
              "bowler": "Renuka Singh",
              "non_striker": "Shafali Verma",
              "runs": {
                "batter": 0,
                "extras": 0,
                "total": 0
              }
            }
          ]
        },
        {
          "over": 1,
          "deliveries": [
            {
              "batter": "Shafali Verma",
              "bowler": "SB Pokharkar",
              "non_striker": "MM Lanning",
              "runs": {
                "batter": 4,
                "extras": 0,
                "total": 4
              }
            },
            {
              "batter": "Shafali Verma",
              "bowler": "SB Pokharkar",
              "non_striker": "MM Lanning",
              "runs": {
                "batter": 0,
                "extras": 0,
                "total": 0
              }
            },
            {
              "batter": "Shafali Verma",
              "bowler": "SB Pokharkar",
              "non_striker": "MM Lanning",
              "runs": {
                "batter": 0,
                "extras": 0,
                "total": 0
              }
            },
            {
              "batter": "Shafali Verma",
              "bowler": "SB Pokharkar",
              "non_striker": "MM Lanning",
              "runs": {
                "batter": 1,
                "extras": 0,
                "total": 1
              }
            },
            {
              "batter": "MM Lanning",
              "bowler": "SB Pokharkar",
              "non_striker": "Shafali Verma",
              "runs": {
                "batter": 0,
                "extras": 0,
                "total": 0
              }
            },
            {
              "batter": "MM Lanning",
              "bowler": "SB Pokharkar",
              "non_striker": "Shafali Verma",
              "runs": {
                "batter": 1,
                "extras": 0,
                "total": 1
              }
            }
          ]
        },
        {
          "over": 2,
          "deliveries": [
            {
              "batter": "MM Lanning",
              "bowler": "S Molineux",
              "non_striker": "Shafali Verma",
              "runs": {
                "batter": 1,
                "extras": 0,
                "total": 1
              }
            },
            {
              "batter": "Shafali Verma",
              "bowler": "S Molineux",
              "non_striker": "MM Lanning",
              "runs": {
                "batter": 1,
                "extras": 0,
                "total": 1
              }
            },
            {
              "batter": "MM Lanning",
              "bowler": "S Molineux",
              "non_striker": "Shafali Verma",
              "runs": {
                "batter": 1,
                "extras": 0,
                "total": 1
              }
            },
            {
              "batter": "Shafali Verma",
              "bowler": "S Molineux",
              "non_striker": "MM Lanning",
              "runs": {
                "batter": 0,
                "extras": 0,
                "total": 0
              }
            },
            {
              "batter": "Shafali Verma",
              "bowler": "S Molineux",
              "non_striker": "MM Lanning",
              "runs": {
                "batter": 0,
                "extras": 0,
                "total": 0
              }
            },
            {
              "batter": "Shafali Verma",
              "bowler": "S Molineux",
              "non_striker": "MM Lanning",
              "runs": {
                "batter": 4,
                "extras": 0,
                "total": 4
              }
            }
          ]
        },
        {
          "over": 3,
          "deliveries": [
            {
              "batter": "MM Lanning",
              "bowler": "Renuka Singh",
              "non_striker": "Shafali Verma",
              "runs": {
                "batter": 4,
                "extras": 0,
                "total": 4
              }
            },
            {
              "batter": "MM Lanning",
              "bowler": "Renuka Singh",
              "non_striker": "Shafali Verma",
              "runs": {
                "batter": 4,
                "extras": 0,
                "total": 4
              }
            },
            {
              "batter": "MM Lanning",
              "bowler": "Renuka Singh",
              "extras": {
                "wides": 1
              },
              "non_striker": "Shafali Verma",
              "runs": {
                "batter": 0,
                "extras": 1,
                "total": 1
              }
            },
            {
              "batter": "MM Lanning",
              "bowler": "Renuka Singh",
              "extras": {
                "wides": 1
              },
              "non_striker": "Shafali Verma",
              "runs": {
                "batter": 0,
                "extras": 1,
                "total": 1
              }
            },
            {
              "batter": "MM Lanning",
              "bowler": "Renuka Singh",
              "non_striker": "Shafali Verma",
              "runs": {
                "batter": 4,
                "extras": 0,
                "total": 4
              }
            },
            {
              "batter": "MM Lanning",
              "bowler": "Renuka Singh",
              "non_striker": "Shafali Verma",
              "runs": {
                "batter": 0,
                "extras": 0,
                "total": 0
              }
            },
            {
              "batter": "MM Lanning",
              "bowler": "Renuka Singh",
              "extras": {
                "wides": 1
              },
              "non_striker": "Shafali Verma",
              "runs": {
                "batter": 0,
                "extras": 1,
                "total": 1
              }
            },
            {
              "batter": "MM Lanning",
              "bowler": "Renuka Singh",
              "non_striker": "Shafali Verma",
              "runs": {
                "batter": 4,
                "extras": 0,
                "total": 4
              }
            },
            {
              "batter": "MM Lanning",
              "bowler": "Renuka Singh",
              "non_striker": "Shafali Verma",
              "runs": {
                "batter": 1,
                "extras": 0,
                "total": 1
              }
            }
          ]
        },
        {
          "over": 4,
          "deliveries": [
            {
              "batter": "MM Lanning",
              "bowler": "S Molineux",
              "extras": {
                "wides": 1
              },
              "non_striker": "Shafali Verma",
              "runs": {
                "batter": 0,
                "extras": 1,
                "total": 1
              }
            },
            {
              "batter": "MM Lanning",
              "bowler": "S Molineux",
              "non_striker": "Shafali Verma",
              "runs": {
                "batter": 0,
                "extras": 0,
                "total": 0
              }
            },
            {
              "batter": "MM Lanning",
              "bowler": "S Molineux",
              "non_striker": "Shafali Verma",
              "runs": {
                "batter": 1,
                "extras": 0,
                "total": 1
              }
            },
            {
              "batter": "Shafali Verma",
              "bowler": "S Molineux",
              "non_striker": "MM Lanning",
              "runs": {
                "batter": 1,
                "extras": 0,
                "total": 1
              }
            },
            {
              "batter": "MM Lanning",
              "bowler": "S Molineux",
              "non_striker": "Shafali Verma",
              "runs": {
                "batter": 1,
                "extras": 0,
                "total": 1
              }
            },
            {
              "batter": "Shafali Verma",
              "bowler": "S Molineux",
              "non_striker": "MM Lanning",
              "runs": {
                "batter": 0,
                "extras": 0,
                "total": 0
              }
            },
            {
              "batter": "Shafali Verma",
              "bowler": "S Molineux",
              "non_striker": "MM Lanning",
              "runs": {
                "batter": 1,
                "extras": 0,
                "total": 1
              }
            }
          ]
        },
        {
          "over": 5,
          "deliveries": [
            {
              "batter": "Shafali Verma",
              "bowler": "SB Pokharkar",
              "non_striker": "MM Lanning",
              "runs": {
                "batter": 1,
                "extras": 0,
                "total": 1
              }
            },
            {
              "batter": "MM Lanning",
              "bowler": "SB Pokharkar",
              "non_striker": "Shafali Verma",
              "runs": {
                "batter": 1,
                "extras": 0,
                "total": 1
              }
            },
            {
              "batter": "Shafali Verma",
              "bowler": "SB Pokharkar",
              "non_striker": "MM Lanning",
              "runs": {
                "batter": 0,
                "extras": 0,
                "total": 0
              }
            },
            {
              "batter": "Shafali Verma",
              "bowler": "SB Pokharkar",
              "non_striker": "MM Lanning",
              "runs": {
                "batter": 6,
                "extras": 0,
                "total": 6
              }
            },
            {
              "batter": "Shafali Verma",
              "bowler": "SB Pokharkar",
              "non_striker": "MM Lanning",
              "runs": {
                "batter": 4,
                "extras": 0,
                "total": 4
              }
            },
            {
              "batter": "Shafali Verma",
              "bowler": "SB Pokharkar",
              "non_striker": "MM Lanning",
              "review": {
                "by": "Royal Challengers Bangalore",
                "umpire": "N Janani",
                "batter": "Shafali Verma",
                "decision": "struck down",
                "type": "wicket"
              },
              "runs": {
                "batter": 0,
                "extras": 0,
                "total": 0
              }
            }
          ]
        },
        {
          "over": 6,
          "deliveries": [
            {
              "batter": "MM Lanning",
              "bowler": "S Asha",
              "non_striker": "Shafali Verma",
              "runs": {
                "batter": 1,
                "extras": 0,
                "total": 1
              }
            },
            {
              "batter": "Shafali Verma",
              "bowler": "S Asha",
              "non_striker": "MM Lanning",
              "runs": {
                "batter": 0,
                "extras": 0,
                "total": 0
              },
              "wickets": [
                {
                  "player_out": "Shafali Verma",
                  "fielders": [
                    {
                      "name": "S Molineux"
                    }
                  ],
                  "kind": "caught"
                }
              ]
            },
            {
              "batter": "JI Rodrigues",
              "bowler": "S Asha",
              "non_striker": "MM Lanning",
              "runs": {
                "batter": 1,
                "extras": 0,
                "total": 1
              }
            },
            {
              "batter": "MM Lanning",
              "bowler": "S Asha",
              "non_striker": "JI Rodrigues",
              "runs": {
                "batter": 0,
                "extras": 0,
                "total": 0
              }
            },
            {
              "batter": "MM Lanning",
              "bowler": "S Asha",
              "non_striker": "JI Rodrigues",
              "runs": {
                "batter": 0,
                "extras": 0,
                "total": 0
              }
            },
            {
              "batter": "MM Lanning",
              "bowler": "S Asha",
              "non_striker": "JI Rodrigues",
              "runs": {
                "batter": 0,
                "extras": 0,
                "total": 0
              }
            }
          ]
        },
        {
          "over": 7,
          "deliveries": [
            {
              "batter": "JI Rodrigues",
              "bowler": "SR Patil",
              "non_striker": "MM Lanning",
              "runs": {
                "batter": 1,
                "extras": 0,
                "total": 1
              }
            },
            {
              "batter": "MM Lanning",
              "bowler": "SR Patil",
              "non_striker": "JI Rodrigues",
              "runs": {
                "batter": 0,
                "extras": 0,
                "total": 0
              }
            },
            {
              "batter": "MM Lanning",
              "bowler": "SR Patil",
              "non_striker": "JI Rodrigues",
              "runs": {
                "batter": 4,
                "extras": 0,
                "total": 4
              }
            },
            {
              "batter": "MM Lanning",
              "bowler": "SR Patil",
              "non_striker": "JI Rodrigues",
              "review": {
                "by": "Delhi Capitals",
                "umpire": "N Janani",
                "batter": "MM Lanning",
                "decision": "struck down",
                "type": "wicket"
              },
              "runs": {
                "batter": 0,
                "extras": 0,
                "total": 0
              },
              "wickets": [
                {
                  "player_out": "MM Lanning",
                  "kind": "lbw"
                }
              ]
            },
            {
              "batter": "A Capsey",
              "bowler": "SR Patil",
              "non_striker": "JI Rodrigues",
              "runs": {
                "batter": 0,
                "extras": 0,
                "total": 0
              }
            },
            {
              "batter": "A Capsey",
              "bowler": "SR Patil",
              "non_striker": "JI Rodrigues",
              "runs": {
                "batter": 1,
                "extras": 0,
                "total": 1
              }
            }
          ]
        },
        {
          "over": 8,
          "deliveries": [
            {
              "batter": "A Capsey",
              "bowler": "S Asha",
              "non_striker": "JI Rodrigues",
              "runs": {
                "batter": 4,
                "extras": 0,
                "total": 4
              }
            },
            {
              "batter": "A Capsey",
              "bowler": "S Asha",
              "non_striker": "JI Rodrigues",
              "runs": {
                "batter": 1,
                "extras": 0,
                "total": 1
              }
            },
            {
              "batter": "JI Rodrigues",
              "bowler": "S Asha",
              "non_striker": "A Capsey",
              "runs": {
                "batter": 1,
                "extras": 0,
                "total": 1
              }
            },
            {
              "batter": "A Capsey",
              "bowler": "S Asha",
              "non_striker": "JI Rodrigues",
              "runs": {
                "batter": 1,
                "extras": 0,
                "total": 1
              }
            },
            {
              "batter": "JI Rodrigues",
              "bowler": "S Asha",
              "non_striker": "A Capsey",
              "runs": {
                "batter": 4,
                "extras": 0,
                "total": 4
              }
            },
            {
              "batter": "JI Rodrigues",
              "bowler": "S Asha",
              "non_striker": "A Capsey",
              "runs": {
                "batter": 1,
                "extras": 0,
                "total": 1
              }
            }
          ]
        },
        {
          "over": 9,
          "deliveries": [
            {
              "batter": "JI Rodrigues",
              "bowler": "SR Patil",
              "non_striker": "A Capsey",
              "runs": {
                "batter": 1,
                "extras": 0,
                "total": 1
              }
            },
            {
              "batter": "A Capsey",
              "bowler": "SR Patil",
              "non_striker": "JI Rodrigues",
              "runs": {
                "batter": 4,
                "extras": 0,
                "total": 4
              }
            },
            {
              "batter": "A Capsey",
              "bowler": "SR Patil",
              "non_striker": "JI Rodrigues",
              "runs": {
                "batter": 0,
                "extras": 0,
                "total": 0
              }
            },
            {
              "batter": "A Capsey",
              "bowler": "SR Patil",
              "non_striker": "JI Rodrigues",
              "runs": {
                "batter": 4,
                "extras": 0,
                "total": 4
              }
            },
            {
              "batter": "A Capsey",
              "bowler": "SR Patil",
              "non_striker": "JI Rodrigues",
              "runs": {
                "batter": 1,
                "extras": 0,
                "total": 1
              }
            },
            {
              "batter": "JI Rodrigues",
              "bowler": "SR Patil",
              "non_striker": "A Capsey",
              "runs": {
                "batter": 1,
                "extras": 0,
                "total": 1
              }
            }
          ]
        },
        {
          "over": 10,
          "deliveries": [
            {
              "batter": "JI Rodrigues",
              "bowler": "SB Pokharkar",
              "non_striker": "A Capsey",
              "runs": {
                "batter": 1,
                "extras": 0,
                "total": 1
              }
            },
            {
              "batter": "A Capsey",
              "bowler": "SB Pokharkar",
              "extras": {
                "noballs": 1
              },
              "non_striker": "JI Rodrigues",
              "runs": {
                "batter": 1,
                "extras": 1,
                "total": 2
              }
            },
            {
              "batter": "JI Rodrigues",
              "bowler": "SB Pokharkar",
              "non_striker": "A Capsey",
              "runs": {
                "batter": 4,
                "extras": 0,
                "total": 4
              }
            },
            {
              "batter": "JI Rodrigues",
              "bowler": "SB Pokharkar",
              "non_striker": "A Capsey",
              "runs": {
                "batter": 0,
                "extras": 0,
                "total": 0
              }
            },
            {
              "batter": "JI Rodrigues",
              "bowler": "SB Pokharkar",
              "non_striker": "A Capsey",
              "runs": {
                "batter": 0,
                "extras": 0,
                "total": 0
              }
            },
            {
              "batter": "JI Rodrigues",
              "bowler": "SB Pokharkar",
              "non_striker": "A Capsey",
              "runs": {
                "batter": 1,
                "extras": 0,
                "total": 1
              }
            },
            {
              "batter": "A Capsey",
              "bowler": "SB Pokharkar",
              "non_striker": "JI Rodrigues",
              "runs": {
                "batter": 0,
                "extras": 0,
                "total": 0
              }
            }
          ]
        },
        {
          "over": 11,
          "deliveries": [
            {
              "batter": "JI Rodrigues",
              "bowler": "G Wareham",
              "non_striker": "A Capsey",
              "runs": {
                "batter": 4,
                "extras": 0,
                "total": 4
              }
            },
            {
              "batter": "JI Rodrigues",
              "bowler": "G Wareham",
              "non_striker": "A Capsey",
              "runs": {
                "batter": 0,
                "extras": 0,
                "total": 0
              }
            },
            {
              "batter": "JI Rodrigues",
              "bowler": "G Wareham",
              "non_striker": "A Capsey",
              "runs": {
                "batter": 1,
                "extras": 0,
                "total": 1
              }
            },
            {
              "batter": "A Capsey",
              "bowler": "G Wareham",
              "non_striker": "JI Rodrigues",
              "runs": {
                "batter": 0,
                "extras": 0,
                "total": 0
              }
            },
            {
              "batter": "A Capsey",
              "bowler": "G Wareham",
              "non_striker": "JI Rodrigues",
              "runs": {
                "batter": 1,
                "extras": 0,
                "total": 1
              }
            },
            {
              "batter": "JI Rodrigues",
              "bowler": "G Wareham",
              "non_striker": "A Capsey",
              "runs": {
                "batter": 1,
                "extras": 0,
                "total": 1
              }
            }
          ]
        },
        {
          "over": 12,
          "deliveries": [
            {
              "batter": "JI Rodrigues",
              "bowler": "S Molineux",
              "non_striker": "A Capsey",
              "runs": {
                "batter": 4,
                "extras": 0,
                "total": 4
              }
            },
            {
              "batter": "JI Rodrigues",
              "bowler": "S Molineux",
              "non_striker": "A Capsey",
              "runs": {
                "batter": 0,
                "extras": 0,
                "total": 0
              }
            },
            {
              "batter": "JI Rodrigues",
              "bowler": "S Molineux",
              "non_striker": "A Capsey",
              "runs": {
                "batter": 4,
                "extras": 0,
                "total": 4
              }
            },
            {
              "batter": "JI Rodrigues",
              "bowler": "S Molineux",
              "non_striker": "A Capsey",
              "runs": {
                "batter": 4,
                "extras": 0,
                "total": 4
              }
            },
            {
              "batter": "JI Rodrigues",
              "bowler": "S Molineux",
              "non_striker": "A Capsey",
              "runs": {
                "batter": 2,
                "extras": 0,
                "total": 2
              }
            },
            {
              "batter": "JI Rodrigues",
              "bowler": "S Molineux",
              "non_striker": "A Capsey",
              "runs": {
                "batter": 1,
                "extras": 0,
                "total": 1
              }
            }
          ]
        },
        {
          "over": 13,
          "deliveries": [
            {
              "batter": "JI Rodrigues",
              "bowler": "G Wareham",
              "non_striker": "A Capsey",
              "runs": {
                "batter": 4,
                "extras": 0,
                "total": 4
              }
            },
            {
              "batter": "JI Rodrigues",
              "bowler": "G Wareham",
              "non_striker": "A Capsey",
              "runs": {
                "batter": 4,
                "extras": 0,
                "total": 4
              }
            },
            {
              "batter": "JI Rodrigues",
              "bowler": "G Wareham",
              "non_striker": "A Capsey",
              "runs": {
                "batter": 1,
                "extras": 0,
                "total": 1
              }
            },
            {
              "batter": "A Capsey",
              "bowler": "G Wareham",
              "non_striker": "JI Rodrigues",
              "runs": {
                "batter": 0,
                "extras": 0,
                "total": 0
              }
            },
            {
              "batter": "A Capsey",
              "bowler": "G Wareham",
              "non_striker": "JI Rodrigues",
              "runs": {
                "batter": 1,
                "extras": 0,
                "total": 1
              }
            },
            {
              "batter": "JI Rodrigues",
              "bowler": "G Wareham",
              "non_striker": "A Capsey",
              "runs": {
                "batter": 6,
                "extras": 0,
                "total": 6
              }
            }
          ]
        },
        {
          "over": 14,
          "deliveries": [
            {
              "batter": "A Capsey",
              "bowler": "S Asha",
              "non_striker": "JI Rodrigues",
              "runs": {
                "batter": 0,
                "extras": 0,
                "total": 0
              }
            },
            {
              "batter": "A Capsey",
              "bowler": "S Asha",
              "extras": {
                "wides": 1
              },
              "non_striker": "JI Rodrigues",
              "runs": {
                "batter": 0,
                "extras": 1,
                "total": 1
              }
            },
            {
              "batter": "A Capsey",
              "bowler": "S Asha",
              "non_striker": "JI Rodrigues",
              "runs": {
                "batter": 1,
                "extras": 0,
                "total": 1
              }
            },
            {
              "batter": "JI Rodrigues",
              "bowler": "S Asha",
              "non_striker": "A Capsey",
              "runs": {
                "batter": 1,
                "extras": 0,
                "total": 1
              }
            },
            {
              "batter": "A Capsey",
              "bowler": "S Asha",
              "non_striker": "JI Rodrigues",
              "runs": {
                "batter": 0,
                "extras": 0,
                "total": 0
              }
            },
            {
              "batter": "A Capsey",
              "bowler": "S Asha",
              "non_striker": "JI Rodrigues",
              "runs": {
                "batter": 1,
                "extras": 0,
                "total": 1
              }
            },
            {
              "batter": "JI Rodrigues",
              "bowler": "S Asha",
              "non_striker": "A Capsey",
              "runs": {
                "batter": 0,
                "extras": 0,
                "total": 0
              }
            }
          ]
        },
        {
          "over": 15,
          "deliveries": [
            {
              "batter": "A Capsey",
              "bowler": "Renuka Singh",
              "non_striker": "JI Rodrigues",
              "runs": {
                "batter": 4,
                "extras": 0,
                "total": 4
              }
            },
            {
              "batter": "A Capsey",
              "bowler": "Renuka Singh",
              "non_striker": "JI Rodrigues",
              "runs": {
                "batter": 1,
                "extras": 0,
                "total": 1
              }
            },
            {
              "batter": "JI Rodrigues",
              "bowler": "Renuka Singh",
              "non_striker": "A Capsey",
              "runs": {
                "batter": 1,
                "extras": 0,
                "total": 1
              }
            },
            {
              "batter": "A Capsey",
              "bowler": "Renuka Singh",
              "non_striker": "JI Rodrigues",
              "runs": {
                "batter": 1,
                "extras": 0,
                "total": 1
              }
            },
            {
              "batter": "JI Rodrigues",
              "bowler": "Renuka Singh",
              "non_striker": "A Capsey",
              "runs": {
                "batter": 0,
                "extras": 0,
                "total": 0
              }
            },
            {
              "batter": "JI Rodrigues",
              "bowler": "Renuka Singh",
              "non_striker": "A Capsey",
              "runs": {
                "batter": 2,
                "extras": 0,
                "total": 2
              }
            }
          ]
        },
        {
          "over": 16,
          "deliveries": [
            {
              "batter": "A Capsey",
              "bowler": "S Asha",
              "non_striker": "JI Rodrigues",
              "runs": {
                "batter": 1,
                "extras": 0,
                "total": 1
              }
            },
            {
              "batter": "JI Rodrigues",
              "bowler": "S Asha",
              "non_striker": "A Capsey",
              "runs": {
                "batter": 0,
                "extras": 0,
                "total": 0
              }
            },
            {
              "batter": "JI Rodrigues",
              "bowler": "S Asha",
              "non_striker": "A Capsey",
              "runs": {
                "batter": 1,
                "extras": 0,
                "total": 1
              }
            },
            {
              "batter": "A Capsey",
              "bowler": "S Asha",
              "non_striker": "JI Rodrigues",
              "runs": {
                "batter": 4,
                "extras": 0,
                "total": 4
              }
            },
            {
              "batter": "A Capsey",
              "bowler": "S Asha",
              "non_striker": "JI Rodrigues",
              "runs": {
                "batter": 4,
                "extras": 0,
                "total": 4
              }
            },
            {
              "batter": "A Capsey",
              "bowler": "S Asha",
              "non_striker": "JI Rodrigues",
              "runs": {
                "batter": 1,
                "extras": 0,
                "total": 1
              }
            }
          ]
        },
        {
          "over": 17,
          "deliveries": [
            {
              "batter": "A Capsey",
              "bowler": "SR Patil",
              "non_striker": "JI Rodrigues",
              "runs": {
                "batter": 1,
                "extras": 0,
                "total": 1
              }
            },
            {
              "batter": "JI Rodrigues",
              "bowler": "SR Patil",
              "non_striker": "A Capsey",
              "runs": {
                "batter": 1,
                "extras": 0,
                "total": 1
              }
            },
            {
              "batter": "A Capsey",
              "bowler": "SR Patil",
              "non_striker": "JI Rodrigues",
              "runs": {
                "batter": 1,
                "extras": 0,
                "total": 1
              }
            },
            {
              "batter": "JI Rodrigues",
              "bowler": "SR Patil",
              "non_striker": "A Capsey",
              "runs": {
                "batter": 0,
                "extras": 0,
                "total": 0
              }
            },
            {
              "batter": "JI Rodrigues",
              "bowler": "SR Patil",
              "non_striker": "A Capsey",
              "runs": {
                "batter": 0,
                "extras": 0,
                "total": 0
              },
              "wickets": [
                {
                  "player_out": "JI Rodrigues",
                  "kind": "bowled"
                }
              ]
            },
            {
              "batter": "M Kapp",
              "bowler": "SR Patil",
              "non_striker": "A Capsey",
              "runs": {
                "batter": 1,
                "extras": 0,
                "total": 1
              }
            }
          ]
        },
        {
          "over": 18,
          "deliveries": [
            {
              "batter": "M Kapp",
              "bowler": "S Molineux",
              "non_striker": "A Capsey",
              "runs": {
                "batter": 1,
                "extras": 0,
                "total": 1
              }
            },
            {
              "batter": "A Capsey",
              "bowler": "S Molineux",
              "non_striker": "M Kapp",
              "runs": {
                "batter": 4,
                "extras": 0,
                "total": 4
              }
            },
            {
              "batter": "A Capsey",
              "bowler": "S Molineux",
              "non_striker": "M Kapp",
              "runs": {
                "batter": 4,
                "extras": 0,
                "total": 4
              }
            },
            {
              "batter": "A Capsey",
              "bowler": "S Molineux",
              "non_striker": "M Kapp",
              "runs": {
                "batter": 1,
                "extras": 0,
                "total": 1
              }
            },
            {
              "batter": "M Kapp",
              "bowler": "S Molineux",
              "non_striker": "A Capsey",
              "runs": {
                "batter": 2,
                "extras": 0,
                "total": 2
              }
            },
            {
              "batter": "M Kapp",
              "bowler": "S Molineux",
              "non_striker": "A Capsey",
              "runs": {
                "batter": 6,
                "extras": 0,
                "total": 6
              }
            }
          ]
        },
        {
          "over": 19,
          "deliveries": [
            {
              "batter": "A Capsey",
              "bowler": "SR Patil",
              "non_striker": "M Kapp",
              "runs": {
                "batter": 0,
                "extras": 0,
                "total": 0
              },
              "wickets": [
                {
                  "player_out": "A Capsey",
                  "kind": "bowled"
                }
              ]
            },
            {
              "batter": "JL Jonassen",
              "bowler": "SR Patil",
              "non_striker": "M Kapp",
              "runs": {
                "batter": 1,
                "extras": 0,
                "total": 1
              }
            },
            {
              "batter": "M Kapp",
              "bowler": "SR Patil",
              "non_striker": "JL Jonassen",
              "runs": {
                "batter": 1,
                "extras": 0,
                "total": 1
              }
            },
            {
              "batter": "JL Jonassen",
              "bowler": "SR Patil",
              "extras": {
                "wides": 1
              },
              "non_striker": "M Kapp",
              "runs": {
                "batter": 0,
                "extras": 1,
                "total": 1
              }
            },
            {
              "batter": "JL Jonassen",
              "bowler": "SR Patil",
              "non_striker": "M Kapp",
              "runs": {
                "batter": 0,
                "extras": 0,
                "total": 0
              },
              "wickets": [
                {
                  "player_out": "JL Jonassen",
                  "fielders": [
                    {
                      "name": "RM Ghosh"
                    }
                  ],
                  "kind": "stumped"
                }
              ]
            },
            {
              "batter": "RP Yadav",
              "bowler": "SR Patil",
              "non_striker": "M Kapp",
              "runs": {
                "batter": 1,
                "extras": 0,
                "total": 1
              }
            },
            {
              "batter": "M Kapp",
              "bowler": "SR Patil",
              "non_striker": "RP Yadav",
              "runs": {
                "batter": 1,
                "extras": 0,
                "total": 1
              }
            }
          ]
        }
      ],
      "powerplays": [
        {
          "from": 0.1,
          "to": 5.6,
          "type": "mandatory"
        }
      ]
    },
    {
      "team": "Royal Challengers Bangalore",
      "overs": [
        {
          "over": 0,
          "deliveries": [
            {
              "batter": "S Mandhana",
              "bowler": "M Kapp",
              "non_striker": "S Molineux",
              "runs": {
                "batter": 0,
                "extras": 0,
                "total": 0
              }
            },
            {
              "batter": "S Mandhana",
              "bowler": "M Kapp",
              "non_striker": "S Molineux",
              "runs": {
                "batter": 0,
                "extras": 0,
                "total": 0
              }
            },
            {
              "batter": "S Mandhana",
              "bowler": "M Kapp",
              "non_striker": "S Molineux",
              "runs": {
                "batter": 0,
                "extras": 0,
                "total": 0
              }
            },
            {
              "batter": "S Mandhana",
              "bowler": "M Kapp",
              "non_striker": "S Molineux",
              "runs": {
                "batter": 1,
                "extras": 0,
                "total": 1
              }
            },
            {
              "batter": "S Molineux",
              "bowler": "M Kapp",
              "non_striker": "S Mandhana",
              "runs": {
                "batter": 4,
                "extras": 0,
                "total": 4
              }
            },
            {
              "batter": "S Molineux",
              "bowler": "M Kapp",
              "non_striker": "S Mandhana",
              "runs": {
                "batter": 0,
                "extras": 0,
                "total": 0
              }
            }
          ]
        },
        {
          "over": 1,
          "deliveries": [
            {
              "batter": "S Mandhana",
              "bowler": "A Capsey",
              "non_striker": "S Molineux",
              "runs": {
                "batter": 4,
                "extras": 0,
                "total": 4
              }
            },
            {
              "batter": "S Mandhana",
              "bowler": "A Capsey",
              "non_striker": "S Molineux",
              "runs": {
                "batter": 0,
                "extras": 0,
                "total": 0
              }
            },
            {
              "batter": "S Mandhana",
              "bowler": "A Capsey",
              "non_striker": "S Molineux",
              "runs": {
                "batter": 0,
                "extras": 0,
                "total": 0
              },
              "wickets": [
                {
                  "player_out": "S Mandhana",
                  "kind": "lbw"
                }
              ]
            },
            {
              "batter": "EA Perry",
              "bowler": "A Capsey",
              "non_striker": "S Molineux",
              "runs": {
                "batter": 1,
                "extras": 0,
                "total": 1
              }
            },
            {
              "batter": "S Molineux",
              "bowler": "A Capsey",
              "non_striker": "EA Perry",
              "runs": {
                "batter": 0,
                "extras": 0,
                "total": 0
              }
            },
            {
              "batter": "S Molineux",
              "bowler": "A Capsey",
              "non_striker": "EA Perry",
              "runs": {
                "batter": 0,
                "extras": 0,
                "total": 0
              }
            }
          ]
        },
        {
          "over": 2,
          "deliveries": [
            {
              "batter": "EA Perry",
              "bowler": "M Kapp",
              "non_striker": "S Molineux",
              "runs": {
                "batter": 0,
                "extras": 0,
                "total": 0
              }
            },
            {
              "batter": "EA Perry",
              "bowler": "M Kapp",
              "non_striker": "S Molineux",
              "runs": {
                "batter": 0,
                "extras": 0,
                "total": 0
              }
            },
            {
              "batter": "EA Perry",
              "bowler": "M Kapp",
              "non_striker": "S Molineux",
              "runs": {
                "batter": 1,
                "extras": 0,
                "total": 1
              }
            },
            {
              "batter": "S Molineux",
              "bowler": "M Kapp",
              "non_striker": "EA Perry",
              "runs": {
                "batter": 0,
                "extras": 0,
                "total": 0
              }
            },
            {
              "batter": "S Molineux",
              "bowler": "M Kapp",
              "non_striker": "EA Perry",
              "runs": {
                "batter": 1,
                "extras": 0,
                "total": 1
              }
            },
            {
              "batter": "EA Perry",
              "bowler": "M Kapp",
              "non_striker": "S Molineux",
              "runs": {
                "batter": 1,
                "extras": 0,
                "total": 1
              }
            }
          ]
        },
        {
          "over": 3,
          "deliveries": [
            {
              "batter": "EA Perry",
              "bowler": "S Pandey",
              "non_striker": "S Molineux",
              "runs": {
                "batter": 0,
                "extras": 0,
                "total": 0
              }
            },
            {
              "batter": "EA Perry",
              "bowler": "S Pandey",
              "non_striker": "S Molineux",
              "runs": {
                "batter": 0,
                "extras": 0,
                "total": 0
              }
            },
            {
              "batter": "EA Perry",
              "bowler": "S Pandey",
              "non_striker": "S Molineux",
              "runs": {
                "batter": 4,
                "extras": 0,
                "total": 4
              }
            },
            {
              "batter": "EA Perry",
              "bowler": "S Pandey",
              "non_striker": "S Molineux",
              "runs": {
                "batter": 0,
                "extras": 0,
                "total": 0
              }
            },
            {
              "batter": "EA Perry",
              "bowler": "S Pandey",
              "non_striker": "S Molineux",
              "runs": {
                "batter": 2,
                "extras": 0,
                "total": 2
              }
            },
            {
              "batter": "EA Perry",
              "bowler": "S Pandey",
              "non_striker": "S Molineux",
              "runs": {
                "batter": 2,
                "extras": 0,
                "total": 2
              }
            }
          ]
        },
        {
          "over": 4,
          "deliveries": [
            {
              "batter": "S Molineux",
              "bowler": "JL Jonassen",
              "non_striker": "EA Perry",
              "runs": {
                "batter": 1,
                "extras": 0,
                "total": 1
              }
            },
            {
              "batter": "EA Perry",
              "bowler": "JL Jonassen",
              "non_striker": "S Molineux",
              "runs": {
                "batter": 0,
                "extras": 0,
                "total": 0
              }
            },
            {
              "batter": "EA Perry",
              "bowler": "JL Jonassen",
              "non_striker": "S Molineux",
              "runs": {
                "batter": 0,
                "extras": 0,
                "total": 0
              }
            },
            {
              "batter": "EA Perry",
              "bowler": "JL Jonassen",
              "non_striker": "S Molineux",
              "runs": {
                "batter": 6,
                "extras": 0,
                "total": 6
              }
            },
            {
              "batter": "EA Perry",
              "bowler": "JL Jonassen",
              "non_striker": "S Molineux",
              "runs": {
                "batter": 4,
                "extras": 0,
                "total": 4
              }
            },
            {
              "batter": "EA Perry",
              "bowler": "JL Jonassen",
              "non_striker": "S Molineux",
              "runs": {
                "batter": 0,
                "extras": 0,
                "total": 0
              }
            }
          ]
        },
        {
          "over": 5,
          "deliveries": [
            {
              "batter": "S Molineux",
              "bowler": "M Kapp",
              "non_striker": "EA Perry",
              "runs": {
                "batter": 1,
                "extras": 0,
                "total": 1
              }
            },
            {
              "batter": "EA Perry",
              "bowler": "M Kapp",
              "non_striker": "S Molineux",
              "runs": {
                "batter": 4,
                "extras": 0,
                "total": 4
              }
            },
            {
              "batter": "EA Perry",
              "bowler": "M Kapp",
              "non_striker": "S Molineux",
              "runs": {
                "batter": 0,
                "extras": 0,
                "total": 0
              }
            },
            {
              "batter": "EA Perry",
              "bowler": "M Kapp",
              "non_striker": "S Molineux",
              "runs": {
                "batter": 4,
                "extras": 0,
                "total": 4
              }
            },
            {
              "batter": "EA Perry",
              "bowler": "M Kapp",
              "non_striker": "S Molineux",
              "runs": {
                "batter": 1,
                "extras": 0,
                "total": 1
              }
            },
            {
              "batter": "S Molineux",
              "bowler": "M Kapp",
              "non_striker": "EA Perry",
              "runs": {
                "batter": 0,
                "extras": 0,
                "total": 0
              }
            }
          ]
        },
        {
          "over": 6,
          "deliveries": [
            {
              "batter": "EA Perry",
              "bowler": "RP Yadav",
              "non_striker": "S Molineux",
              "runs": {
                "batter": 1,
                "extras": 0,
                "total": 1
              }
            },
            {
              "batter": "S Molineux",
              "bowler": "RP Yadav",
              "non_striker": "EA Perry",
              "runs": {
                "batter": 0,
                "extras": 0,
                "total": 0
              }
            },
            {
              "batter": "S Molineux",
              "bowler": "RP Yadav",
              "non_striker": "EA Perry",
              "runs": {
                "batter": 0,
                "extras": 0,
                "total": 0
              }
            },
            {
              "batter": "S Molineux",
              "bowler": "RP Yadav",
              "non_striker": "EA Perry",
              "runs": {
                "batter": 1,
                "extras": 0,
                "total": 1
              }
            },
            {
              "batter": "EA Perry",
              "bowler": "RP Yadav",
              "non_striker": "S Molineux",
              "runs": {
                "batter": 4,
                "extras": 0,
                "total": 4
              }
            },
            {
              "batter": "EA Perry",
              "bowler": "RP Yadav",
              "non_striker": "S Molineux",
              "runs": {
                "batter": 1,
                "extras": 0,
                "total": 1
              }
            }
          ]
        },
        {
          "over": 7,
          "deliveries": [
            {
              "batter": "EA Perry",
              "bowler": "A Reddy",
              "non_striker": "S Molineux",
              "runs": {
                "batter": 0,
                "extras": 0,
                "total": 0
              }
            },
            {
              "batter": "EA Perry",
              "bowler": "A Reddy",
              "non_striker": "S Molineux",
              "runs": {
                "batter": 1,
                "extras": 0,
                "total": 1
              }
            },
            {
              "batter": "S Molineux",
              "bowler": "A Reddy",
              "non_striker": "EA Perry",
              "runs": {
                "batter": 0,
                "extras": 0,
                "total": 0
              }
            },
            {
              "batter": "S Molineux",
              "bowler": "A Reddy",
              "non_striker": "EA Perry",
              "runs": {
                "batter": 4,
                "extras": 0,
                "total": 4
              }
            },
            {
              "batter": "S Molineux",
              "bowler": "A Reddy",
              "extras": {
                "wides": 1
              },
              "non_striker": "EA Perry",
              "runs": {
                "batter": 0,
                "extras": 1,
                "total": 1
              }
            },
            {
              "batter": "S Molineux",
              "bowler": "A Reddy",
              "non_striker": "EA Perry",
              "runs": {
                "batter": 0,
                "extras": 0,
                "total": 0
              }
            },
            {
              "batter": "S Molineux",
              "bowler": "A Reddy",
              "non_striker": "EA Perry",
              "runs": {
                "batter": 1,
                "extras": 0,
                "total": 1
              }
            }
          ]
        },
        {
          "over": 8,
          "deliveries": [
            {
              "batter": "S Molineux",
              "bowler": "JL Jonassen",
              "non_striker": "EA Perry",
              "runs": {
                "batter": 1,
                "extras": 0,
                "total": 1
              }
            },
            {
              "batter": "EA Perry",
              "bowler": "JL Jonassen",
              "non_striker": "S Molineux",
              "runs": {
                "batter": 4,
                "extras": 0,
                "total": 4
              }
            },
            {
              "batter": "EA Perry",
              "bowler": "JL Jonassen",
              "non_striker": "S Molineux",
              "runs": {
                "batter": 4,
                "extras": 0,
                "total": 4
              }
            },
            {
              "batter": "EA Perry",
              "bowler": "JL Jonassen",
              "non_striker": "S Molineux",
              "runs": {
                "batter": 1,
                "extras": 0,
                "total": 1
              }
            },
            {
              "batter": "S Molineux",
              "bowler": "JL Jonassen",
              "non_striker": "EA Perry",
              "runs": {
                "batter": 1,
                "extras": 0,
                "total": 1
              }
            },
            {
              "batter": "EA Perry",
              "bowler": "JL Jonassen",
              "extras": {
                "wides": 1
              },
              "non_striker": "S Molineux",
              "runs": {
                "batter": 0,
                "extras": 1,
                "total": 1
              }
            },
            {
              "batter": "EA Perry",
              "bowler": "JL Jonassen",
              "extras": {
                "wides": 1
              },
              "non_striker": "S Molineux",
              "runs": {
                "batter": 0,
                "extras": 1,
                "total": 1
              }
            },
            {
              "batter": "EA Perry",
              "bowler": "JL Jonassen",
              "non_striker": "S Molineux",
              "runs": {
                "batter": 0,
                "extras": 0,
                "total": 0
              }
            }
          ]
        },
        {
          "over": 9,
          "deliveries": [
            {
              "batter": "S Molineux",
              "bowler": "TR Sadhu",
              "non_striker": "EA Perry",
              "runs": {
                "batter": 2,
                "extras": 0,
                "total": 2
              }
            },
            {
              "batter": "S Molineux",
              "bowler": "TR Sadhu",
              "non_striker": "EA Perry",
              "runs": {
                "batter": 4,
                "extras": 0,
                "total": 4
              }
            },
            {
              "batter": "S Molineux",
              "bowler": "TR Sadhu",
              "non_striker": "EA Perry",
              "runs": {
                "batter": 4,
                "extras": 0,
                "total": 4
              }
            },
            {
              "batter": "S Molineux",
              "bowler": "TR Sadhu",
              "non_striker": "EA Perry",
              "runs": {
                "batter": 0,
                "extras": 0,
                "total": 0
              }
            },
            {
              "batter": "S Molineux",
              "bowler": "TR Sadhu",
              "non_striker": "EA Perry",
              "runs": {
                "batter": 1,
                "extras": 0,
                "total": 1
              }
            },
            {
              "batter": "EA Perry",
              "bowler": "TR Sadhu",
              "non_striker": "S Molineux",
              "runs": {
                "batter": 1,
                "extras": 0,
                "total": 1
              }
            }
          ]
        },
        {
          "over": 10,
          "deliveries": [
            {
              "batter": "EA Perry",
              "bowler": "RP Yadav",
              "extras": {
                "wides": 1
              },
              "non_striker": "S Molineux",
              "runs": {
                "batter": 0,
                "extras": 1,
                "total": 1
              }
            },
            {
              "batter": "EA Perry",
              "bowler": "RP Yadav",
              "non_striker": "S Molineux",
              "runs": {
                "batter": 1,
                "extras": 0,
                "total": 1
              }
            },
            {
              "batter": "S Molineux",
              "bowler": "RP Yadav",
              "non_striker": "EA Perry",
              "runs": {
                "batter": 1,
                "extras": 0,
                "total": 1
              }
            },
            {
              "batter": "EA Perry",
              "bowler": "RP Yadav",
              "non_striker": "S Molineux",
              "runs": {
                "batter": 1,
                "extras": 0,
                "total": 1
              }
            },
            {
              "batter": "S Molineux",
              "bowler": "RP Yadav",
              "non_striker": "EA Perry",
              "runs": {
                "batter": 0,
                "extras": 0,
                "total": 0
              }
            },
            {
              "batter": "S Molineux",
              "bowler": "RP Yadav",
              "non_striker": "EA Perry",
              "runs": {
                "batter": 4,
                "extras": 0,
                "total": 4
              }
            },
            {
              "batter": "S Molineux",
              "bowler": "RP Yadav",
              "non_striker": "EA Perry",
              "runs": {
                "batter": 0,
                "extras": 0,
                "total": 0
              },
              "wickets": [
                {
                  "player_out": "EA Perry",
                  "fielders": [
                    {
                      "name": "T Bhatia"
                    },
                    {
                      "name": "S Pandey"
                    }
                  ],
                  "kind": "run out"
                }
              ]
            }
          ]
        },
        {
          "over": 11,
          "deliveries": [
            {
              "batter": "S Molineux",
              "bowler": "A Reddy",
              "non_striker": "SFM Devine",
              "runs": {
                "batter": 1,
                "extras": 0,
                "total": 1
              }
            },
            {
              "batter": "SFM Devine",
              "bowler": "A Reddy",
              "non_striker": "S Molineux",
              "runs": {
                "batter": 1,
                "extras": 0,
                "total": 1
              }
            },
            {
              "batter": "S Molineux",
              "bowler": "A Reddy",
              "non_striker": "SFM Devine",
              "runs": {
                "batter": 1,
                "extras": 0,
                "total": 1
              }
            },
            {
              "batter": "SFM Devine",
              "bowler": "A Reddy",
              "non_striker": "S Molineux",
              "runs": {
                "batter": 1,
                "extras": 0,
                "total": 1
              }
            },
            {
              "batter": "S Molineux",
              "bowler": "A Reddy",
              "non_striker": "SFM Devine",
              "runs": {
                "batter": 0,
                "extras": 0,
                "total": 0
              },
              "wickets": [
                {
                  "player_out": "S Molineux",
                  "fielders": [
                    {
                      "name": "JI Rodrigues"
                    }
                  ],
                  "kind": "caught"
                }
              ]
            },
            {
              "batter": "RM Ghosh",
              "bowler": "A Reddy",
              "non_striker": "SFM Devine",
              "runs": {
                "batter": 1,
                "extras": 0,
                "total": 1
              }
            }
          ]
        },
        {
          "over": 12,
          "deliveries": [
            {
              "batter": "RM Ghosh",
              "bowler": "RP Yadav",
              "non_striker": "SFM Devine",
              "runs": {
                "batter": 1,
                "extras": 0,
                "total": 1
              }
            },
            {
              "batter": "SFM Devine",
              "bowler": "RP Yadav",
              "non_striker": "RM Ghosh",
              "runs": {
                "batter": 1,
                "extras": 0,
                "total": 1
              }
            },
            {
              "batter": "RM Ghosh",
              "bowler": "RP Yadav",
              "non_striker": "SFM Devine",
              "runs": {
                "batter": 0,
                "extras": 0,
                "total": 0
              }
            },
            {
              "batter": "RM Ghosh",
              "bowler": "RP Yadav",
              "non_striker": "SFM Devine",
              "runs": {
                "batter": 1,
                "extras": 0,
                "total": 1
              }
            },
            {
              "batter": "SFM Devine",
              "bowler": "RP Yadav",
              "non_striker": "RM Ghosh",
              "runs": {
                "batter": 0,
                "extras": 0,
                "total": 0
              }
            },
            {
              "batter": "SFM Devine",
              "bowler": "RP Yadav",
              "non_striker": "RM Ghosh",
              "runs": {
                "batter": 1,
                "extras": 0,
                "total": 1
              }
            }
          ]
        },
        {
          "over": 13,
          "deliveries": [
            {
              "batter": "SFM Devine",
              "bowler": "S Pandey",
              "non_striker": "RM Ghosh",
              "review": {
                "by": "Delhi Capitals",
                "umpire": "N Janani",
                "batter": "SFM Devine",
                "decision": "struck down",
                "type": "wicket"
              },
              "runs": {
                "batter": 1,
                "extras": 0,
                "total": 1
              }
            },
            {
              "batter": "RM Ghosh",
              "bowler": "S Pandey",
              "non_striker": "SFM Devine",
              "runs": {
                "batter": 2,
                "extras": 0,
                "total": 2
              }
            },
            {
              "batter": "RM Ghosh",
              "bowler": "S Pandey",
              "non_striker": "SFM Devine",
              "runs": {
                "batter": 4,
                "extras": 0,
                "total": 4
              }
            },
            {
              "batter": "RM Ghosh",
              "bowler": "S Pandey",
              "non_striker": "SFM Devine",
              "runs": {
                "batter": 1,
                "extras": 0,
                "total": 1
              }
            },
            {
              "batter": "SFM Devine",
              "bowler": "S Pandey",
              "non_striker": "RM Ghosh",
              "runs": {
                "batter": 1,
                "extras": 0,
                "total": 1
              }
            },
            {
              "batter": "RM Ghosh",
              "bowler": "S Pandey",
              "non_striker": "SFM Devine",
              "runs": {
                "batter": 1,
                "extras": 0,
                "total": 1
              }
            }
          ]
        },
        {
          "over": 14,
          "deliveries": [
            {
              "batter": "RM Ghosh",
              "bowler": "RP Yadav",
              "non_striker": "SFM Devine",
              "runs": {
                "batter": 0,
                "extras": 0,
                "total": 0
              }
            },
            {
              "batter": "RM Ghosh",
              "bowler": "RP Yadav",
              "non_striker": "SFM Devine",
              "runs": {
                "batter": 1,
                "extras": 0,
                "total": 1
              }
            },
            {
              "batter": "SFM Devine",
              "bowler": "RP Yadav",
              "non_striker": "RM Ghosh",
              "runs": {
                "batter": 6,
                "extras": 0,
                "total": 6
              }
            },
            {
              "batter": "SFM Devine",
              "bowler": "RP Yadav",
              "non_striker": "RM Ghosh",
              "runs": {
                "batter": 4,
                "extras": 0,
                "total": 4
              }
            },
            {
              "batter": "SFM Devine",
              "bowler": "RP Yadav",
              "non_striker": "RM Ghosh",
              "runs": {
                "batter": 6,
                "extras": 0,
                "total": 6
              }
            },
            {
              "batter": "SFM Devine",
              "bowler": "RP Yadav",
              "non_striker": "RM Ghosh",
              "runs": {
                "batter": 0,
                "extras": 0,
                "total": 0
              }
            }
          ]
        },
        {
          "over": 15,
          "deliveries": [
            {
              "batter": "RM Ghosh",
              "bowler": "A Reddy",
              "non_striker": "SFM Devine",
              "runs": {
                "batter": 4,
                "extras": 0,
                "total": 4
              }
            },
            {
              "batter": "RM Ghosh",
              "bowler": "A Reddy",
              "non_striker": "SFM Devine",
              "runs": {
                "batter": 0,
                "extras": 0,
                "total": 0
              }
            },
            {
              "batter": "RM Ghosh",
              "bowler": "A Reddy",
              "non_striker": "SFM Devine",
              "runs": {
                "batter": 0,
                "extras": 0,
                "total": 0
              }
            },
            {
              "batter": "RM Ghosh",
              "bowler": "A Reddy",
              "non_striker": "SFM Devine",
              "runs": {
                "batter": 1,
                "extras": 0,
                "total": 1
              }
            },
            {
              "batter": "SFM Devine",
              "bowler": "A Reddy",
              "non_striker": "RM Ghosh",
              "runs": {
                "batter": 1,
                "extras": 0,
                "total": 1
              }
            },
            {
              "batter": "RM Ghosh",
              "bowler": "A Reddy",
              "non_striker": "SFM Devine",
              "runs": {
                "batter": 6,
                "extras": 0,
                "total": 6
              }
            }
          ]
        },
        {
          "over": 16,
          "deliveries": [
            {
              "batter": "SFM Devine",
              "bowler": "S Pandey",
              "non_striker": "RM Ghosh",
              "runs": {
                "batter": 1,
                "extras": 0,
                "total": 1
              }
            },
            {
              "batter": "RM Ghosh",
              "bowler": "S Pandey",
              "non_striker": "SFM Devine",
              "runs": {
                "batter": 0,
                "extras": 0,
                "total": 0
              }
            },
            {
              "batter": "RM Ghosh",
              "bowler": "S Pandey",
              "non_striker": "SFM Devine",
              "runs": {
                "batter": 1,
                "extras": 0,
                "total": 1
              }
            },
            {
              "batter": "SFM Devine",
              "bowler": "S Pandey",
              "non_striker": "RM Ghosh",
              "runs": {
                "batter": 1,
                "extras": 0,
                "total": 1
              }
            },
            {
              "batter": "RM Ghosh",
              "bowler": "S Pandey",
              "non_striker": "SFM Devine",
              "runs": {
                "batter": 1,
                "extras": 0,
                "total": 1
              }
            },
            {
              "batter": "SFM Devine",
              "bowler": "S Pandey",
              "non_striker": "RM Ghosh",
              "runs": {
                "batter": 1,
                "extras": 0,
                "total": 1
              }
            }
          ]
        },
        {
          "over": 17,
          "deliveries": [
            {
              "batter": "SFM Devine",
              "bowler": "M Kapp",
              "non_striker": "RM Ghosh",
              "runs": {
                "batter": 0,
                "extras": 0,
                "total": 0
              },
              "wickets": [
                {
                  "player_out": "SFM Devine",
                  "fielders": [
                    {
                      "name": "A Reddy"
                    }
                  ],
                  "kind": "caught"
                }
              ]
            },
            {
              "batter": "G Wareham",
              "bowler": "M Kapp",
              "non_striker": "RM Ghosh",
              "runs": {
                "batter": 4,
                "extras": 0,
                "total": 4
              }
            },
            {
              "batter": "G Wareham",
              "bowler": "M Kapp",
              "non_striker": "RM Ghosh",
              "runs": {
                "batter": 2,
                "extras": 0,
                "total": 2
              }
            },
            {
              "batter": "G Wareham",
              "bowler": "M Kapp",
              "non_striker": "RM Ghosh",
              "runs": {
                "batter": 1,
                "extras": 0,
                "total": 1
              }
            },
            {
              "batter": "RM Ghosh",
              "bowler": "M Kapp",
              "non_striker": "G Wareham",
              "runs": {
                "batter": 4,
                "extras": 0,
                "total": 4
              }
            },
            {
              "batter": "RM Ghosh",
              "bowler": "M Kapp",
              "non_striker": "G Wareham",
              "runs": {
                "batter": 1,
                "extras": 0,
                "total": 1
              }
            }
          ]
        },
        {
          "over": 18,
          "deliveries": [
            {
              "batter": "RM Ghosh",
              "bowler": "S Pandey",
              "non_striker": "G Wareham",
              "runs": {
                "batter": 1,
                "extras": 0,
                "total": 1
              }
            },
            {
              "batter": "G Wareham",
              "bowler": "S Pandey",
              "non_striker": "RM Ghosh",
              "runs": {
                "batter": 1,
                "extras": 0,
                "total": 1
              }
            },
            {
              "batter": "RM Ghosh",
              "bowler": "S Pandey",
              "non_striker": "G Wareham",
              "runs": {
                "batter": 4,
                "extras": 0,
                "total": 4
              }
            },
            {
              "batter": "RM Ghosh",
              "bowler": "S Pandey",
              "non_striker": "G Wareham",
              "runs": {
                "batter": 1,
                "extras": 0,
                "total": 1
              }
            },
            {
              "batter": "G Wareham",
              "bowler": "S Pandey",
              "non_striker": "RM Ghosh",
              "runs": {
                "batter": 4,
                "extras": 0,
                "total": 4
              }
            },
            {
              "batter": "G Wareham",
              "bowler": "S Pandey",
              "non_striker": "RM Ghosh",
              "runs": {
                "batter": 0,
                "extras": 0,
                "total": 0
              },
              "wickets": [
                {
                  "player_out": "G Wareham",
                  "fielders": [
                    {
                      "name": "RP Yadav"
                    }
                  ],
                  "kind": "caught"
                }
              ]
            }
          ]
        },
        {
          "over": 19,
          "deliveries": [
            {
              "batter": "RM Ghosh",
              "bowler": "JL Jonassen",
              "non_striker": "DD Kasat",
              "runs": {
                "batter": 6,
                "extras": 0,
                "total": 6
              }
            },
            {
              "batter": "RM Ghosh",
              "bowler": "JL Jonassen",
              "non_striker": "DD Kasat",
              "runs": {
                "batter": 0,
                "extras": 0,
                "total": 0
              }
            },
            {
              "batter": "RM Ghosh",
              "bowler": "JL Jonassen",
              "non_striker": "DD Kasat",
              "runs": {
                "batter": 1,
                "extras": 0,
                "total": 1
              },
              "wickets": [
                {
                  "player_out": "DD Kasat",
                  "fielders": [
                    {
                      "name": "JL Jonassen"
                    },
                    {
                      "name": "A Reddy"
                    }
                  ],
                  "kind": "run out"
                }
              ]
            },
            {
              "batter": "RM Ghosh",
              "bowler": "JL Jonassen",
              "non_striker": "SR Patil",
              "runs": {
                "batter": 2,
                "extras": 0,
                "total": 2
              }
            },
            {
              "batter": "RM Ghosh",
              "bowler": "JL Jonassen",
              "non_striker": "SR Patil",
              "runs": {
                "batter": 6,
                "extras": 0,
                "total": 6
              }
            },
            {
              "batter": "RM Ghosh",
              "bowler": "JL Jonassen",
              "non_striker": "SR Patil",
              "runs": {
                "batter": 0,
                "extras": 0,
                "total": 0
              },
              "wickets": [
                {
                  "player_out": "RM Ghosh",
                  "fielders": [
                    {
                      "name": "Shafali Verma"
                    },
                    {
                      "name": "JL Jonassen"
                    }
                  ],
                  "kind": "run out"
                }
              ]
            }
          ]
        }
      ],
      "powerplays": [
        {
          "from": 0.1,
          "to": 5.6,
          "type": "mandatory"
        }
      ],
      "target": {
        "overs": 20,
        "runs": 182
      }
    }
  ]
}