{
  "meta": {
    "data_version": "1.1.0",
    "created": "2024-03-07",
    "revision": 1
  },
  "info": {
    "balls_per_over": 6,
    "city": "Delhi",
    "dates": [
      "2024-03-07"
    ],
    "event": {
      "name": "Women's Premier League",
      "match_number": 14
    },
    "gender": "female",
    "match_type": "T20",
    "officials": {
      "match_referees": [
        "VR Nagre"
      ],
      "reserve_umpires": [
        "Abhijit Bhattacharya"
      ],
      "tv_umpires": [
        "N Janani"
      ],
      "umpires": [
        "M Krishnadas",
        "PG Pathak"
      ]
    },
    "outcome": {
      "winner": "Mumbai Indians",
      "by": {
        "runs": 42
      }
    },
    "overs": 20,
    "player_of_match": [
      "NR Sciver-Brunt"
    ],
    "players": {
      "Mumbai Indians": [
        "YH Bhatia",
        "HK Matthews",
        "NR Sciver-Brunt",
        "H Kaur",
        "AC Kerr",
        "AB Kaur",
        "S Sajana",
        "P Vastrakar",
        "HY Kazi",
        "S Ismail",
        "S Ishaque"
      ],
      "UP Warriorz": [
        "AJ Healy",
        "KP Navgire",
        "AC Jayangani",
        "GM Harris",
        "DB Sharma",
        "S Sehrawat",
        "PN Khemnar",
        "S Ecclestone",
        "U Chetry",
        "SZ Thakor",
        "RS Gayakwad"
      ]
    },
    "registry": {
      "people": {
        "AB Kaur": "9565fda6",
        "AC Jayangani": "ac56b5a7",
        "AC Kerr": "7673c908",
        "AJ Healy": "321644de",
        "Abhijit Bhattacharya": "59ec9638",
        "DB Sharma": "201fef33",
        "GM Harris": "72166006",
        "H Kaur": "53cd8da6",
        "HK Matthews": "d32cf49a",
        "HY Kazi": "16954a36",
        "KP Navgire": "617a0b79",
        "M Krishnadas": "e298c588",
        "N Janani": "d06a665d",
        "NR Sciver-Brunt": "f3a18a0c",
        "P Vastrakar": "8026ea72",
        "PG Pathak": "9f772ec5",
        "PN Khemnar": "53707c8c",
        "RS Gayakwad": "237ec05b",
        "S Ecclestone": "cdb82f1c",
        "S Ishaque": "f2c1f0e5",
        "S Ismail": "108c4c09",
        "S Sajana": "a4dcac97",
        "S Sehrawat": "0e9d4094",
        "SZ Thakor": "7d794fa6",
        "U Chetry": "8f8f94fd",
        "VR Nagre": "fadaac76",
        "YH Bhatia": "9c3d4e8a"
      }
    },
    "season": "2023/24",
    "team_type": "club",
    "teams": [
      "Mumbai Indians",
      "UP Warriorz"
    ],
    "toss": {
      "decision": "bat",
      "winner": "Mumbai Indians"
    },
    "venue": "Arun Jaitley Stadium, Delhi"
  },
  "innings": [
    {
      "team": "Mumbai Indians",
      "overs": [
        {
          "over": 0,
          "deliveries": [
            {
              "batter": "YH Bhatia",
              "bowler": "GM Harris",
              "non_striker": "HK Matthews",
              "runs": {
                "batter": 4,
                "extras": 0,
                "total": 4
              }
            },
            {
              "batter": "YH Bhatia",
              "bowler": "GM Harris",
              "non_striker": "HK Matthews",
              "runs": {
                "batter": 0,
                "extras": 0,
                "total": 0
              }
            },
            {
              "batter": "YH Bhatia",
              "bowler": "GM Harris",
              "non_striker": "HK Matthews",
              "runs": {
                "batter": 0,
                "extras": 0,
                "total": 0
              }
            },
            {
              "batter": "YH Bhatia",
              "bowler": "GM Harris",
              "non_striker": "HK Matthews",
              "runs": {
                "batter": 0,
                "extras": 0,
                "total": 0
              }
            },
            {
              "batter": "YH Bhatia",
              "bowler": "GM Harris",
              "non_striker": "HK Matthews",
              "runs": {
                "batter": 0,
                "extras": 0,
                "total": 0
              }
            },
            {
              "batter": "YH Bhatia",
              "bowler": "GM Harris",
              "non_striker": "HK Matthews",
              "runs": {
                "batter": 0,
                "extras": 0,
                "total": 0
              }
            }
          ]
        },
        {
          "over": 1,
          "deliveries": [
            {
              "batter": "HK Matthews",
              "bowler": "AC Jayangani",
              "non_striker": "YH Bhatia",
              "runs": {
                "batter": 4,
                "extras": 0,
                "total": 4
              }
            },
            {
              "batter": "HK Matthews",
              "bowler": "AC Jayangani",
              "non_striker": "YH Bhatia",
              "runs": {
                "batter": 0,
                "extras": 0,
                "total": 0
              }
            },
            {
              "batter": "HK Matthews",
              "bowler": "AC Jayangani",
              "non_striker": "YH Bhatia",
              "runs": {
                "batter": 0,
                "extras": 0,
                "total": 0
              },
              "wickets": [
                {
                  "player_out": "HK Matthews",
                  "fielders": [
                    {
                      "name": "S Ecclestone"
                    }
                  ],
                  "kind": "caught"
                }
              ]
            },
            {
              "batter": "NR Sciver-Brunt",
              "bowler": "AC Jayangani",
              "non_striker": "YH Bhatia",
              "runs": {
                "batter": 0,
                "extras": 0,
                "total": 0
              }
            },
            {
              "batter": "NR Sciver-Brunt",
              "bowler": "AC Jayangani",
              "non_striker": "YH Bhatia",
              "runs": {
                "batter": 0,
                "extras": 0,
                "total": 0
              }
            },
            {
              "batter": "NR Sciver-Brunt",
              "bowler": "AC Jayangani",
              "non_striker": "YH Bhatia",
              "runs": {
                "batter": 0,
                "extras": 0,
                "total": 0
              }
            }
          ]
        },
        {
          "over": 2,
          "deliveries": [
            {
              "batter": "YH Bhatia",
              "bowler": "GM Harris",
              "non_striker": "NR Sciver-Brunt",
              "runs": {
                "batter": 0,
                "extras": 0,
                "total": 0
              }
            },
            {
              "batter": "YH Bhatia",
              "bowler": "GM Harris",
              "non_striker": "NR Sciver-Brunt",
              "runs": {
                "batter": 0,
                "extras": 0,
                "total": 0
              }
            },
            {
              "batter": "YH Bhatia",
              "bowler": "GM Harris",
              "non_striker": "NR Sciver-Brunt",
              "runs": {
                "batter": 1,
                "extras": 0,
                "total": 1
              }
            },
            {
              "batter": "NR Sciver-Brunt",
              "bowler": "GM Harris",
              "non_striker": "YH Bhatia",
              "runs": {
                "batter": 4,
                "extras": 0,
                "total": 4
              }
            },
            {
              "batter": "NR Sciver-Brunt",
              "bowler": "GM Harris",
              "non_striker": "YH Bhatia",
              "runs": {
                "batter": 0,
                "extras": 0,
                "total": 0
              }
            },
            {
              "batter": "NR Sciver-Brunt",
              "bowler": "GM Harris",
              "non_striker": "YH Bhatia",
              "runs": {
                "batter": 0,
                "extras": 0,
                "total": 0
              }
            }
          ]
        },
        {
          "over": 3,
          "deliveries": [
            {
              "batter": "YH Bhatia",
              "bowler": "AC Jayangani",
              "non_striker": "NR Sciver-Brunt",
              "runs": {
                "batter": 0,
                "extras": 0,
                "total": 0
              }
            },
            {
              "batter": "YH Bhatia",
              "bowler": "AC Jayangani",
              "non_striker": "NR Sciver-Brunt",
              "runs": {
                "batter": 0,
                "extras": 0,
                "total": 0
              }
            },
            {
              "batter": "YH Bhatia",
              "bowler": "AC Jayangani",
              "non_striker": "NR Sciver-Brunt",
              "runs": {
                "batter": 4,
                "extras": 0,
                "total": 4
              }
            },
            {
              "batter": "YH Bhatia",
              "bowler": "AC Jayangani",
              "non_striker": "NR Sciver-Brunt",
              "runs": {
                "batter": 0,
                "extras": 0,
                "total": 0
              },
              "wickets": [
                {
                  "player_out": "YH Bhatia",
                  "fielders": [
                    {
                      "name": "S Sehrawat"
                    }
                  ],
                  "kind": "caught"
                }
              ]
            },
            {
              "batter": "H Kaur",
              "bowler": "AC Jayangani",
              "non_striker": "NR Sciver-Brunt",
              "runs": {
                "batter": 0,
                "extras": 0,
                "total": 0
              }
            },
            {
              "batter": "H Kaur",
              "bowler": "AC Jayangani",
              "non_striker": "NR Sciver-Brunt",
              "runs": {
                "batter": 0,
                "extras": 0,
                "total": 0
              }
            }
          ]
        },
        {
          "over": 4,
          "deliveries": [
            {
              "batter": "NR Sciver-Brunt",
              "bowler": "GM Harris",
              "non_striker": "H Kaur",
              "runs": {
                "batter": 4,
                "extras": 0,
                "total": 4
              }
            },
            {
              "batter": "NR Sciver-Brunt",
              "bowler": "GM Harris",
              "non_striker": "H Kaur",
              "runs": {
                "batter": 1,
                "extras": 0,
                "total": 1
              }
            },
            {
              "batter": "H Kaur",
              "bowler": "GM Harris",
              "non_striker": "NR Sciver-Brunt",
              "runs": {
                "batter": 1,
                "extras": 0,
                "total": 1
              }
            },
            {
              "batter": "NR Sciver-Brunt",
              "bowler": "GM Harris",
              "non_striker": "H Kaur",
              "runs": {
                "batter": 1,
                "extras": 0,
                "total": 1
              }
            },
            {
              "batter": "H Kaur",
              "bowler": "GM Harris",
              "non_striker": "NR Sciver-Brunt",
              "runs": {
                "batter": 1,
                "extras": 0,
                "total": 1
              }
            },
            {
              "batter": "NR Sciver-Brunt",
              "bowler": "GM Harris",
              "non_striker": "H Kaur",
              "runs": {
                "batter": 1,
                "extras": 0,
                "total": 1
              }
            }
          ]
        },
        {
          "over": 5,
          "deliveries": [
            {
              "batter": "NR Sciver-Brunt",
              "bowler": "RS Gayakwad",
              "non_striker": "H Kaur",
              "runs": {
                "batter": 4,
                "extras": 0,
                "total": 4
              }
            },
            {
              "batter": "NR Sciver-Brunt",
              "bowler": "RS Gayakwad",
              "non_striker": "H Kaur",
              "runs": {
                "batter": 4,
                "extras": 0,
                "total": 4
              }
            },
            {
              "batter": "NR Sciver-Brunt",
              "bowler": "RS Gayakwad",
              "non_striker": "H Kaur",
              "runs": {
                "batter": 1,
                "extras": 0,
                "total": 1
              }
            },
            {
              "batter": "H Kaur",
              "bowler": "RS Gayakwad",
              "non_striker": "NR Sciver-Brunt",
              "runs": {
                "batter": 0,
                "extras": 0,
                "total": 0
              }
            },
            {
              "batter": "H Kaur",
              "bowler": "RS Gayakwad",
              "non_striker": "NR Sciver-Brunt",
              "runs": {
                "batter": 1,
                "extras": 0,
                "total": 1
              }
            },
            {
              "batter": "NR Sciver-Brunt",
              "bowler": "RS Gayakwad",
              "non_striker": "H Kaur",
              "runs": {
                "batter": 1,
                "extras": 0,
                "total": 1
              }
            }
          ]
        },
        {
          "over": 6,
          "deliveries": [
            {
              "batter": "NR Sciver-Brunt",
              "bowler": "S Ecclestone",
              "non_striker": "H Kaur",
              "runs": {
                "batter": 4,
                "extras": 0,
                "total": 4
              }
            },
            {
              "batter": "NR Sciver-Brunt",
              "bowler": "S Ecclestone",
              "non_striker": "H Kaur",
              "runs": {
                "batter": 0,
                "extras": 0,
                "total": 0
              }
            },
            {
              "batter": "NR Sciver-Brunt",
              "bowler": "S Ecclestone",
              "non_striker": "H Kaur",
              "runs": {
                "batter": 1,
                "extras": 0,
                "total": 1
              }
            },
            {
              "batter": "H Kaur",
              "bowler": "S Ecclestone",
              "non_striker": "NR Sciver-Brunt",
              "runs": {
                "batter": 0,
                "extras": 0,
                "total": 0
              }
            },
            {
              "batter": "H Kaur",
              "bowler": "S Ecclestone",
              "non_striker": "NR Sciver-Brunt",
              "runs": {
                "batter": 0,
                "extras": 0,
                "total": 0
              }
            },
            {
              "batter": "H Kaur",
              "bowler": "S Ecclestone",
              "non_striker": "NR Sciver-Brunt",
              "runs": {
                "batter": 0,
                "extras": 0,
                "total": 0
              }
            }
          ]
        },
        {
          "over": 7,
          "deliveries": [
            {
              "batter": "NR Sciver-Brunt",
              "bowler": "DB Sharma",
              "non_striker": "H Kaur",
              "runs": {
                "batter": 1,
                "extras": 0,
                "total": 1
              }
            },
            {
              "batter": "H Kaur",
              "bowler": "DB Sharma",
              "non_striker": "NR Sciver-Brunt",
              "runs": {
                "batter": 1,
                "extras": 0,
                "total": 1
              }
            },
            {
              "batter": "NR Sciver-Brunt",
              "bowler": "DB Sharma",
              "non_striker": "H Kaur",
              "runs": {
                "batter": 1,
                "extras": 0,
                "total": 1
              }
            },
            {
              "batter": "H Kaur",
              "bowler": "DB Sharma",
              "non_striker": "NR Sciver-Brunt",
              "runs": {
                "batter": 0,
                "extras": 0,
                "total": 0
              }
            },
            {
              "batter": "H Kaur",
              "bowler": "DB Sharma",
              "non_striker": "NR Sciver-Brunt",
              "runs": {
                "batter": 1,
                "extras": 0,
                "total": 1
              }
            },
            {
              "batter": "NR Sciver-Brunt",
              "bowler": "DB Sharma",
              "non_striker": "H Kaur",
              "runs": {
                "batter": 1,
                "extras": 0,
                "total": 1
              }
            }
          ]
        },
        {
          "over": 8,
          "deliveries": [
            {
              "batter": "NR Sciver-Brunt",
              "bowler": "SZ Thakor",
              "non_striker": "H Kaur",
              "runs": {
                "batter": 1,
                "extras": 0,
                "total": 1
              }
            },
            {
              "batter": "H Kaur",
              "bowler": "SZ Thakor",
              "non_striker": "NR Sciver-Brunt",
              "runs": {
                "batter": 4,
                "extras": 0,
                "total": 4
              }
            },
            {
              "batter": "H Kaur",
              "bowler": "SZ Thakor",
              "non_striker": "NR Sciver-Brunt",
              "runs": {
                "batter": 0,
                "extras": 0,
                "total": 0
              }
            },
            {
              "batter": "H Kaur",
              "bowler": "SZ Thakor",
              "non_striker": "NR Sciver-Brunt",
              "runs": {
                "batter": 1,
                "extras": 0,
                "total": 1
              }
            },
            {
              "batter": "NR Sciver-Brunt",
              "bowler": "SZ Thakor",
              "non_striker": "H Kaur",
              "runs": {
                "batter": 4,
                "extras": 0,
                "total": 4
              }
            },
            {
              "batter": "NR Sciver-Brunt",
              "bowler": "SZ Thakor",
              "non_striker": "H Kaur",
              "runs": {
                "batter": 0,
                "extras": 0,
                "total": 0
              }
            }
          ]
        },
        {
          "over": 9,
          "deliveries": [
            {
              "batter": "H Kaur",
              "bowler": "S Ecclestone",
              "non_striker": "NR Sciver-Brunt",
              "runs": {
                "batter": 4,
                "extras": 0,
                "total": 4
              }
            },
            {
              "batter": "H Kaur",
              "bowler": "S Ecclestone",
              "non_striker": "NR Sciver-Brunt",
              "runs": {
                "batter": 1,
                "extras": 0,
                "total": 1
              }
            },
            {
              "batter": "NR Sciver-Brunt",
              "bowler": "S Ecclestone",
              "non_striker": "H Kaur",
              "runs": {
                "batter": 1,
                "extras": 0,
                "total": 1
              }
            },
            {
              "batter": "H Kaur",
              "bowler": "S Ecclestone",
              "non_striker": "NR Sciver-Brunt",
              "review": {
                "by": "UP Warriorz",
                "umpire": "M Krishnadas",
                "batter": "H Kaur",
                "decision": "struck down",
                "type": "wicket"
              },
              "runs": {
                "batter": 0,
                "extras": 0,
                "total": 0
              }
            },
            {
              "batter": "H Kaur",
              "bowler": "S Ecclestone",
              "non_striker": "NR Sciver-Brunt",
              "runs": {
                "batter": 1,
                "extras": 0,
                "total": 1
              }
            },
            {
              "batter": "NR Sciver-Brunt",
              "bowler": "S Ecclestone",
              "non_striker": "H Kaur",
              "runs": {
                "batter": 0,
                "extras": 0,
                "total": 0
              }
            }
          ]
        },
        {
          "over": 10,
          "deliveries": [
            {
              "batter": "H Kaur",
              "bowler": "DB Sharma",
              "extras": {
                "byes": 1
              },
              "non_striker": "NR Sciver-Brunt",
              "runs": {
                "batter": 0,
                "extras": 1,
                "total": 1
              }
            },
            {
              "batter": "NR Sciver-Brunt",
              "bowler": "DB Sharma",
              "non_striker": "H Kaur",
              "runs": {
                "batter": 0,
                "extras": 0,
                "total": 0
              }
            },
            {
              "batter": "NR Sciver-Brunt",
              "bowler": "DB Sharma",
              "non_striker": "H Kaur",
              "runs": {
                "batter": 4,
                "extras": 0,
                "total": 4
              }
            },
            {
              "batter": "NR Sciver-Brunt",
              "bowler": "DB Sharma",
              "non_striker": "H Kaur",
              "runs": {
                "batter": 1,
                "extras": 0,
                "total": 1
              }
            },
            {
              "batter": "H Kaur",
              "bowler": "DB Sharma",
              "non_striker": "NR Sciver-Brunt",
              "runs": {
                "batter": 1,
                "extras": 0,
                "total": 1
              }
            },
            {
              "batter": "NR Sciver-Brunt",
              "bowler": "DB Sharma",
              "non_striker": "H Kaur",
              "runs": {
                "batter": 1,
                "extras": 0,
                "total": 1
              }
            }
          ]
        },
        {
          "over": 11,
          "deliveries": [
            {
              "batter": "NR Sciver-Brunt",
              "bowler": "RS Gayakwad",
              "non_striker": "H Kaur",
              "runs": {
                "batter": 4,
                "extras": 0,
                "total": 4
              }
            },
            {
              "batter": "NR Sciver-Brunt",
              "bowler": "RS Gayakwad",
              "non_striker": "H Kaur",
              "runs": {
                "batter": 0,
                "extras": 0,
                "total": 0
              },
              "wickets": [
                {
                  "player_out": "NR Sciver-Brunt",
                  "kind": "bowled"
                }
              ]
            },
            {
              "batter": "AC Kerr",
              "bowler": "RS Gayakwad",
              "non_striker": "H Kaur",
              "runs": {
                "batter": 0,
                "extras": 0,
                "total": 0
              }
            },
            {
              "batter": "AC Kerr",
              "bowler": "RS Gayakwad",
              "non_striker": "H Kaur",
              "runs": {
                "batter": 4,
                "extras": 0,
                "total": 4
              }
            },
            {
              "batter": "AC Kerr",
              "bowler": "RS Gayakwad",
              "non_striker": "H Kaur",
              "runs": {
                "batter": 1,
                "extras": 0,
                "total": 1
              }
            },
            {
              "batter": "H Kaur",
              "bowler": "RS Gayakwad",
              "non_striker": "AC Kerr",
              "runs": {
                "batter": 1,
                "extras": 0,
                "total": 1
              }
            }
          ]
        },
        {
          "over": 12,
          "deliveries": [
            {
              "batter": "H Kaur",
              "bowler": "AC Jayangani",
              "non_striker": "AC Kerr",
              "runs": {
                "batter": 1,
                "extras": 0,
                "total": 1
              }
            },
            {
              "batter": "AC Kerr",
              "bowler": "AC Jayangani",
              "non_striker": "H Kaur",
              "runs": {
                "batter": 1,
                "extras": 0,
                "total": 1
              }
            },
            {
              "batter": "H Kaur",
              "bowler": "AC Jayangani",
              "non_striker": "AC Kerr",
              "runs": {
                "batter": 1,
                "extras": 0,
                "total": 1
              }
            },
            {
              "batter": "AC Kerr",
              "bowler": "AC Jayangani",
              "non_striker": "H Kaur",
              "runs": {
                "batter": 1,
                "extras": 0,
                "total": 1
              }
            },
            {
              "batter": "H Kaur",
              "bowler": "AC Jayangani",
              "non_striker": "AC Kerr",
              "runs": {
                "batter": 1,
                "extras": 0,
                "total": 1
              }
            },
            {
              "batter": "AC Kerr",
              "bowler": "AC Jayangani",
              "non_striker": "H Kaur",
              "runs": {
                "batter": 4,
                "extras": 0,
                "total": 4
              }
            }
          ]
        },
        {
          "over": 13,
          "deliveries": [
            {
              "batter": "H Kaur",
              "bowler": "RS Gayakwad",
              "non_striker": "AC Kerr",
              "runs": {
                "batter": 4,
                "extras": 0,
                "total": 4
              }
            },
            {
              "batter": "H Kaur",
              "bowler": "RS Gayakwad",
              "non_striker": "AC Kerr",
              "runs": {
                "batter": 1,
                "extras": 0,
                "total": 1
              }
            },
            {
              "batter": "AC Kerr",
              "bowler": "RS Gayakwad",
              "non_striker": "H Kaur",
              "runs": {
                "batter": 0,
                "extras": 0,
                "total": 0
              }
            },
            {
              "batter": "AC Kerr",
              "bowler": "RS Gayakwad",
              "non_striker": "H Kaur",
              "runs": {
                "batter": 1,
                "extras": 0,
                "total": 1
              }
            },
            {
              "batter": "H Kaur",
              "bowler": "RS Gayakwad",
              "non_striker": "AC Kerr",
              "runs": {
                "batter": 6,
                "extras": 0,
                "total": 6
              }
            },
            {
              "batter": "H Kaur",
              "bowler": "RS Gayakwad",
              "non_striker": "AC Kerr",
              "runs": {
                "batter": 1,
                "extras": 0,
                "total": 1
              }
            }
          ]
        },
        {
          "over": 14,
          "deliveries": [
            {
              "batter": "H Kaur",
              "bowler": "SZ Thakor",
              "non_striker": "AC Kerr",
              "runs": {
                "batter": 0,
                "extras": 0,
                "total": 0
              },
              "wickets": [
                {
                  "player_out": "H Kaur",
                  "kind": "bowled"
                }
              ]
            },
            {
              "batter": "AB Kaur",
              "bowler": "SZ Thakor",
              "non_striker": "AC Kerr",
              "runs": {
                "batter": 2,
                "extras": 0,
                "total": 2
              }
            },
            {
              "batter": "AB Kaur",
              "bowler": "SZ Thakor",
              "non_striker": "AC Kerr",
              "runs": {
                "batter": 1,
                "extras": 0,
                "total": 1
              }
            },
            {
              "batter": "AC Kerr",
              "bowler": "SZ Thakor",
              "non_striker": "AB Kaur",
              "runs": {
                "batter": 1,
                "extras": 0,
                "total": 1
              }
            },
            {
              "batter": "AB Kaur",
              "bowler": "SZ Thakor",
              "non_striker": "AC Kerr",
              "runs": {
                "batter": 1,
                "extras": 0,
                "total": 1
              }
            },
            {
              "batter": "AC Kerr",
              "bowler": "SZ Thakor",
              "non_striker": "AB Kaur",
              "runs": {
                "batter": 4,
                "extras": 0,
                "total": 4
              }
            }
          ]
        },
        {
          "over": 15,
          "deliveries": [
            {
              "batter": "AB Kaur",
              "bowler": "DB Sharma",
              "non_striker": "AC Kerr",
              "runs": {
                "batter": 3,
                "extras": 0,
                "total": 3
              }
            },
            {
              "batter": "AC Kerr",
              "bowler": "DB Sharma",
              "non_striker": "AB Kaur",
              "runs": {
                "batter": 1,
                "extras": 0,
                "total": 1
              }
            },
            {
              "batter": "AB Kaur",
              "bowler": "DB Sharma",
              "non_striker": "AC Kerr",
              "runs": {
                "batter": 0,
                "extras": 0,
                "total": 0
              }
            },
            {
              "batter": "AB Kaur",
              "bowler": "DB Sharma",
              "non_striker": "AC Kerr",
              "runs": {
                "batter": 0,
                "extras": 0,
                "total": 0
              },
              "wickets": [
                {
                  "player_out": "AB Kaur",
                  "fielders": [
                    {
                      "name": "SZ Thakor"
                    }
                  ],
                  "kind": "caught"
                }
              ]
            },
            {
              "batter": "S Sajana",
              "bowler": "DB Sharma",
              "non_striker": "AC Kerr",
              "runs": {
                "batter": 1,
                "extras": 0,
                "total": 1
              }
            },
            {
              "batter": "AC Kerr",
              "bowler": "DB Sharma",
              "non_striker": "S Sajana",
              "runs": {
                "batter": 4,
                "extras": 0,
                "total": 4
              }
            }
          ]
        },
        {
          "over": 16,
          "deliveries": [
            {
              "batter": "S Sajana",
              "bowler": "AC Jayangani",
              "non_striker": "AC Kerr",
              "runs": {
                "batter": 4,
                "extras": 0,
                "total": 4
              }
            },
            {
              "batter": "S Sajana",
              "bowler": "AC Jayangani",
              "non_striker": "AC Kerr",
              "runs": {
                "batter": 0,
                "extras": 0,
                "total": 0
              }
            },
            {
              "batter": "S Sajana",
              "bowler": "AC Jayangani",
              "non_striker": "AC Kerr",
              "runs": {
                "batter": 1,
                "extras": 0,
                "total": 1
              }
            },
            {
              "batter": "AC Kerr",
              "bowler": "AC Jayangani",
              "non_striker": "S Sajana",
              "runs": {
                "batter": 0,
                "extras": 0,
                "total": 0
              }
            },
            {
              "batter": "AC Kerr",
              "bowler": "AC Jayangani",
              "non_striker": "S Sajana",
              "runs": {
                "batter": 4,
                "extras": 0,
                "total": 4
              }
            },
            {
              "batter": "AC Kerr",
              "bowler": "AC Jayangani",
              "non_striker": "S Sajana",
              "runs": {
                "batter": 1,
                "extras": 0,
                "total": 1
              }
            }
          ]
        },
        {
          "over": 17,
          "deliveries": [
            {
              "batter": "AC Kerr",
              "bowler": "S Ecclestone",
              "non_striker": "S Sajana",
              "runs": {
                "batter": 4,
                "extras": 0,
                "total": 4
              }
            },
            {
              "batter": "AC Kerr",
              "bowler": "S Ecclestone",
              "non_striker": "S Sajana",
              "runs": {
                "batter": 0,
                "extras": 0,
                "total": 0
              }
            },
            {
              "batter": "AC Kerr",
              "bowler": "S Ecclestone",
              "non_striker": "S Sajana",
              "runs": {
                "batter": 2,
                "extras": 0,
                "total": 2
              }
            },
            {
              "batter": "AC Kerr",
              "bowler": "S Ecclestone",
              "non_striker": "S Sajana",
              "runs": {
                "batter": 1,
                "extras": 0,
                "total": 1
              }
            },
            {
              "batter": "S Sajana",
              "bowler": "S Ecclestone",
              "non_striker": "AC Kerr",
              "runs": {
                "batter": 0,
                "extras": 0,
                "total": 0
              }
            },
            {
              "batter": "S Sajana",
              "bowler": "S Ecclestone",
              "non_striker": "AC Kerr",
              "runs": {
                "batter": 0,
                "extras": 0,
                "total": 0
              }
            }
          ]
        },
        {
          "over": 18,
          "deliveries": [
            {
              "batter": "AC Kerr",
              "bowler": "DB Sharma",
              "non_striker": "S Sajana",
              "runs": {
                "batter": 2,
                "extras": 0,
                "total": 2
              }
            },
            {
              "batter": "AC Kerr",
              "bowler": "DB Sharma",
              "non_striker": "S Sajana",
              "runs": {
                "batter": 1,
                "extras": 0,
                "total": 1
              }
            },
            {
              "batter": "S Sajana",
              "bowler": "DB Sharma",
              "non_striker": "AC Kerr",
              "runs": {
                "batter": 1,
                "extras": 0,
                "total": 1
              }
            },
            {
              "batter": "AC Kerr",
              "bowler": "DB Sharma",
              "non_striker": "S Sajana",
              "runs": {
                "batter": 1,
                "extras": 0,
                "total": 1
              }
            },
            {
              "batter": "S Sajana",
              "bowler": "DB Sharma",
              "non_striker": "AC Kerr",
              "runs": {
                "batter": 4,
                "extras": 0,
                "total": 4
              }
            },
            {
              "batter": "S Sajana",
              "bowler": "DB Sharma",
              "non_striker": "AC Kerr",
              "runs": {
                "batter": 1,
                "extras": 0,
                "total": 1
              }
            }
          ]
        },
        {
          "over": 19,
          "deliveries": [
            {
              "batter": "S Sajana",
              "bowler": "S Ecclestone",
              "non_striker": "AC Kerr",
              "runs": {
                "batter": 1,
                "extras": 0,
                "total": 1
              }
            },
            {
              "batter": "AC Kerr",
              "bowler": "S Ecclestone",
              "non_striker": "S Sajana",
              "runs": {
                "batter": 1,
                "extras": 0,
                "total": 1
              }
            },
            {
              "batter": "S Sajana",
              "bowler": "S Ecclestone",
              "non_striker": "AC Kerr",
              "runs": {
                "batter": 0,
                "extras": 0,
                "total": 0
              }
            },
            {
              "batter": "S Sajana",
              "bowler": "S Ecclestone",
              "non_striker": "AC Kerr",
              "runs": {
                "batter": 4,
                "extras": 0,
                "total": 4
              }
            },
            {
              "batter": "S Sajana",
              "bowler": "S Ecclestone",
              "non_striker": "AC Kerr",
              "runs": {
                "batter": 4,
                "extras": 0,
                "total": 4
              }
            },
            {
              "batter": "S Sajana",
              "bowler": "S Ecclestone",
              "non_striker": "AC Kerr",
              "runs": {
                "batter": 1,
                "extras": 0,
                "total": 1
              },
              "wickets": [
                {
                  "player_out": "AC Kerr",
                  "fielders": [
                    {
                      "name": "GM Harris"
                    },
                    {
                      "name": "S Ecclestone"
                    }
                  ],
                  "kind": "run out"
                }
              ]
            }
          ]
        }
      ],
      "powerplays": [
        {
          "from": 0.1,
          "to": 5.6,
          "type": "mandatory"
        }
      ]
    },
    {
      "team": "UP Warriorz",
      "overs": [
        {
          "over": 0,
          "deliveries": [
            {
              "batter": "AJ Healy",
              "bowler": "S Ismail",
              "non_striker": "KP Navgire",
              "runs": {
                "batter": 0,
                "extras": 0,
                "total": 0
              }
            },
            {
              "batter": "AJ Healy",
              "bowler": "S Ismail",
              "non_striker": "KP Navgire",
              "runs": {
                "batter": 1,
                "extras": 0,
                "total": 1
              }
            },
            {
              "batter": "KP Navgire",
              "bowler": "S Ismail",
              "non_striker": "AJ Healy",
              "runs": {
                "batter": 0,
                "extras": 0,
                "total": 0
              }
            },
            {
              "batter": "KP Navgire",
              "bowler": "S Ismail",
              "non_striker": "AJ Healy",
              "runs": {
                "batter": 0,
                "extras": 0,
                "total": 0
              }
            },
            {
              "batter": "KP Navgire",
              "bowler": "S Ismail",
              "extras": {
                "wides": 1
              },
              "non_striker": "AJ Healy",
              "runs": {
                "batter": 0,
                "extras": 1,
                "total": 1
              }
            },
            {
              "batter": "KP Navgire",
              "bowler": "S Ismail",
              "non_striker": "AJ Healy",
              "runs": {
                "batter": 0,
                "extras": 0,
                "total": 0
              }
            },
            {
              "batter": "KP Navgire",
              "bowler": "S Ismail",
              "extras": {
                "legbyes": 1
              },
              "non_striker": "AJ Healy",
              "runs": {
                "batter": 0,
                "extras": 1,
                "total": 1
              }
            }
          ]
        },
        {
          "over": 1,
          "deliveries": [
            {
              "batter": "KP Navgire",
              "bowler": "S Ishaque",
              "non_striker": "AJ Healy",
              "runs": {
                "batter": 0,
                "extras": 0,
                "total": 0
              }
            },
            {
              "batter": "KP Navgire",
              "bowler": "S Ishaque",
              "non_striker": "AJ Healy",
              "runs": {
                "batter": 6,
                "extras": 0,
                "total": 6
              }
            },
            {
              "batter": "KP Navgire",
              "bowler": "S Ishaque",
              "non_striker": "AJ Healy",
              "runs": {
                "batter": 1,
                "extras": 0,
                "total": 1
              }
            },
            {
              "batter": "AJ Healy",
              "bowler": "S Ishaque",
              "non_striker": "KP Navgire",
              "runs": {
                "batter": 1,
                "extras": 0,
                "total": 1
              }
            },
            {
              "batter": "KP Navgire",
              "bowler": "S Ishaque",
              "non_striker": "AJ Healy",
              "runs": {
                "batter": 0,
                "extras": 0,
                "total": 0
              },
              "wickets": [
                {
                  "player_out": "KP Navgire",
                  "kind": "bowled"
                }
              ]
            },
            {
              "batter": "AC Jayangani",
              "bowler": "S Ishaque",
              "non_striker": "AJ Healy",
              "runs": {
                "batter": 0,
                "extras": 0,
                "total": 0
              }
            }
          ]
        },
        {
          "over": 2,
          "deliveries": [
            {
              "batter": "AJ Healy",
              "bowler": "S Ismail",
              "non_striker": "AC Jayangani",
              "runs": {
                "batter": 0,
                "extras": 0,
                "total": 0
              }
            },
            {
              "batter": "AJ Healy",
              "bowler": "S Ismail",
              "non_striker": "AC Jayangani",
              "runs": {
                "batter": 0,
                "extras": 0,
                "total": 0
              }
            },
            {
              "batter": "AJ Healy",
              "bowler": "S Ismail",
              "non_striker": "AC Jayangani",
              "runs": {
                "batter": 1,
                "extras": 0,
                "total": 1
              }
            },
            {
              "batter": "AC Jayangani",
              "bowler": "S Ismail",
              "non_striker": "AJ Healy",
              "runs": {
                "batter": 1,
                "extras": 0,
                "total": 1
              }
            },
            {
              "batter": "AJ Healy",
              "bowler": "S Ismail",
              "non_striker": "AC Jayangani",
              "runs": {
                "batter": 0,
                "extras": 0,
                "total": 0
              }
            },
            {
              "batter": "AJ Healy",
              "bowler": "S Ismail",
              "non_striker": "AC Jayangani",
              "runs": {
                "batter": 0,
                "extras": 0,
                "total": 0
              }
            }
          ]
        },
        {
          "over": 3,
          "deliveries": [
            {
              "batter": "AC Jayangani",
              "bowler": "HK Matthews",
              "non_striker": "AJ Healy",
              "runs": {
                "batter": 2,
                "extras": 0,
                "total": 2
              }
            },
            {
              "batter": "AC Jayangani",
              "bowler": "HK Matthews",
              "non_striker": "AJ Healy",
              "runs": {
                "batter": 0,
                "extras": 0,
                "total": 0
              }
            },
            {
              "batter": "AC Jayangani",
              "bowler": "HK Matthews",
              "non_striker": "AJ Healy",
              "runs": {
                "batter": 0,
                "extras": 0,
                "total": 0
              },
              "wickets": [
                {
                  "player_out": "AC Jayangani",
                  "fielders": [
                    {
                      "name": "S Sajana"
                    }
                  ],
                  "kind": "caught"
                }
              ]
            },
            {
              "batter": "GM Harris",
              "bowler": "HK Matthews",
              "non_striker": "AJ Healy",
              "runs": {
                "batter": 0,
                "extras": 0,
                "total": 0
              }
            },
            {
              "batter": "GM Harris",
              "bowler": "HK Matthews",
              "non_striker": "AJ Healy",
              "runs": {
                "batter": 0,
                "extras": 0,
                "total": 0
              }
            },
            {
              "batter": "GM Harris",
              "bowler": "HK Matthews",
              "non_striker": "AJ Healy",
              "runs": {
                "batter": 0,
                "extras": 0,
                "total": 0
              }
            }
          ]
        },
        {
          "over": 4,
          "deliveries": [
            {
              "batter": "AJ Healy",
              "bowler": "S Ismail",
              "non_striker": "GM Harris",
              "runs": {
                "batter": 0,
                "extras": 0,
                "total": 0
              },
              "wickets": [
                {
                  "player_out": "AJ Healy",
                  "kind": "bowled"
                }
              ]
            },
            {
              "batter": "DB Sharma",
              "bowler": "S Ismail",
              "non_striker": "GM Harris",
              "runs": {
                "batter": 1,
                "extras": 0,
                "total": 1
              }
            },
            {
              "batter": "GM Harris",
              "bowler": "S Ismail",
              "non_striker": "DB Sharma",
              "runs": {
                "batter": 0,
                "extras": 0,
                "total": 0
              }
            },
            {
              "batter": "GM Harris",
              "bowler": "S Ismail",
              "non_striker": "DB Sharma",
              "runs": {
                "batter": 0,
                "extras": 0,
                "total": 0
              }
            },
            {
              "batter": "GM Harris",
              "bowler": "S Ismail",
              "non_striker": "DB Sharma",
              "runs": {
                "batter": 0,
                "extras": 0,
                "total": 0
              }
            },
            {
              "batter": "GM Harris",
              "bowler": "S Ismail",
              "non_striker": "DB Sharma",
              "runs": {
                "batter": 0,
                "extras": 0,
                "total": 0
              }
            }
          ]
        },
        {
          "over": 5,
          "deliveries": [
            {
              "batter": "DB Sharma",
              "bowler": "HK Matthews",
              "non_striker": "GM Harris",
              "runs": {
                "batter": 0,
                "extras": 0,
                "total": 0
              }
            },
            {
              "batter": "DB Sharma",
              "bowler": "HK Matthews",
              "non_striker": "GM Harris",
              "runs": {
                "batter": 1,
                "extras": 0,
                "total": 1
              }
            },
            {
              "batter": "GM Harris",
              "bowler": "HK Matthews",
              "non_striker": "DB Sharma",
              "runs": {
                "batter": 0,
                "extras": 0,
                "total": 0
              }
            },
            {
              "batter": "GM Harris",
              "bowler": "HK Matthews",
              "non_striker": "DB Sharma",
              "runs": {
                "batter": 0,
                "extras": 0,
                "total": 0
              }
            },
            {
              "batter": "GM Harris",
              "bowler": "HK Matthews",
              "non_striker": "DB Sharma",
              "runs": {
                "batter": 0,
                "extras": 0,
                "total": 0
              }
            },
            {
              "batter": "GM Harris",
              "bowler": "HK Matthews",
              "non_striker": "DB Sharma",
              "runs": {
                "batter": 0,
                "extras": 0,
                "total": 0
              }
            }
          ]
        },
        {
          "over": 6,
          "deliveries": [
            {
              "batter": "DB Sharma",
              "bowler": "S Ismail",
              "non_striker": "GM Harris",
              "runs": {
                "batter": 0,
                "extras": 0,
                "total": 0
              }
            },
            {
              "batter": "DB Sharma",
              "bowler": "S Ismail",
              "non_striker": "GM Harris",
              "runs": {
                "batter": 0,
                "extras": 0,
                "total": 0
              }
            },
            {
              "batter": "DB Sharma",
              "bowler": "S Ismail",
              "non_striker": "GM Harris",
              "runs": {
                "batter": 1,
                "extras": 0,
                "total": 1
              }
            },
            {
              "batter": "GM Harris",
              "bowler": "S Ismail",
              "non_striker": "DB Sharma",
              "runs": {
                "batter": 0,
                "extras": 0,
                "total": 0
              }
            },
            {
              "batter": "GM Harris",
              "bowler": "S Ismail",
              "non_striker": "DB Sharma",
              "runs": {
                "batter": 0,
                "extras": 0,
                "total": 0
              }
            },
            {
              "batter": "GM Harris",
              "bowler": "S Ismail",
              "non_striker": "DB Sharma",
              "runs": {
                "batter": 0,
                "extras": 0,
                "total": 0
              }
            }
          ]
        },
        {
          "over": 7,
          "deliveries": [
            {
              "batter": "DB Sharma",
              "bowler": "HK Matthews",
              "non_striker": "GM Harris",
              "runs": {
                "batter": 1,
                "extras": 0,
                "total": 1
              }
            },
            {
              "batter": "GM Harris",
              "bowler": "HK Matthews",
              "non_striker": "DB Sharma",
              "runs": {
                "batter": 6,
                "extras": 0,
                "total": 6
              }
            },
            {
              "batter": "GM Harris",
              "bowler": "HK Matthews",
              "non_striker": "DB Sharma",
              "runs": {
                "batter": 1,
                "extras": 0,
                "total": 1
              }
            },
            {
              "batter": "DB Sharma",
              "bowler": "HK Matthews",
              "non_striker": "GM Harris",
              "runs": {
                "batter": 1,
                "extras": 0,
                "total": 1
              }
            },
            {
              "batter": "GM Harris",
              "bowler": "HK Matthews",
              "non_striker": "DB Sharma",
              "runs": {
                "batter": 1,
                "extras": 0,
                "total": 1
              }
            },
            {
              "batter": "DB Sharma",
              "bowler": "HK Matthews",
              "non_striker": "GM Harris",
              "runs": {
                "batter": 1,
                "extras": 0,
                "total": 1
              }
            }
          ]
        },
        {
          "over": 8,
          "deliveries": [
            {
              "batter": "DB Sharma",
              "bowler": "P Vastrakar",
              "non_striker": "GM Harris",
              "runs": {
                "batter": 1,
                "extras": 0,
                "total": 1
              }
            },
            {
              "batter": "GM Harris",
              "bowler": "P Vastrakar",
              "non_striker": "DB Sharma",
              "review": {
                "by": "UP Warriorz",
                "umpire": "M Krishnadas",
                "batter": "GM Harris",
                "decision": "upheld",
                "type": "wicket"
              },
              "runs": {
                "batter": 0,
                "extras": 0,
                "total": 0
              }
            },
            {
              "batter": "GM Harris",
              "bowler": "P Vastrakar",
              "non_striker": "DB Sharma",
              "runs": {
                "batter": 0,
                "extras": 0,
                "total": 0
              }
            },
            {
              "batter": "GM Harris",
              "bowler": "P Vastrakar",
              "non_striker": "DB Sharma",
              "runs": {
                "batter": 0,
                "extras": 0,
                "total": 0
              }
            },
            {
              "batter": "GM Harris",
              "bowler": "P Vastrakar",
              "non_striker": "DB Sharma",
              "runs": {
                "batter": 1,
                "extras": 0,
                "total": 1
              }
            },
            {
              "batter": "DB Sharma",
              "bowler": "P Vastrakar",
              "non_striker": "GM Harris",
              "runs": {
                "batter": 4,
                "extras": 0,
                "total": 4
              }
            }
          ]
        },
        {
          "over": 9,
          "deliveries": [
            {
              "batter": "GM Harris",
              "bowler": "S Ishaque",
              "non_striker": "DB Sharma",
              "runs": {
                "batter": 6,
                "extras": 0,
                "total": 6
              }
            },
            {
              "batter": "GM Harris",
              "bowler": "S Ishaque",
              "non_striker": "DB Sharma",
              "runs": {
                "batter": 0,
                "extras": 0,
                "total": 0
              },
              "wickets": [
                {
                  "player_out": "GM Harris",
                  "kind": "bowled"
                }
              ]
            },
            {
              "batter": "S Sehrawat",
              "bowler": "S Ishaque",
              "non_striker": "DB Sharma",
              "runs": {
                "batter": 0,
                "extras": 0,
                "total": 0
              }
            },
            {
              "batter": "S Sehrawat",
              "bowler": "S Ishaque",
              "non_striker": "DB Sharma",
              "runs": {
                "batter": 0,
                "extras": 0,
                "total": 0
              }
            },
            {
              "batter": "S Sehrawat",
              "bowler": "S Ishaque",
              "non_striker": "DB Sharma",
              "runs": {
                "batter": 1,
                "extras": 0,
                "total": 1
              }
            },
            {
              "batter": "DB Sharma",
              "bowler": "S Ishaque",
              "non_striker": "S Sehrawat",
              "runs": {
                "batter": 0,
                "extras": 0,
                "total": 0
              }
            }
          ]
        },
        {
          "over": 10,
          "deliveries": [
            {
              "batter": "S Sehrawat",
              "bowler": "NR Sciver-Brunt",
              "non_striker": "DB Sharma",
              "runs": {
                "batter": 0,
                "extras": 0,
                "total": 0
              }
            },
            {
              "batter": "S Sehrawat",
              "bowler": "NR Sciver-Brunt",
              "non_striker": "DB Sharma",
              "runs": {
                "batter": 0,
                "extras": 0,
                "total": 0
              }
            },
            {
              "batter": "S Sehrawat",
              "bowler": "NR Sciver-Brunt",
              "non_striker": "DB Sharma",
              "runs": {
                "batter": 6,
                "extras": 0,
                "total": 6
              }
            },
            {
              "batter": "S Sehrawat",
              "bowler": "NR Sciver-Brunt",
              "non_striker": "DB Sharma",
              "runs": {
                "batter": 1,
                "extras": 0,
                "total": 1
              }
            },
            {
              "batter": "DB Sharma",
              "bowler": "NR Sciver-Brunt",
              "non_striker": "S Sehrawat",
              "runs": {
                "batter": 0,
                "extras": 0,
                "total": 0
              }
            },
            {
              "batter": "DB Sharma",
              "bowler": "NR Sciver-Brunt",
              "non_striker": "S Sehrawat",
              "runs": {
                "batter": 0,
                "extras": 0,
                "total": 0
              }
            }
          ]
        },
        {
          "over": 11,
          "deliveries": [
            {
              "batter": "S Sehrawat",
              "bowler": "AC Kerr",
              "non_striker": "DB Sharma",
              "runs": {
                "batter": 4,
                "extras": 0,
                "total": 4
              }
            },
            {
              "batter": "S Sehrawat",
              "bowler": "AC Kerr",
              "non_striker": "DB Sharma",
              "runs": {
                "batter": 0,
                "extras": 0,
                "total": 0
              }
            },
            {
              "batter": "S Sehrawat",
              "bowler": "AC Kerr",
              "non_striker": "DB Sharma",
              "runs": {
                "batter": 0,
                "extras": 0,
                "total": 0
              }
            },
            {
              "batter": "S Sehrawat",
              "bowler": "AC Kerr",
              "non_striker": "DB Sharma",
              "runs": {
                "batter": 4,
                "extras": 0,
                "total": 4
              }
            },
            {
              "batter": "S Sehrawat",
              "bowler": "AC Kerr",
              "non_striker": "DB Sharma",
              "runs": {
                "batter": 0,
                "extras": 0,
                "total": 0
              }
            },
            {
              "batter": "S Sehrawat",
              "bowler": "AC Kerr",
              "non_striker": "DB Sharma",
              "runs": {
                "batter": 1,
                "extras": 0,
                "total": 1
              }
            }
          ]
        },
        {
          "over": 12,
          "deliveries": [
            {
              "batter": "S Sehrawat",
              "bowler": "P Vastrakar",
              "non_striker": "DB Sharma",
              "runs": {
                "batter": 0,
                "extras": 0,
                "total": 0
              }
            },
            {
              "batter": "S Sehrawat",
              "bowler": "P Vastrakar",
              "non_striker": "DB Sharma",
              "runs": {
                "batter": 0,
                "extras": 0,
                "total": 0
              },
              "wickets": [
                {
                  "player_out": "S Sehrawat",
                  "kind": "bowled"
                }
              ]
            },
            {
              "batter": "PN Khemnar",
              "bowler": "P Vastrakar",
              "non_striker": "DB Sharma",
              "runs": {
                "batter": 0,
                "extras": 0,
                "total": 0
              }
            },
            {
              "batter": "PN Khemnar",
              "bowler": "P Vastrakar",
              "non_striker": "DB Sharma",
              "runs": {
                "batter": 0,
                "extras": 0,
                "total": 0
              }
            },
            {
              "batter": "PN Khemnar",
              "bowler": "P Vastrakar",
              "non_striker": "DB Sharma",
              "runs": {
                "batter": 1,
                "extras": 0,
                "total": 1
              }
            },
            {
              "batter": "DB Sharma",
              "bowler": "P Vastrakar",
              "non_striker": "PN Khemnar",
              "runs": {
                "batter": 1,
                "extras": 0,
                "total": 1
              }
            }
          ]
        },
        {
          "over": 13,
          "deliveries": [
            {
              "batter": "DB Sharma",
              "bowler": "HK Matthews",
              "non_striker": "PN Khemnar",
              "runs": {
                "batter": 1,
                "extras": 0,
                "total": 1
              }
            },
            {
              "batter": "PN Khemnar",
              "bowler": "HK Matthews",
              "non_striker": "DB Sharma",
              "review": {
                "by": "Mumbai Indians",
                "umpire": "PG Pathak",
                "batter": "PN Khemnar",
                "decision": "struck down",
                "type": "wicket",
                "umpires_call": true
              },
              "runs": {
                "batter": 0,
                "extras": 0,
                "total": 0
              }
            },
            {
              "batter": "PN Khemnar",
              "bowler": "HK Matthews",
              "non_striker": "DB Sharma",
              "runs": {
                "batter": 1,
                "extras": 0,
                "total": 1
              }
            },
            {
              "batter": "DB Sharma",
              "bowler": "HK Matthews",
              "non_striker": "PN Khemnar",
              "runs": {
                "batter": 1,
                "extras": 0,
                "total": 1
              }
            },
            {
              "batter": "PN Khemnar",
              "bowler": "HK Matthews",
              "non_striker": "DB Sharma",
              "runs": {
                "batter": 4,
                "extras": 0,
                "total": 4
              }
            },
            {
              "batter": "PN Khemnar",
              "bowler": "HK Matthews",
              "non_striker": "DB Sharma",
              "runs": {
                "batter": 1,
                "extras": 0,
                "total": 1
              }
            }
          ]
        },
        {
          "over": 14,
          "deliveries": [
            {
              "batter": "PN Khemnar",
              "bowler": "NR Sciver-Brunt",
              "non_striker": "DB Sharma",
              "runs": {
                "batter": 0,
                "extras": 0,
                "total": 0
              }
            },
            {
              "batter": "PN Khemnar",
              "bowler": "NR Sciver-Brunt",
              "extras": {
                "wides": 1
              },
              "non_striker": "DB Sharma",
              "runs": {
                "batter": 0,
                "extras": 1,
                "total": 1
              }
            },
            {
              "batter": "PN Khemnar",
              "bowler": "NR Sciver-Brunt",
              "non_striker": "DB Sharma",
              "runs": {
                "batter": 0,
                "extras": 0,
                "total": 0
              }
            },
            {
              "batter": "PN Khemnar",
              "bowler": "NR Sciver-Brunt",
              "non_striker": "DB Sharma",
              "runs": {
                "batter": 0,
                "extras": 0,
                "total": 0
              },
              "wickets": [
                {
                  "player_out": "PN Khemnar",
                  "kind": "bowled"
                }
              ]
            },
            {
              "batter": "S Ecclestone",
              "bowler": "NR Sciver-Brunt",
              "non_striker": "DB Sharma",
              "runs": {
                "batter": 0,
                "extras": 0,
                "total": 0
              },
              "wickets": [
                {
                  "player_out": "S Ecclestone",
                  "fielders": [
                    {
                      "name": "S Sajana"
                    }
                  ],
                  "kind": "caught"
                }
              ]
            },
            {
              "batter": "U Chetry",
              "bowler": "NR Sciver-Brunt",
              "non_striker": "DB Sharma",
              "runs": {
                "batter": 2,
                "extras": 0,
                "total": 2
              }
            },
            {
              "batter": "U Chetry",
              "bowler": "NR Sciver-Brunt",
              "non_striker": "DB Sharma",
              "runs": {
                "batter": 4,
                "extras": 0,
                "total": 4
              }
            }
          ]
        },
        {
          "over": 15,
          "deliveries": [
            {
              "batter": "DB Sharma",
              "bowler": "S Ishaque",
              "non_striker": "U Chetry",
              "runs": {
                "batter": 0,
                "extras": 0,
                "total": 0
              }
            },
            {
              "batter": "DB Sharma",
              "bowler": "S Ishaque",
              "non_striker": "U Chetry",
              "runs": {
                "batter": 4,
                "extras": 0,
                "total": 4
              }
            },
            {
              "batter": "DB Sharma",
              "bowler": "S Ishaque",
              "non_striker": "U Chetry",
              "runs": {
                "batter": 4,
                "extras": 0,
                "total": 4
              }
            },
            {
              "batter": "DB Sharma",
              "bowler": "S Ishaque",
              "non_striker": "U Chetry",
              "runs": {
                "batter": 1,
                "extras": 0,
                "total": 1
              }
            },
            {
              "batter": "U Chetry",
              "bowler": "S Ishaque",
              "non_striker": "DB Sharma",
              "runs": {
                "batter": 0,
                "extras": 0,
                "total": 0
              }
            },
            {
              "batter": "U Chetry",
              "bowler": "S Ishaque",
              "non_striker": "DB Sharma",
              "runs": {
                "batter": 0,
                "extras": 0,
                "total": 0
              }
            }
          ]
        },
        {
          "over": 16,
          "deliveries": [
            {
              "batter": "DB Sharma",
              "bowler": "AB Kaur",
              "non_striker": "U Chetry",
              "runs": {
                "batter": 0,
                "extras": 0,
                "total": 0
              }
            },
            {
              "batter": "DB Sharma",
              "bowler": "AB Kaur",
              "non_striker": "U Chetry",
              "runs": {
                "batter": 0,
                "extras": 0,
                "total": 0
              }
            },
            {
              "batter": "DB Sharma",
              "bowler": "AB Kaur",
              "non_striker": "U Chetry",
              "runs": {
                "batter": 0,
                "extras": 0,
                "total": 0
              }
            },
            {
              "batter": "DB Sharma",
              "bowler": "AB Kaur",
              "non_striker": "U Chetry",
              "runs": {
                "batter": 4,
                "extras": 0,
                "total": 4
              }
            },
            {
              "batter": "DB Sharma",
              "bowler": "AB Kaur",
              "non_striker": "U Chetry",
              "runs": {
                "batter": 1,
                "extras": 0,
                "total": 1
              }
            },
            {
              "batter": "U Chetry",
              "bowler": "AB Kaur",
              "non_striker": "DB Sharma",
              "runs": {
                "batter": 0,
                "extras": 0,
                "total": 0
              }
            }
          ]
        },
        {
          "over": 17,
          "deliveries": [
            {
              "batter": "DB Sharma",
              "bowler": "AC Kerr",
              "extras": {
                "wides": 1
              },
              "non_striker": "U Chetry",
              "runs": {
                "batter": 0,
                "extras": 1,
                "total": 1
              }
            },
            {
              "batter": "DB Sharma",
              "bowler": "AC Kerr",
              "non_striker": "U Chetry",
              "runs": {
                "batter": 4,
                "extras": 0,
                "total": 4
              }
            },
            {
              "batter": "DB Sharma",
              "bowler": "AC Kerr",
              "non_striker": "U Chetry",
              "runs": {
                "batter": 0,
                "extras": 0,
                "total": 0
              }
            },
            {
              "batter": "DB Sharma",
              "bowler": "AC Kerr",
              "non_striker": "U Chetry",
              "runs": {
                "batter": 1,
                "extras": 0,
                "total": 1
              }
            },
            {
              "batter": "U Chetry",
              "bowler": "AC Kerr",
              "non_striker": "DB Sharma",
              "runs": {
                "batter": 1,
                "extras": 0,
                "total": 1
              }
            },
            {
              "batter": "DB Sharma",
              "bowler": "AC Kerr",
              "non_striker": "U Chetry",
              "runs": {
                "batter": 6,
                "extras": 0,
                "total": 6
              }
            },
            {
              "batter": "DB Sharma",
              "bowler": "AC Kerr",
              "non_striker": "U Chetry",
              "runs": {
                "batter": 1,
                "extras": 0,
                "total": 1
              }
            }
          ]
        },
        {
          "over": 18,
          "deliveries": [
            {
              "batter": "DB Sharma",
              "bowler": "S Ishaque",
              "non_striker": "U Chetry",
              "runs": {
                "batter": 1,
                "extras": 0,
                "total": 1
              }
            },
            {
              "batter": "U Chetry",
              "bowler": "S Ishaque",
              "non_striker": "DB Sharma",
              "runs": {
                "batter": 0,
                "extras": 0,
                "total": 0
              }
            },
            {
              "batter": "U Chetry",
              "bowler": "S Ishaque",
              "non_striker": "DB Sharma",
              "runs": {
                "batter": 0,
                "extras": 0,
                "total": 0
              }
            },
            {
              "batter": "U Chetry",
              "bowler": "S Ishaque",
              "non_striker": "DB Sharma",
              "runs": {
                "batter": 1,
                "extras": 0,
                "total": 1
              }
            },
            {
              "batter": "DB Sharma",
              "bowler": "S Ishaque",
              "non_striker": "U Chetry",
              "runs": {
                "batter": 1,
                "extras": 0,
                "total": 1
              }
            },
            {
              "batter": "U Chetry",
              "bowler": "S Ishaque",
              "non_striker": "DB Sharma",
              "runs": {
                "batter": 0,
                "extras": 0,
                "total": 0
              },
              "wickets": [
                {
                  "player_out": "U Chetry",
                  "fielders": [
                    {
                      "name": "S Sajana"
                    }
                  ],
                  "kind": "caught"
                }
              ]
            }
          ]
        },
        {
          "over": 19,
          "deliveries": [
            {
              "batter": "DB Sharma",
              "bowler": "S Sajana",
              "non_striker": "SZ Thakor",
              "runs": {
                "batter": 1,
                "extras": 0,
                "total": 1
              }
            },
            {
              "batter": "SZ Thakor",
              "bowler": "S Sajana",
              "non_striker": "DB Sharma",
              "runs": {
                "batter": 0,
                "extras": 0,
                "total": 0
              },
              "wickets": [
                {
                  "player_out": "SZ Thakor",
                  "fielders": [
                    {
                      "name": "S Ishaque"
                    }
                  ],
                  "kind": "caught"
                }
              ]
            },
            {
              "batter": "RS Gayakwad",
              "bowler": "S Sajana",
              "non_striker": "DB Sharma",
              "runs": {
                "batter": 0,
                "extras": 0,
                "total": 0
              }
            },
            {
              "batter": "RS Gayakwad",
              "bowler": "S Sajana",
              "non_striker": "DB Sharma",
              "runs": {
                "batter": 1,
                "extras": 0,
                "total": 1
              }
            },
            {
              "batter": "DB Sharma",
              "bowler": "S Sajana",
              "non_striker": "RS Gayakwad",
              "runs": {
                "batter": 4,
                "extras": 0,
                "total": 4
              }
            },
            {
              "batter": "DB Sharma",
              "bowler": "S Sajana",
              "non_striker": "RS Gayakwad",
              "runs": {
                "batter": 6,
                "extras": 0,
                "total": 6
              }
            }
          ]
        }
      ],
      "powerplays": [
        {
          "from": 0.1,
          "to": 5.6,
          "type": "mandatory"
        }
      ],
      "target": {
        "overs": 20,
        "runs": 161
      }
    }
  ]
}