{
  "meta": {
    "data_version": "1.1.0",
    "created": "2024-02-27",
    "revision": 1
  },
  "info": {
    "balls_per_over": 6,
    "city": "Bengaluru",
    "dates": [
      "2024-02-26"
    ],
    "event": {
      "name": "Women's Premier League",
      "match_number": 4
    },
    "gender": "female",
    "match_type": "T20",
    "officials": {
      "match_referees": [
        "VR Nagre"
      ],
      "reserve_umpires": [
        "Abhijit Bhattacharya"
      ],
      "tv_umpires": [
        "N Janani"
      ],
      "umpires": [
        "M Krishnadas",
        "PG Pathak"
      ]
    },
    "outcome": {
      "winner": "Delhi Capitals",
      "by": {
        "wickets": 9
      }
    },
    "overs": 20,
    "player_of_match": [
      "M Kapp"
    ],
    "players": {
      "UP Warriorz": [
        "AJ Healy",
        "D Vrinda",
        "TM McGrath",
        "GM Harris",
        "S Sehrawat",
        "KP Navgire",
        "PN Khemnar",
        "DB Sharma",
        "S Ecclestone",
        "G Sultana",
        "RS Gayakwad"
      ],
      "Delhi Capitals": [
        "MM Lanning",
        "Shafali Verma",
        "JI Rodrigues",
        "A Capsey",
        "M Kapp",
        "A Sutherland",
        "A Reddy",
        "M Mani",
        "T Bhatia",
        "RP Yadav",
        "S Pandey"
      ]
    },
    "registry": {
      "people": {
        "A Capsey": "910dd54e",
        "A Reddy": "eadc8924",
        "A Sutherland": "65d9b6b6",
        "AJ Healy": "321644de",
        "Abhijit Bhattacharya": "59ec9638",
        "D Vrinda": "3a015a5f",
        "DB Sharma": "201fef33",
        "G Sultana": "ff227198",
        "GM Harris": "72166006",
        "JI Rodrigues": "cb08b611",
        "KP Navgire": "617a0b79",
        "M Kapp": "63e3b6b3",
        "M Krishnadas": "e298c588",
        "M Mani": "8d1ade08",
        "MM Lanning": "27e003ce",
        "N Janani": "d06a665d",
        "PG Pathak": "9f772ec5",
        "PN Khemnar": "53707c8c",
        "RP Yadav": "6c3aef71",
        "RS Gayakwad": "237ec05b",
        "S Ecclestone": "cdb82f1c",
        "S Pandey": "5463cb7a",
        "S Sehrawat": "0e9d4094",
        "Shafali Verma": "d8f59089",
        "T Bhatia": "211dc1ce",
        "TM McGrath": "ca5acfa4",
        "VR Nagre": "fadaac76"
      }
    },
    "season": "2023/24",
    "team_type": "club",
    "teams": [
      "UP Warriorz",
      "Delhi Capitals"
    ],
    "toss": {
      "decision": "field",
      "winner": "Delhi Capitals"
    },
    "venue": "M Chinnaswamy Stadium, Bengaluru"
  },
  "innings": [
    {
      "team": "UP Warriorz",
      "overs": [
        {
          "over": 0,
          "deliveries": [
            {
              "batter": "AJ Healy",
              "bowler": "M Kapp",
              "non_striker": "D Vrinda",
              "runs": {
                "batter": 0,
                "extras": 0,
                "total": 0
              }
            },
            {
              "batter": "AJ Healy",
              "bowler": "M Kapp",
              "non_striker": "D Vrinda",
              "runs": {
                "batter": 0,
                "extras": 0,
                "total": 0
              }
            },
            {
              "batter": "AJ Healy",
              "bowler": "M Kapp",
              "non_striker": "D Vrinda",
              "runs": {
                "batter": 0,
                "extras": 0,
                "total": 0
              }
            },
            {
              "batter": "AJ Healy",
              "bowler": "M Kapp",
              "non_striker": "D Vrinda",
              "runs": {
                "batter": 0,
                "extras": 0,
                "total": 0
              }
            },
            {
              "batter": "AJ Healy",
              "bowler": "M Kapp",
              "non_striker": "D Vrinda",
              "runs": {
                "batter": 1,
                "extras": 0,
                "total": 1
              }
            },
            {
              "batter": "D Vrinda",
              "bowler": "M Kapp",
              "non_striker": "AJ Healy",
              "runs": {
                "batter": 0,
                "extras": 0,
                "total": 0
              }
            }
          ]
        },
        {
          "over": 1,
          "deliveries": [
            {
              "batter": "AJ Healy",
              "bowler": "S Pandey",
              "non_striker": "D Vrinda",
              "runs": {
                "batter": 0,
                "extras": 0,
                "total": 0
              }
            },
            {
              "batter": "AJ Healy",
              "bowler": "S Pandey",
              "non_striker": "D Vrinda",
              "runs": {
                "batter": 4,
                "extras": 0,
                "total": 4
              }
            },
            {
              "batter": "AJ Healy",
              "bowler": "S Pandey",
              "non_striker": "D Vrinda",
              "runs": {
                "batter": 1,
                "extras": 0,
                "total": 1
              }
            },
            {
              "batter": "D Vrinda",
              "bowler": "S Pandey",
              "non_striker": "AJ Healy",
              "runs": {
                "batter": 0,
                "extras": 0,
                "total": 0
              }
            },
            {
              "batter": "D Vrinda",
              "bowler": "S Pandey",
              "extras": {
                "legbyes": 1
              },
              "non_striker": "AJ Healy",
              "runs": {
                "batter": 0,
                "extras": 1,
                "total": 1
              }
            },
            {
              "batter": "AJ Healy",
              "bowler": "S Pandey",
              "non_striker": "D Vrinda",
              "runs": {
                "batter": 4,
                "extras": 0,
                "total": 4
              }
            }
          ]
        },
        {
          "over": 2,
          "deliveries": [
            {
              "batter": "D Vrinda",
              "bowler": "M Kapp",
              "non_striker": "AJ Healy",
              "runs": {
                "batter": 0,
                "extras": 0,
                "total": 0
              }
            },
            {
              "batter": "D Vrinda",
              "bowler": "M Kapp",
              "non_striker": "AJ Healy",
              "runs": {
                "batter": 0,
                "extras": 0,
                "total": 0
              },
              "wickets": [
                {
                  "player_out": "D Vrinda",
                  "fielders": [
                    {
                      "name": "S Pandey"
                    }
                  ],
                  "kind": "caught"
                }
              ]
            },
            {
              "batter": "TM McGrath",
              "bowler": "M Kapp",
              "non_striker": "AJ Healy",
              "runs": {
                "batter": 0,
                "extras": 0,
                "total": 0
              }
            },
            {
              "batter": "TM McGrath",
              "bowler": "M Kapp",
              "non_striker": "AJ Healy",
              "runs": {
                "batter": 0,
                "extras": 0,
                "total": 0
              }
            },
            {
              "batter": "TM McGrath",
              "bowler": "M Kapp",
              "non_striker": "AJ Healy",
              "runs": {
                "batter": 0,
                "extras": 0,
                "total": 0
              }
            },
            {
              "batter": "TM McGrath",
              "bowler": "M Kapp",
              "non_striker": "AJ Healy",
              "runs": {
                "batter": 0,
                "extras": 0,
                "total": 0
              }
            }
          ]
        },
        {
          "over": 3,
          "deliveries": [
            {
              "batter": "AJ Healy",
              "bowler": "M Mani",
              "non_striker": "TM McGrath",
              "runs": {
                "batter": 2,
                "extras": 0,
                "total": 2
              }
            },
            {
              "batter": "AJ Healy",
              "bowler": "M Mani",
              "non_striker": "TM McGrath",
              "runs": {
                "batter": 1,
                "extras": 0,
                "total": 1
              }
            },
            {
              "batter": "TM McGrath",
              "bowler": "M Mani",
              "non_striker": "AJ Healy",
              "runs": {
                "batter": 0,
                "extras": 0,
                "total": 0
              }
            },
            {
              "batter": "TM McGrath",
              "bowler": "M Mani",
              "non_striker": "AJ Healy",
              "runs": {
                "batter": 0,
                "extras": 0,
                "total": 0
              }
            },
            {
              "batter": "TM McGrath",
              "bowler": "M Mani",
              "non_striker": "AJ Healy",
              "runs": {
                "batter": 1,
                "extras": 0,
                "total": 1
              }
            },
            {
              "batter": "AJ Healy",
              "bowler": "M Mani",
              "non_striker": "TM McGrath",
              "runs": {
                "batter": 0,
                "extras": 0,
                "total": 0
              }
            }
          ]
        },
        {
          "over": 4,
          "deliveries": [
            {
              "batter": "TM McGrath",
              "bowler": "M Kapp",
              "non_striker": "AJ Healy",
              "runs": {
                "batter": 0,
                "extras": 0,
                "total": 0
              },
              "wickets": [
                {
                  "player_out": "TM McGrath",
                  "kind": "bowled"
                }
              ]
            },
            {
              "batter": "GM Harris",
              "bowler": "M Kapp",
              "non_striker": "AJ Healy",
              "runs": {
                "batter": 0,
                "extras": 0,
                "total": 0
              }
            },
            {
              "batter": "GM Harris",
              "bowler": "M Kapp",
              "non_striker": "AJ Healy",
              "runs": {
                "batter": 1,
                "extras": 0,
                "total": 1
              }
            },
            {
              "batter": "AJ Healy",
              "bowler": "M Kapp",
              "non_striker": "GM Harris",
              "runs": {
                "batter": 0,
                "extras": 0,
                "total": 0
              }
            },
            {
              "batter": "AJ Healy",
              "bowler": "M Kapp",
              "non_striker": "GM Harris",
              "runs": {
                "batter": 0,
                "extras": 0,
                "total": 0
              }
            },
            {
              "batter": "AJ Healy",
              "bowler": "M Kapp",
              "non_striker": "GM Harris",
              "runs": {
                "batter": 0,
                "extras": 0,
                "total": 0
              },
              "wickets": [
                {
                  "player_out": "AJ Healy",
                  "fielders": [
                    {
                      "name": "Shafali Verma"
                    }
                  ],
                  "kind": "caught"
                }
              ]
            }
          ]
        },
        {
          "over": 5,
          "deliveries": [
            {
              "batter": "GM Harris",
              "bowler": "S Pandey",
              "non_striker": "S Sehrawat",
              "runs": {
                "batter": 0,
                "extras": 0,
                "total": 0
              }
            },
            {
              "batter": "GM Harris",
              "bowler": "S Pandey",
              "non_striker": "S Sehrawat",
              "runs": {
                "batter": 1,
                "extras": 0,
                "total": 1
              }
            },
            {
              "batter": "S Sehrawat",
              "bowler": "S Pandey",
              "non_striker": "GM Harris",
              "runs": {
                "batter": 0,
                "extras": 0,
                "total": 0
              }
            },
            {
              "batter": "S Sehrawat",
              "bowler": "S Pandey",
              "extras": {
                "wides": 1
              },
              "non_striker": "GM Harris",
              "runs": {
                "batter": 0,
                "extras": 1,
                "total": 1
              }
            },
            {
              "batter": "S Sehrawat",
              "bowler": "S Pandey",
              "extras": {
                "noballs": 1
              },
              "non_striker": "GM Harris",
              "runs": {
                "batter": 0,
                "extras": 1,
                "total": 1
              }
            },
            {
              "batter": "S Sehrawat",
              "bowler": "S Pandey",
              "non_striker": "GM Harris",
              "runs": {
                "batter": 1,
                "extras": 0,
                "total": 1
              }
            },
            {
              "batter": "GM Harris",
              "bowler": "S Pandey",
              "non_striker": "S Sehrawat",
              "runs": {
                "batter": 0,
                "extras": 0,
                "total": 0
              }
            },
            {
              "batter": "GM Harris",
              "bowler": "S Pandey",
              "non_striker": "S Sehrawat",
              "runs": {
                "batter": 1,
                "extras": 0,
                "total": 1
              }
            }
          ]
        },
        {
          "over": 6,
          "deliveries": [
            {
              "batter": "GM Harris",
              "bowler": "M Kapp",
              "non_striker": "S Sehrawat",
              "runs": {
                "batter": 0,
                "extras": 0,
                "total": 0
              }
            },
            {
              "batter": "GM Harris",
              "bowler": "M Kapp",
              "non_striker": "S Sehrawat",
              "runs": {
                "batter": 1,
                "extras": 0,
                "total": 1
              }
            },
            {
              "batter": "S Sehrawat",
              "bowler": "M Kapp",
              "non_striker": "GM Harris",
              "runs": {
                "batter": 0,
                "extras": 0,
                "total": 0
              }
            },
            {
              "batter": "S Sehrawat",
              "bowler": "M Kapp",
              "non_striker": "GM Harris",
              "runs": {
                "batter": 0,
                "extras": 0,
                "total": 0
              }
            },
            {
              "batter": "S Sehrawat",
              "bowler": "M Kapp",
              "non_striker": "GM Harris",
              "runs": {
                "batter": 1,
                "extras": 0,
                "total": 1
              }
            },
            {
              "batter": "GM Harris",
              "bowler": "M Kapp",
              "non_striker": "S Sehrawat",
              "runs": {
                "batter": 1,
                "extras": 0,
                "total": 1
              }
            }
          ]
        },
        {
          "over": 7,
          "deliveries": [
            {
              "batter": "GM Harris",
              "bowler": "A Reddy",
              "non_striker": "S Sehrawat",
              "runs": {
                "batter": 1,
                "extras": 0,
                "total": 1
              }
            },
            {
              "batter": "S Sehrawat",
              "bowler": "A Reddy",
              "non_striker": "GM Harris",
              "runs": {
                "batter": 0,
                "extras": 0,
                "total": 0
              }
            },
            {
              "batter": "S Sehrawat",
              "bowler": "A Reddy",
              "non_striker": "GM Harris",
              "runs": {
                "batter": 0,
                "extras": 0,
                "total": 0
              }
            },
            {
              "batter": "S Sehrawat",
              "bowler": "A Reddy",
              "non_striker": "GM Harris",
              "runs": {
                "batter": 1,
                "extras": 0,
                "total": 1
              }
            },
            {
              "batter": "GM Harris",
              "bowler": "A Reddy",
              "non_striker": "S Sehrawat",
              "runs": {
                "batter": 1,
                "extras": 0,
                "total": 1
              }
            },
            {
              "batter": "S Sehrawat",
              "bowler": "A Reddy",
              "non_striker": "GM Harris",
              "runs": {
                "batter": 0,
                "extras": 0,
                "total": 0
              }
            }
          ]
        },
        {
          "over": 8,
          "deliveries": [
            {
              "batter": "GM Harris",
              "bowler": "A Sutherland",
              "non_striker": "S Sehrawat",
              "runs": {
                "batter": 4,
                "extras": 0,
                "total": 4
              }
            },
            {
              "batter": "GM Harris",
              "bowler": "A Sutherland",
              "non_striker": "S Sehrawat",
              "runs": {
                "batter": 0,
                "extras": 0,
                "total": 0
              }
            },
            {
              "batter": "GM Harris",
              "bowler": "A Sutherland",
              "non_striker": "S Sehrawat",
              "runs": {
                "batter": 0,
                "extras": 0,
                "total": 0
              }
            },
            {
              "batter": "GM Harris",
              "bowler": "A Sutherland",
              "non_striker": "S Sehrawat",
              "runs": {
                "batter": 1,
                "extras": 0,
                "total": 1
              }
            },
            {
              "batter": "S Sehrawat",
              "bowler": "A Sutherland",
              "non_striker": "GM Harris",
              "runs": {
                "batter": 0,
                "extras": 0,
                "total": 0
              }
            },
            {
              "batter": "S Sehrawat",
              "bowler": "A Sutherland",
              "non_striker": "GM Harris",
              "runs": {
                "batter": 1,
                "extras": 0,
                "total": 1
              }
            }
          ]
        },
        {
          "over": 9,
          "deliveries": [
            {
              "batter": "S Sehrawat",
              "bowler": "RP Yadav",
              "extras": {
                "byes": 1
              },
              "non_striker": "GM Harris",
              "runs": {
                "batter": 0,
                "extras": 1,
                "total": 1
              }
            },
            {
              "batter": "GM Harris",
              "bowler": "RP Yadav",
              "non_striker": "S Sehrawat",
              "runs": {
                "batter": 1,
                "extras": 0,
                "total": 1
              }
            },
            {
              "batter": "S Sehrawat",
              "bowler": "RP Yadav",
              "non_striker": "GM Harris",
              "runs": {
                "batter": 1,
                "extras": 0,
                "total": 1
              }
            },
            {
              "batter": "GM Harris",
              "bowler": "RP Yadav",
              "non_striker": "S Sehrawat",
              "runs": {
                "batter": 4,
                "extras": 0,
                "total": 4
              }
            },
            {
              "batter": "GM Harris",
              "bowler": "RP Yadav",
              "non_striker": "S Sehrawat",
              "runs": {
                "batter": 0,
                "extras": 0,
                "total": 0
              },
              "wickets": [
                {
                  "player_out": "GM Harris",
                  "fielders": [
                    {
                      "name": "Shafali Verma"
                    }
                  ],
                  "kind": "caught"
                }
              ]
            },
            {
              "batter": "KP Navgire",
              "bowler": "RP Yadav",
              "non_striker": "S Sehrawat",
              "runs": {
                "batter": 0,
                "extras": 0,
                "total": 0
              }
            }
          ]
        },
        {
          "over": 10,
          "deliveries": [
            {
              "batter": "S Sehrawat",
              "bowler": "A Reddy",
              "non_striker": "KP Navgire",
              "runs": {
                "batter": 2,
                "extras": 0,
                "total": 2
              }
            },
            {
              "batter": "S Sehrawat",
              "bowler": "A Reddy",
              "non_striker": "KP Navgire",
              "runs": {
                "batter": 1,
                "extras": 0,
                "total": 1
              }
            },
            {
              "batter": "KP Navgire",
              "bowler": "A Reddy",
              "extras": {
                "wides": 1
              },
              "non_striker": "S Sehrawat",
              "runs": {
                "batter": 0,
                "extras": 1,
                "total": 1
              }
            },
            {
              "batter": "KP Navgire",
              "bowler": "A Reddy",
              "non_striker": "S Sehrawat",
              "runs": {
                "batter": 1,
                "extras": 0,
                "total": 1
              }
            },
            {
              "batter": "S Sehrawat",
              "bowler": "A Reddy",
              "non_striker": "KP Navgire",
              "runs": {
                "batter": 0,
                "extras": 0,
                "total": 0
              }
            },
            {
              "batter": "S Sehrawat",
              "bowler": "A Reddy",
              "extras": {
                "legbyes": 1
              },
              "non_striker": "KP Navgire",
              "runs": {
                "batter": 0,
                "extras": 1,
                "total": 1
              }
            },
            {
              "batter": "KP Navgire",
              "bowler": "A Reddy",
              "non_striker": "S Sehrawat",
              "runs": {
                "batter": 1,
                "extras": 0,
                "total": 1
              }
            }
          ]
        },
        {
          "over": 11,
          "deliveries": [
            {
              "batter": "KP Navgire",
              "bowler": "RP Yadav",
              "non_striker": "S Sehrawat",
              "runs": {
                "batter": 1,
                "extras": 0,
                "total": 1
              }
            },
            {
              "batter": "S Sehrawat",
              "bowler": "RP Yadav",
              "non_striker": "KP Navgire",
              "runs": {
                "batter": 1,
                "extras": 0,
                "total": 1
              }
            },
            {
              "batter": "KP Navgire",
              "bowler": "RP Yadav",
              "non_striker": "S Sehrawat",
              "runs": {
                "batter": 1,
                "extras": 0,
                "total": 1
              }
            },
            {
              "batter": "S Sehrawat",
              "bowler": "RP Yadav",
              "non_striker": "KP Navgire",
              "runs": {
                "batter": 1,
                "extras": 0,
                "total": 1
              }
            },
            {
              "batter": "KP Navgire",
              "bowler": "RP Yadav",
              "non_striker": "S Sehrawat",
              "runs": {
                "batter": 6,
                "extras": 0,
                "total": 6
              }
            },
            {
              "batter": "KP Navgire",
              "bowler": "RP Yadav",
              "non_striker": "S Sehrawat",
              "runs": {
                "batter": 0,
                "extras": 0,
                "total": 0
              },
              "wickets": [
                {
                  "player_out": "KP Navgire",
                  "kind": "caught and bowled"
                }
              ]
            }
          ]
        },
        {
          "over": 12,
          "deliveries": [
            {
              "batter": "S Sehrawat",
              "bowler": "A Sutherland",
              "non_striker": "PN Khemnar",
              "runs": {
                "batter": 3,
                "extras": 0,
                "total": 3
              }
            },
            {
              "batter": "PN Khemnar",
              "bowler": "A Sutherland",
              "non_striker": "S Sehrawat",
              "runs": {
                "batter": 0,
                "extras": 0,
                "total": 0
              }
            },
            {
              "batter": "PN Khemnar",
              "bowler": "A Sutherland",
              "non_striker": "S Sehrawat",
              "runs": {
                "batter": 0,
                "extras": 0,
                "total": 0
              }
            },
            {
              "batter": "PN Khemnar",
              "bowler": "A Sutherland",
              "non_striker": "S Sehrawat",
              "runs": {
                "batter": 4,
                "extras": 0,
                "total": 4
              }
            },
            {
              "batter": "PN Khemnar",
              "bowler": "A Sutherland",
              "non_striker": "S Sehrawat",
              "runs": {
                "batter": 0,
                "extras": 0,
                "total": 0
              }
            },
            {
              "batter": "PN Khemnar",
              "bowler": "A Sutherland",
              "non_striker": "S Sehrawat",
              "runs": {
                "batter": 0,
                "extras": 0,
                "total": 0
              }
            }
          ]
        },
        {
          "over": 13,
          "deliveries": [
            {
              "batter": "S Sehrawat",
              "bowler": "S Pandey",
              "non_striker": "PN Khemnar",
              "runs": {
                "batter": 0,
                "extras": 0,
                "total": 0
              }
            },
            {
              "batter": "S Sehrawat",
              "bowler": "S Pandey",
              "non_striker": "PN Khemnar",
              "runs": {
                "batter": 4,
                "extras": 0,
                "total": 4
              }
            },
            {
              "batter": "S Sehrawat",
              "bowler": "S Pandey",
              "extras": {
                "legbyes": 1
              },
              "non_striker": "PN Khemnar",
              "runs": {
                "batter": 0,
                "extras": 1,
                "total": 1
              }
            },
            {
              "batter": "PN Khemnar",
              "bowler": "S Pandey",
              "non_striker": "S Sehrawat",
              "runs": {
                "batter": 4,
                "extras": 0,
                "total": 4
              }
            },
            {
              "batter": "PN Khemnar",
              "bowler": "S Pandey",
              "non_striker": "S Sehrawat",
              "runs": {
                "batter": 1,
                "extras": 0,
                "total": 1
              }
            },
            {
              "batter": "S Sehrawat",
              "bowler": "S Pandey",
              "extras": {
                "noballs": 1
              },
              "non_striker": "PN Khemnar",
              "runs": {
                "batter": 4,
                "extras": 1,
                "total": 5
              }
            },
            {
              "batter": "S Sehrawat",
              "bowler": "S Pandey",
              "non_striker": "PN Khemnar",
              "runs": {
                "batter": 0,
                "extras": 0,
                "total": 0
              }
            }
          ]
        },
        {
          "over": 14,
          "deliveries": [
            {
              "batter": "PN Khemnar",
              "bowler": "A Reddy",
              "non_striker": "S Sehrawat",
              "runs": {
                "batter": 1,
                "extras": 0,
                "total": 1
              }
            },
            {
              "batter": "S Sehrawat",
              "bowler": "A Reddy",
              "extras": {
                "wides": 1
              },
              "non_striker": "PN Khemnar",
              "runs": {
                "batter": 0,
                "extras": 1,
                "total": 1
              }
            },
            {
              "batter": "S Sehrawat",
              "bowler": "A Reddy",
              "extras": {
                "wides": 1
              },
              "non_striker": "PN Khemnar",
              "runs": {
                "batter": 0,
                "extras": 1,
                "total": 1
              }
            },
            {
              "batter": "S Sehrawat",
              "bowler": "A Reddy",
              "non_striker": "PN Khemnar",
              "runs": {
                "batter": 2,
                "extras": 0,
                "total": 2
              }
            },
            {
              "batter": "S Sehrawat",
              "bowler": "A Reddy",
              "non_striker": "PN Khemnar",
              "runs": {
                "batter": 0,
                "extras": 0,
                "total": 0
              }
            },
            {
              "batter": "S Sehrawat",
              "bowler": "A Reddy",
              "non_striker": "PN Khemnar",
              "runs": {
                "batter": 1,
                "extras": 0,
                "total": 1
              }
            },
            {
              "batter": "PN Khemnar",
              "bowler": "A Reddy",
              "non_striker": "S Sehrawat",
              "runs": {
                "batter": 0,
                "extras": 0,
                "total": 0
              },
              "wickets": [
                {
                  "player_out": "PN Khemnar",
                  "fielders": [
                    {
                      "name": "S Pandey"
                    }
                  ],
                  "kind": "caught"
                }
              ]
            },
            {
              "batter": "DB Sharma",
              "bowler": "A Reddy",
              "non_striker": "S Sehrawat",
              "runs": {
                "batter": 1,
                "extras": 0,
                "total": 1
              }
            }
          ]
        },
        {
          "over": 15,
          "deliveries": [
            {
              "batter": "DB Sharma",
              "bowler": "M Mani",
              "non_striker": "S Sehrawat",
              "runs": {
                "batter": 1,
                "extras": 0,
                "total": 1
              }
            },
            {
              "batter": "S Sehrawat",
              "bowler": "M Mani",
              "non_striker": "DB Sharma",
              "runs": {
                "batter": 6,
                "extras": 0,
                "total": 6
              }
            },
            {
              "batter": "S Sehrawat",
              "bowler": "M Mani",
              "non_striker": "DB Sharma",
              "runs": {
                "batter": 0,
                "extras": 0,
                "total": 0
              }
            },
            {
              "batter": "S Sehrawat",
              "bowler": "M Mani",
              "non_striker": "DB Sharma",
              "runs": {
                "batter": 2,
                "extras": 0,
                "total": 2
              }
            },
            {
              "batter": "S Sehrawat",
              "bowler": "M Mani",
              "non_striker": "DB Sharma",
              "runs": {
                "batter": 1,
                "extras": 0,
                "total": 1
              }
            },
            {
              "batter": "DB Sharma",
              "bowler": "M Mani",
              "non_striker": "S Sehrawat",
              "runs": {
                "batter": 0,
                "extras": 0,
                "total": 0
              }
            }
          ]
        },
        {
          "over": 16,
          "deliveries": [
            {
              "batter": "S Sehrawat",
              "bowler": "A Sutherland",
              "non_striker": "DB Sharma",
              "runs": {
                "batter": 0,
                "extras": 0,
                "total": 0
              }
            },
            {
              "batter": "S Sehrawat",
              "bowler": "A Sutherland",
              "non_striker": "DB Sharma",
              "runs": {
                "batter": 4,
                "extras": 0,
                "total": 4
              }
            },
            {
              "batter": "S Sehrawat",
              "bowler": "A Sutherland",
              "non_striker": "DB Sharma",
              "runs": {
                "batter": 0,
                "extras": 0,
                "total": 0
              }
            },
            {
              "batter": "S Sehrawat",
              "bowler": "A Sutherland",
              "non_striker": "DB Sharma",
              "runs": {
                "batter": 0,
                "extras": 0,
                "total": 0
              }
            },
            {
              "batter": "S Sehrawat",
              "bowler": "A Sutherland",
              "non_striker": "DB Sharma",
              "runs": {
                "batter": 4,
                "extras": 0,
                "total": 4
              }
            },
            {
              "batter": "S Sehrawat",
              "bowler": "A Sutherland",
              "non_striker": "DB Sharma",
              "runs": {
                "batter": 4,
                "extras": 0,
                "total": 4
              }
            }
          ]
        },
        {
          "over": 17,
          "deliveries": [
            {
              "batter": "DB Sharma",
              "bowler": "RP Yadav",
              "non_striker": "S Sehrawat",
              "runs": {
                "batter": 1,
                "extras": 0,
                "total": 1
              }
            },
            {
              "batter": "S Sehrawat",
              "bowler": "RP Yadav",
              "non_striker": "DB Sharma",
              "runs": {
                "batter": 0,
                "extras": 0,
                "total": 0
              }
            },
            {
              "batter": "S Sehrawat",
              "bowler": "RP Yadav",
              "non_striker": "DB Sharma",
              "runs": {
                "batter": 0,
                "extras": 0,
                "total": 0
              }
            },
            {
              "batter": "S Sehrawat",
              "bowler": "RP Yadav",
              "non_striker": "DB Sharma",
              "runs": {
                "batter": 0,
                "extras": 0,
                "total": 0
              },
              "wickets": [
                {
                  "player_out": "S Sehrawat",
                  "fielders": [
                    {
                      "name": "T Bhatia"
                    }
                  ],
                  "kind": "stumped"
                }
              ]
            },
            {
              "batter": "S Ecclestone",
              "bowler": "RP Yadav",
              "non_striker": "DB Sharma",
              "runs": {
                "batter": 1,
                "extras": 0,
                "total": 1
              }
            },
            {
              "batter": "DB Sharma",
              "bowler": "RP Yadav",
              "non_striker": "S Ecclestone",
              "runs": {
                "batter": 1,
                "extras": 0,
                "total": 1
              }
            }
          ]
        },
        {
          "over": 18,
          "deliveries": [
            {
              "batter": "DB Sharma",
              "bowler": "A Sutherland",
              "non_striker": "S Ecclestone",
              "runs": {
                "batter": 1,
                "extras": 0,
                "total": 1
              }
            },
            {
              "batter": "S Ecclestone",
              "bowler": "A Sutherland",
              "non_striker": "DB Sharma",
              "runs": {
                "batter": 2,
                "extras": 0,
                "total": 2
              }
            },
            {
              "batter": "S Ecclestone",
              "bowler": "A Sutherland",
              "non_striker": "DB Sharma",
              "runs": {
                "batter": 2,
                "extras": 0,
                "total": 2
              }
            },
            {
              "batter": "S Ecclestone",
              "bowler": "A Sutherland",
              "non_striker": "DB Sharma",
              "runs": {
                "batter": 1,
                "extras": 0,
                "total": 1
              }
            },
            {
              "batter": "DB Sharma",
              "bowler": "A Sutherland",
              "non_striker": "S Ecclestone",
              "runs": {
                "batter": 0,
                "extras": 0,
                "total": 0
              },
              "wickets": [
                {
                  "player_out": "DB Sharma",
                  "fielders": [
                    {
                      "name": "M Kapp"
                    }
                  ],
                  "kind": "caught"
                }
              ]
            },
            {
              "batter": "G Sultana",
              "bowler": "A Sutherland",
              "non_striker": "S Ecclestone",
              "runs": {
                "batter": 1,
                "extras": 0,
                "total": 1
              }
            }
          ]
        },
        {
          "over": 19,
          "deliveries": [
            {
              "batter": "G Sultana",
              "bowler": "RP Yadav",
              "non_striker": "S Ecclestone",
              "runs": {
                "batter": 0,
                "extras": 0,
                "total": 0
              }
            },
            {
              "batter": "G Sultana",
              "bowler": "RP Yadav",
              "non_striker": "S Ecclestone",
              "runs": {
                "batter": 0,
                "extras": 0,
                "total": 0
              }
            },
            {
              "batter": "G Sultana",
              "bowler": "RP Yadav",
              "non_striker": "S Ecclestone",
              "runs": {
                "batter": 0,
                "extras": 0,
                "total": 0
              }
            },
            {
              "batter": "G Sultana",
              "bowler": "RP Yadav",
              "non_striker": "S Ecclestone",
              "runs": {
                "batter": 1,
                "extras": 0,
                "total": 1
              }
            },
            {
              "batter": "S Ecclestone",
              "bowler": "RP Yadav",
              "non_striker": "G Sultana",
              "runs": {
                "batter": 0,
                "extras": 0,
                "total": 0
              }
            },
            {
              "batter": "S Ecclestone",
              "bowler": "RP Yadav",
              "non_striker": "G Sultana",
              "runs": {
                "batter": 0,
                "extras": 0,
                "total": 0
              },
              "wickets": [
                {
                  "player_out": "S Ecclestone",
                  "fielders": [
                    {
                      "name": "MM Lanning"
                    }
                  ],
                  "kind": "caught"
                }
              ]
            }
          ]
        }
      ],
      "powerplays": [
        {
          "from": 0.1,
          "to": 5.8,
          "type": "mandatory"
        }
      ]
    },
    {
      "team": "Delhi Capitals",
      "overs": [
        {
          "over": 0,
          "deliveries": [
            {
              "batter": "MM Lanning",
              "bowler": "S Ecclestone",
              "non_striker": "Shafali Verma",
              "runs": {
                "batter": 0,
                "extras": 0,
                "total": 0
              }
            },
            {
              "batter": "MM Lanning",
              "bowler": "S Ecclestone",
              "non_striker": "Shafali Verma",
              "runs": {
                "batter": 2,
                "extras": 0,
                "total": 2
              }
            },
            {
              "batter": "MM Lanning",
              "bowler": "S Ecclestone",
              "non_striker": "Shafali Verma",
              "runs": {
                "batter": 1,
                "extras": 0,
                "total": 1
              }
            },
            {
              "batter": "Shafali Verma",
              "bowler": "S Ecclestone",
              "non_striker": "MM Lanning",
              "runs": {
                "batter": 0,
                "extras": 0,
                "total": 0
              }
            },
            {
              "batter": "Shafali Verma",
              "bowler": "S Ecclestone",
              "non_striker": "MM Lanning",
              "runs": {
                "batter": 0,
                "extras": 0,
                "total": 0
              }
            },
            {
              "batter": "Shafali Verma",
              "bowler": "S Ecclestone",
              "non_striker": "MM Lanning",
              "runs": {
                "batter": 4,
                "extras": 0,
                "total": 4
              }
            }
          ]
        },
        {
          "over": 1,
          "deliveries": [
            {
              "batter": "MM Lanning",
              "bowler": "TM McGrath",
              "non_striker": "Shafali Verma",
              "runs": {
                "batter": 2,
                "extras": 0,
                "total": 2
              }
            },
            {
              "batter": "MM Lanning",
              "bowler": "TM McGrath",
              "non_striker": "Shafali Verma",
              "runs": {
                "batter": 0,
                "extras": 0,
                "total": 0
              }
            },
            {
              "batter": "MM Lanning",
              "bowler": "TM McGrath",
              "non_striker": "Shafali Verma",
              "runs": {
                "batter": 4,
                "extras": 0,
                "total": 4
              }
            },
            {
              "batter": "MM Lanning",
              "bowler": "TM McGrath",
              "non_striker": "Shafali Verma",
              "runs": {
                "batter": 0,
                "extras": 0,
                "total": 0
              }
            },
            {
              "batter": "MM Lanning",
              "bowler": "TM McGrath",
              "non_striker": "Shafali Verma",
              "runs": {
                "batter": 1,
                "extras": 0,
                "total": 1
              }
            },
            {
              "batter": "Shafali Verma",
              "bowler": "TM McGrath",
              "non_striker": "MM Lanning",
              "runs": {
                "batter": 4,
                "extras": 0,
                "total": 4
              }
            }
          ]
        },
        {
          "over": 2,
          "deliveries": [
            {
              "batter": "MM Lanning",
              "bowler": "G Sultana",
              "non_striker": "Shafali Verma",
              "runs": {
                "batter": 1,
                "extras": 0,
                "total": 1
              }
            },
            {
              "batter": "Shafali Verma",
              "bowler": "G Sultana",
              "non_striker": "MM Lanning",
              "runs": {
                "batter": 0,
                "extras": 0,
                "total": 0
              }
            },
            {
              "batter": "Shafali Verma",
              "bowler": "G Sultana",
              "non_striker": "MM Lanning",
              "runs": {
                "batter": 6,
                "extras": 0,
                "total": 6
              }
            },
            {
              "batter": "Shafali Verma",
              "bowler": "G Sultana",
              "extras": {
                "wides": 1
              },
              "non_striker": "MM Lanning",
              "runs": {
                "batter": 0,
                "extras": 1,
                "total": 1
              }
            },
            {
              "batter": "Shafali Verma",
              "bowler": "G Sultana",
              "non_striker": "MM Lanning",
              "runs": {
                "batter": 0,
                "extras": 0,
                "total": 0
              }
            },
            {
              "batter": "Shafali Verma",
              "bowler": "G Sultana",
              "non_striker": "MM Lanning",
              "runs": {
                "batter": 1,
                "extras": 0,
                "total": 1
              }
            },
            {
              "batter": "MM Lanning",
              "bowler": "G Sultana",
              "non_striker": "Shafali Verma",
              "runs": {
                "batter": 0,
                "extras": 0,
                "total": 0
              }
            }
          ]
        },
        {
          "over": 3,
          "deliveries": [
            {
              "batter": "Shafali Verma",
              "bowler": "DB Sharma",
              "non_striker": "MM Lanning",
              "runs": {
                "batter": 1,
                "extras": 0,
                "total": 1
              }
            },
            {
              "batter": "MM Lanning",
              "bowler": "DB Sharma",
              "non_striker": "Shafali Verma",
              "runs": {
                "batter": 1,
                "extras": 0,
                "total": 1
              }
            },
            {
              "batter": "Shafali Verma",
              "bowler": "DB Sharma",
              "non_striker": "MM Lanning",
              "runs": {
                "batter": 1,
                "extras": 0,
                "total": 1
              }
            },
            {
              "batter": "MM Lanning",
              "bowler": "DB Sharma",
              "non_striker": "Shafali Verma",
              "runs": {
                "batter": 1,
                "extras": 0,
                "total": 1
              }
            },
            {
              "batter": "Shafali Verma",
              "bowler": "DB Sharma",
              "non_striker": "MM Lanning",
              "runs": {
                "batter": 0,
                "extras": 0,
                "total": 0
              }
            },
            {
              "batter": "Shafali Verma",
              "bowler": "DB Sharma",
              "non_striker": "MM Lanning",
              "runs": {
                "batter": 4,
                "extras": 0,
                "total": 4
              }
            }
          ]
        },
        {
          "over": 4,
          "deliveries": [
            {
              "batter": "MM Lanning",
              "bowler": "RS Gayakwad",
              "non_striker": "Shafali Verma",
              "runs": {
                "batter": 1,
                "extras": 0,
                "total": 1
              }
            },
            {
              "batter": "Shafali Verma",
              "bowler": "RS Gayakwad",
              "non_striker": "MM Lanning",
              "runs": {
                "batter": 0,
                "extras": 0,
                "total": 0
              }
            },
            {
              "batter": "Shafali Verma",
              "bowler": "RS Gayakwad",
              "non_striker": "MM Lanning",
              "runs": {
                "batter": 1,
                "extras": 0,
                "total": 1
              }
            },
            {
              "batter": "MM Lanning",
              "bowler": "RS Gayakwad",
              "non_striker": "Shafali Verma",
              "runs": {
                "batter": 1,
                "extras": 0,
                "total": 1
              }
            },
            {
              "batter": "Shafali Verma",
              "bowler": "RS Gayakwad",
              "non_striker": "MM Lanning",
              "runs": {
                "batter": 4,
                "extras": 0,
                "total": 4
              }
            },
            {
              "batter": "Shafali Verma",
              "bowler": "RS Gayakwad",
              "non_striker": "MM Lanning",
              "runs": {
                "batter": 1,
                "extras": 0,
                "total": 1
              }
            }
          ]
        },
        {
          "over": 5,
          "deliveries": [
            {
              "batter": "Shafali Verma",
              "bowler": "TM McGrath",
              "non_striker": "MM Lanning",
              "runs": {
                "batter": 0,
                "extras": 0,
                "total": 0
              }
            },
            {
              "batter": "Shafali Verma",
              "bowler": "TM McGrath",
              "non_striker": "MM Lanning",
              "runs": {
                "batter": 4,
                "extras": 0,
                "total": 4
              }
            },
            {
              "batter": "Shafali Verma",
              "bowler": "TM McGrath",
              "non_striker": "MM Lanning",
              "runs": {
                "batter": 0,
                "extras": 0,
                "total": 0
              }
            },
            {
              "batter": "Shafali Verma",
              "bowler": "TM McGrath",
              "non_striker": "MM Lanning",
              "runs": {
                "batter": 4,
                "extras": 0,
                "total": 4
              }
            },
            {
              "batter": "Shafali Verma",
              "bowler": "TM McGrath",
              "non_striker": "MM Lanning",
              "runs": {
                "batter": 6,
                "extras": 0,
                "total": 6
              }
            },
            {
              "batter": "Shafali Verma",
              "bowler": "TM McGrath",
              "non_striker": "MM Lanning",
              "runs": {
                "batter": 0,
                "extras": 0,
                "total": 0
              }
            }
          ]
        },
        {
          "over": 6,
          "deliveries": [
            {
              "batter": "MM Lanning",
              "bowler": "RS Gayakwad",
              "non_striker": "Shafali Verma",
              "runs": {
                "batter": 0,
                "extras": 0,
                "total": 0
              }
            },
            {
              "batter": "MM Lanning",
              "bowler": "RS Gayakwad",
              "non_striker": "Shafali Verma",
              "runs": {
                "batter": 1,
                "extras": 0,
                "total": 1
              }
            },
            {
              "batter": "Shafali Verma",
              "bowler": "RS Gayakwad",
              "non_striker": "MM Lanning",
              "runs": {
                "batter": 1,
                "extras": 0,
                "total": 1
              }
            },
            {
              "batter": "MM Lanning",
              "bowler": "RS Gayakwad",
              "non_striker": "Shafali Verma",
              "runs": {
                "batter": 0,
                "extras": 0,
                "total": 0
              }
            },
            {
              "batter": "MM Lanning",
              "bowler": "RS Gayakwad",
              "non_striker": "Shafali Verma",
              "runs": {
                "batter": 0,
                "extras": 0,
                "total": 0
              }
            },
            {
              "batter": "MM Lanning",
              "bowler": "RS Gayakwad",
              "non_striker": "Shafali Verma",
              "runs": {
                "batter": 4,
                "extras": 0,
                "total": 4
              }
            }
          ]
        },
        {
          "over": 7,
          "deliveries": [
            {
              "batter": "Shafali Verma",
              "bowler": "DB Sharma",
              "non_striker": "MM Lanning",
              "runs": {
                "batter": 1,
                "extras": 0,
                "total": 1
              }
            },
            {
              "batter": "MM Lanning",
              "bowler": "DB Sharma",
              "non_striker": "Shafali Verma",
              "runs": {
                "batter": 1,
                "extras": 0,
                "total": 1
              }
            },
            {
              "batter": "Shafali Verma",
              "bowler": "DB Sharma",
              "non_striker": "MM Lanning",
              "runs": {
                "batter": 0,
                "extras": 0,
                "total": 0
              }
            },
            {
              "batter": "Shafali Verma",
              "bowler": "DB Sharma",
              "non_striker": "MM Lanning",
              "runs": {
                "batter": 1,
                "extras": 0,
                "total": 1
              }
            },
            {
              "batter": "MM Lanning",
              "bowler": "DB Sharma",
              "non_striker": "Shafali Verma",
              "runs": {
                "batter": 1,
                "extras": 0,
                "total": 1
              }
            },
            {
              "batter": "Shafali Verma",
              "bowler": "DB Sharma",
              "non_striker": "MM Lanning",
              "runs": {
                "batter": 1,
                "extras": 0,
                "total": 1
              }
            }
          ]
        },
        {
          "over": 8,
          "deliveries": [
            {
              "batter": "Shafali Verma",
              "bowler": "S Ecclestone",
              "non_striker": "MM Lanning",
              "runs": {
                "batter": 0,
                "extras": 0,
                "total": 0
              }
            },
            {
              "batter": "Shafali Verma",
              "bowler": "S Ecclestone",
              "non_striker": "MM Lanning",
              "runs": {
                "batter": 1,
                "extras": 0,
                "total": 1
              }
            },
            {
              "batter": "MM Lanning",
              "bowler": "S Ecclestone",
              "non_striker": "Shafali Verma",
              "runs": {
                "batter": 1,
                "extras": 0,
                "total": 1
              }
            },
            {
              "batter": "Shafali Verma",
              "bowler": "S Ecclestone",
              "non_striker": "MM Lanning",
              "runs": {
                "batter": 1,
                "extras": 0,
                "total": 1
              }
            },
            {
              "batter": "MM Lanning",
              "bowler": "S Ecclestone",
              "non_striker": "Shafali Verma",
              "runs": {
                "batter": 4,
                "extras": 0,
                "total": 4
              }
            },
            {
              "batter": "MM Lanning",
              "bowler": "S Ecclestone",
              "extras": {
                "wides": 1
              },
              "non_striker": "Shafali Verma",
              "runs": {
                "batter": 0,
                "extras": 1,
                "total": 1
              }
            },
            {
              "batter": "MM Lanning",
              "bowler": "S Ecclestone",
              "non_striker": "Shafali Verma",
              "runs": {
                "batter": 0,
                "extras": 0,
                "total": 0
              }
            }
          ]
        },
        {
          "over": 9,
          "deliveries": [
            {
              "batter": "Shafali Verma",
              "bowler": "G Sultana",
              "non_striker": "MM Lanning",
              "runs": {
                "batter": 0,
                "extras": 0,
                "total": 0
              }
            },
            {
              "batter": "Shafali Verma",
              "bowler": "G Sultana",
              "non_striker": "MM Lanning",
              "runs": {
                "batter": 1,
                "extras": 0,
                "total": 1
              }
            },
            {
              "batter": "MM Lanning",
              "bowler": "G Sultana",
              "non_striker": "Shafali Verma",
              "runs": {
                "batter": 4,
                "extras": 0,
                "total": 4
              }
            },
            {
              "batter": "MM Lanning",
              "bowler": "G Sultana",
              "non_striker": "Shafali Verma",
              "runs": {
                "batter": 0,
                "extras": 0,
                "total": 0
              }
            },
            {
              "batter": "MM Lanning",
              "bowler": "G Sultana",
              "non_striker": "Shafali Verma",
              "runs": {
                "batter": 1,
                "extras": 0,
                "total": 1
              }
            },
            {
              "batter": "Shafali Verma",
              "bowler": "G Sultana",
              "non_striker": "MM Lanning",
              "runs": {
                "batter": 0,
                "extras": 0,
                "total": 0
              }
            }
          ]
        },
        {
          "over": 10,
          "deliveries": [
            {
              "batter": "MM Lanning",
              "bowler": "S Ecclestone",
              "non_striker": "Shafali Verma",
              "runs": {
                "batter": 0,
                "extras": 0,
                "total": 0
              }
            },
            {
              "batter": "MM Lanning",
              "bowler": "S Ecclestone",
              "non_striker": "Shafali Verma",
              "runs": {
                "batter": 0,
                "extras": 0,
                "total": 0
              }
            },
            {
              "batter": "MM Lanning",
              "bowler": "S Ecclestone",
              "non_striker": "Shafali Verma",
              "runs": {
                "batter": 4,
                "extras": 0,
                "total": 4
              }
            },
            {
              "batter": "MM Lanning",
              "bowler": "S Ecclestone",
              "non_striker": "Shafali Verma",
              "runs": {
                "batter": 4,
                "extras": 0,
                "total": 4
              }
            },
            {
              "batter": "MM Lanning",
              "bowler": "S Ecclestone",
              "non_striker": "Shafali Verma",
              "runs": {
                "batter": 1,
                "extras": 0,
                "total": 1
              }
            },
            {
              "batter": "Shafali Verma",
              "bowler": "S Ecclestone",
              "extras": {
                "wides": 1
              },
              "non_striker": "MM Lanning",
              "runs": {
                "batter": 0,
                "extras": 1,
                "total": 1
              }
            },
            {
              "batter": "Shafali Verma",
              "bowler": "S Ecclestone",
              "extras": {
                "byes": 1
              },
              "non_striker": "MM Lanning",
              "runs": {
                "batter": 0,
                "extras": 1,
                "total": 1
              }
            }
          ]
        },
        {
          "over": 11,
          "deliveries": [
            {
              "batter": "Shafali Verma",
              "bowler": "DB Sharma",
              "non_striker": "MM Lanning",
              "runs": {
                "batter": 1,
                "extras": 0,
                "total": 1
              }
            },
            {
              "batter": "MM Lanning",
              "bowler": "DB Sharma",
              "non_striker": "Shafali Verma",
              "runs": {
                "batter": 0,
                "extras": 0,
                "total": 0
              }
            },
            {
              "batter": "MM Lanning",
              "bowler": "DB Sharma",
              "non_striker": "Shafali Verma",
              "runs": {
                "batter": 2,
                "extras": 0,
                "total": 2
              }
            },
            {
              "batter": "MM Lanning",
              "bowler": "DB Sharma",
              "non_striker": "Shafali Verma",
              "runs": {
                "batter": 1,
                "extras": 0,
                "total": 1
              }
            },
            {
              "batter": "Shafali Verma",
              "bowler": "DB Sharma",
              "non_striker": "MM Lanning",
              "runs": {
                "batter": 6,
                "extras": 0,
                "total": 6
              }
            },
            {
              "batter": "Shafali Verma",
              "bowler": "DB Sharma",
              "non_striker": "MM Lanning",
              "runs": {
                "batter": 1,
                "extras": 0,
                "total": 1
              }
            }
          ]
        },
        {
          "over": 12,
          "deliveries": [
            {
              "batter": "Shafali Verma",
              "bowler": "RS Gayakwad",
              "non_striker": "MM Lanning",
              "runs": {
                "batter": 1,
                "extras": 0,
                "total": 1
              }
            },
            {
              "batter": "MM Lanning",
              "bowler": "RS Gayakwad",
              "non_striker": "Shafali Verma",
              "runs": {
                "batter": 2,
                "extras": 0,
                "total": 2
              }
            },
            {
              "batter": "MM Lanning",
              "bowler": "RS Gayakwad",
              "non_striker": "Shafali Verma",
              "runs": {
                "batter": 1,
                "extras": 0,
                "total": 1
              }
            },
            {
              "batter": "Shafali Verma",
              "bowler": "RS Gayakwad",
              "non_striker": "MM Lanning",
              "runs": {
                "batter": 1,
                "extras": 0,
                "total": 1
              }
            },
            {
              "batter": "MM Lanning",
              "bowler": "RS Gayakwad",
              "non_striker": "Shafali Verma",
              "runs": {
                "batter": 0,
                "extras": 0,
                "total": 0
              }
            },
            {
              "batter": "MM Lanning",
              "bowler": "RS Gayakwad",
              "non_striker": "Shafali Verma",
              "runs": {
                "batter": 1,
                "extras": 0,
                "total": 1
              }
            }
          ]
        },
        {
          "over": 13,
          "deliveries": [
            {
              "batter": "MM Lanning",
              "bowler": "PN Khemnar",
              "non_striker": "Shafali Verma",
              "runs": {
                "batter": 0,
                "extras": 0,
                "total": 0
              }
            },
            {
              "batter": "MM Lanning",
              "bowler": "PN Khemnar",
              "non_striker": "Shafali Verma",
              "runs": {
                "batter": 1,
                "extras": 0,
                "total": 1
              }
            },
            {
              "batter": "Shafali Verma",
              "bowler": "PN Khemnar",
              "non_striker": "MM Lanning",
              "runs": {
                "batter": 6,
                "extras": 0,
                "total": 6
              }
            },
            {
              "batter": "Shafali Verma",
              "bowler": "PN Khemnar",
              "non_striker": "MM Lanning",
              "runs": {
                "batter": 0,
                "extras": 0,
                "total": 0
              }
            },
            {
              "batter": "Shafali Verma",
              "bowler": "PN Khemnar",
              "non_striker": "MM Lanning",
              "runs": {
                "batter": 0,
                "extras": 0,
                "total": 0
              }
            },
            {
              "batter": "Shafali Verma",
              "bowler": "PN Khemnar",
              "non_striker": "MM Lanning",
              "runs": {
                "batter": 0,
                "extras": 0,
                "total": 0
              }
            }
          ]
        },
        {
          "over": 14,
          "deliveries": [
            {
              "batter": "MM Lanning",
              "bowler": "S Ecclestone",
              "non_striker": "Shafali Verma",
              "runs": {
                "batter": 2,
                "extras": 0,
                "total": 2
              }
            },
            {
              "batter": "MM Lanning",
              "bowler": "S Ecclestone",
              "non_striker": "Shafali Verma",
              "runs": {
                "batter": 0,
                "extras": 0,
                "total": 0
              },
              "wickets": [
                {
                  "player_out": "MM Lanning",
                  "fielders": [
                    {
                      "name": "D Vrinda"
                    }
                  ],
                  "kind": "caught"
                }
              ]
            },
            {
              "batter": "JI Rodrigues",
              "bowler": "S Ecclestone",
              "non_striker": "Shafali Verma",
              "runs": {
                "batter": 4,
                "extras": 0,
                "total": 4
              }
            }
          ]
        }
      ],
      "powerplays": [
        {
          "from": 0.1,
          "to": 5.6,
          "type": "mandatory"
        }
      ],
      "target": {
        "overs": 20,
        "runs": 120
      }
    }
  ]
}